10585593
10601603
10601819
10607702
10616093
10616096
10616524
10629611
10634522
10636166
10639573
10640425
10644332
10644997
10649259
10652423
10653004
10653164
10653880
10654002
10656438
10656729
10659018
10659757
10660492
10661582
10663493
10663630
10665922
10666371
10667564
10667596
10668734
10669004
10669005
10669277
10671669
10671675
10672319
10672424
10673511
10674492
10675224
10676646
10678352
10678364
10680817
10686592
10687133
10688750
10690557
10690719
10690720
10690732
10690733
10691731
10696025
10698513
10699477
10700009
10701529
10701774
10704764
10706092
10706774
10711581
10713194
10715295
10716332
10717633
10719174
10719363
10720483
10721258
10723692
10725459
10726692
10728679
10728698
10728703
10728706
10730637
10734316
10735896
10736064
10736069
10736070
10736214
10737594
10737632
10741723
10741908
10742153
10744032
10744036
10746610
10748903
10749143
10749588
10751251
10751490
10752659
10755316
10757025
10757313
10758320
10760511
10761264
10761656
10761663
10761668
10763119
10764042
10764044
10766737
10767381
10768631
10769645
10769671
10769704
10769716
10773252
10773729
10776976
10778979
10779693
10782896
10783396
10785254
10786698
10790718
10799354
10800029
10800092
10802377
10802381
10802656
10804086
10805101
10805102
10806212
10806325
10807244
10809486
10810343
10811498
10811871
10812391
10819861
10820158
10820293
10820357
10820358
10821499
10822300
10823626
10825181
10825469
10825522
10830727
10836301
10836712
10837937
10837968
10839259
10840280
10840825
10841074
10841402
10843501
10845723
10845724
10845725
10847458
10847645
10850866
10851250
10853323
10853818
10854129
10854567
10854660
10861501
10861876
10862055
10864035
10864038
10864205
10866314
10866344
10866347
10866349
10866379
10867646
10870063
10872152
10873064
10873070
10873099
10873600
10874141
10874145
10874684
10874685
10875907
10875973
10877524
10878445
10879747
10880725
10880761
10880769
10884881
10884891
10885607
10885623
10887117
10887968
10890917
10894364
10894366
10894368
10895165
10896201
10896202
10896207
10898538
10898803
10901232
10902851
10902853
10902854
10902856
10910075
10910140
10911737
10912355
10912927
10914698
10914743
10914816
10914918
10917203
10917208
10918609
10920229
10923098
10926373
10927143
10928091
10928154
10928985
10929275
10930101
10930102
10931365
10931464
10931687
10933231
10933914
10933931
10934288
10935217
10935223
10935510
10936048
10936050
10936087
10936178
10936678
10936787
10937762
10938390
10938585
10940488
10940516
10941917
10942719
10942837
10944466
10944597
10945642
10946814
10947938
10948344
10949436
10949437
10949938
10952023
10952058
10952103
10953355
10955823
10955872
10956415
10958682
10962435
10962556
10962567
10963898
10965803
10973261
10974456
10974570
10974663
10980594
10980610
10981748
10982006
10982151
10982156
10984457
10986556
10987250
10987308
10997434
10998333
11000577
11003273
11005565
11006118
11006951
11008214
11014540
11016641
11017044
11020581
11025448
11026691
11026699
11029226
11029499
11029524
11032594
11032871
11034104
11038250
11038252
11038359
11039343
11041203
11042701
11044350
11045018
11048748
11050475
11051233
11051241
11051264
11052816
11054565
11056178
11059670
11059674
11059767
11059786
11060737
11060795
11060800
11061342
11062755
11063794
11066055
11068994
11069947
11070094
11072174
11072246
11075777
11077095
11077461
11078219
11078429
11078500
11078722
11078921
11079472
11083071
11083072
11083073
11083074
11083075
11083079
11083545
11084679
11085395
11085531
11086806
11086825
11087732
11088567
11089829
11090962
11091126
11091968
11092528
11092616
11092977
11093811
11095486
11096443
11097520
11097528
11100817
11100818
11100820
11101006
11102805
11103824
11103934
11103942
11105714
11106550
11106817
11107130
11108172
11108795
11109793
11110418
11114721
11115541
11115578
11117551
11117842
11117863
11117865
11118044
11118312
11121212
11121536
11121633
11121634
11123431
11123719
11123721
11126911
11128302
11129288
11129334
11129740
11129979
11130336
11131676
11131986
11131988
11132923
11132930
11132932
11133047
11135549
11137571
11138924
11139340
11139371
11142686
11143260
11145198
11145202
11145236
11146166
11147296
11148082
11148250
11149242
11149755
11150651
11151683
11152340
11152346
11153144
11153692
11154809
11154873
11155063
11156378
11156382
11158891
11161003
11162641
11163499
11164186
11170177
11171051
11172594
11172596
11172602
11174066
11180090
11180508
11181676
11182560
11182644
11182788
11185748
11185959
11193027
11194904
11196192
11196193
11197665
11199225
11201639
11202177
11204276
11204498
11205252
11205286
11205914
11206009
11206010
11206011
11207049
11208845
11208846
11208850
11208922
11210174
11212277
11212876
11212898
11212902
11214625
11216919
11217446
11218033
11220379
11220693
11221842
11221866
11221871
11222778
11226253
11228099
11230646
11234878
11234899
11235948
11235950
11235952
11235989
11236002
11238039
11238063
11238734
11238743
11238874
11240258
11241418
11241419
11241742
11242224
11245281
11246560
11248220
11249507
11249582
11249709
11250155
11250947
11251398
11251954
11252298
11252356
11253051
11257112
11259118
11260663
11261095
11263502
11263503
11263860
11265231
11267863
11267921
11269942
11270552
11270553
11273008
11274552
11277408
11277580
11278628
11279054
11279616
11280727
11280752
11280773
11280780
11280781
11283316
11284014
11287092
11289107
11289157
11289159
11290570
11291041
11291128
11295051
11295068
11295854
11296484
11296485
11297250
11297259
11297260
11297689
11299000
11299423
11299733
11299749
11299783
11300334
11300335
11300934
11301393
11302248
11302250
11302251
11302252
11302335
11302336
11302337
11302659
11302687
11303243
11303381
11303619
11303621
11303623
11303624
11303625
11303626
11303791
11304041
11304469
11304695
11305411
11305413
11305415
11305755
11306484
11306486
11306491
11307624
11307852
11309335
11313257
11313826
11313993
11314047
11314768
11315098
11318115
11319176
11319800
11322447
11322457
11322796
11323115
11325454
11327289
11327556
11328534
11331324
11332080
11333301
11333900
11335794
11336080
11337525
11338180
11341043
11341977
11342222
11342691
11342692
11344836
11345714
11345716
11345717
11349882
11350127
11350911
11350915
11351043
11351283
11352644
11352915
11354372
11354416
11355148
11355300
11355302
11355303
11355304
11355942
11358811
11358819
11358820
11358844
11358846
11358855
11358858
11359113
11360371
11367542
11368149
11370829
11372554
11376945
11380241
11381677
11384510
11386406
11386408
11386410
11386412
11388567
11389063
11389066
11389071
11389098
11390357
11390472
11391622
11395247
11396738
11398836
11400649
11401212
11402046
11403173
11403705
11404025
11406556
11407598
11409526
11411866
11415902
11416216
11420667
11420694
11423976
11423979
11429220
11431328
11432670
11432722
11432836
11432894
11433397
11436207
11436353
11436358
11437767
11438483
11439092
11439103
11439329
11440032
11440439
11440464
11445248
11445852
11445872
11446316
11447050
11448065
11448932
11453385
11453404
11454673
11454714
11455200
11455962
11457493
11458278
11458279
11459088
11459622
11460918
11462296
11463802
11464277
11465394
11466698
11468694
11471203
11471487
11473181
11477137
11477557
11477651
11477666
11478954
11479019
11479198
11479224
11482803
11483672
11483687
11489141
11489279
11489483
11489830
11489835
11494030
11494041
11494043
11494119
11495004
11495589
11496325
11498420
11500033
11501750
11504314
11504770
11506489
11508810
11508812
11508813
11508816
11510963
11511795
11511902
11511919
11512585
11514572
11515790
11516858
11516860
11516861
11517969
11517972
11517976
11519850
11519853
11519855
11519856
11519857
11520599
11521196
11525567
11532160
11532426
11533154
11533530
11534673
11534721
11535237
11535709
11536051
11544905
11546569
11547943
11547944
11549271
11550133
11550138
11550257
11551583
11553418
11554295
11556543
11559492
11559499
11559524
11559533
11559565
11559822
11561758
11562303
11563094
11563632
11565870
11565871
11567815
11568904
11571534
11571537
11571655
11571779
11576846
11578729
11583578
11584184
11584892
11584893
11584894
11590140
11590458
11592348
11593297
11593335
11593409
11594730
11595754
11596115
11596960
11596968
11599032
11599126
11604247
11606370
11606386
11606412
11642612
11668476
11673595
11673662
11678404
11678424
11678427
11678429
11678430
11681312
11683042
11683943
11684721
11685518
11685622
11687610
11687902
11687965
11688964
11688967
11689639
11691821
11696886
11696889
11697326
11697816
11699553
11701945
11702633
11702874
11703362
11704317
11704318
11704826
11704829
11706399
11706939
11710837
11711810
11713578
11716064
11716065
11716066
11716068
11716070
11716074
11717408
11717819
11717820
11719427
11720086
11723257
11724318
11726927
11727536
11728549
11729097
11729185
11729374
11731009
11731094
11731446
11731739
11733071
11733325
11741977
11745268
11745436
11745447
11746825
11747550
11748591
11751017
11751397
11751520
11752962
11754964
11756182
11756412
11756467
11756757
11758771
11758780
11761460
11763417
11763418
11763420
11765816
11767290
11770302
11770904
11770905
11771519
11771713
11772428
11772431
11774032
11774285
11775071
11776974
11778649
11778757
11779362
11780887
11781071
11782378
11783911
11784359
11786918
11786935
11789404
11791179
11792039
11795721
11795943
11799134
11801556
11801570
11803419
11803467
11803583
11804278
11805229
11807444
11809760
11810184
11810187
11814745
11817704
11817706
11818027
11820610
11827869
11830530
11830531
11830532
11830536
11834277
11835255
11836615
11837537
11838804
11840333
11840549
11841729
11844233
11844270
11844831
11846728
11846927
11848499
11848521
11853893
11856869
11857268
11857365
11857366
11857404
11857686
11858961
11859929
11859968
11859971
11859975
11860474
11861389
11861403
11861699
11861842
11862515
11866439
11867012
11869803
11870182
11870183
11870184
11870507
11870526
11870527
11870546
11870553
11874632
11875718
11876554
11878577
11880513
11882906
11883844
11886259
11886434
11888884
11888910
11888916
11889434
11891465
11891779
11891838
11891967
11895036
11896469
11898520
11898521
11901255
11901309
11902079
11902308
11903928
11904036
11904749
11906179
11907223
11907360
11907806
11907855
11908866
11908869
11908871
11908876
11908877
11909963
11911281
11911840
11912183
11912213
11914323
11914404
11914888
11916487
11916499
11916501
11916502
11916505
11918088
11919162
11920587
11920637
11922394
11922706
11927010
11929636
11929835
11932042
11933264
11937250
11939409
11939587
11939787
11940704
11943713
11948010
11948412
11949822
11949824
11949826
11950638
11953863
11953892
11953893
11955738
11955739
11956071
11956090
11956935
11958417
11959893
11960316
11960653
11965244
11965539
11966772
11968058
11971028
11972095
11978921
11979153
11980362
11980654
11980665
11980998
11981623
11983028
11988016
11988847
11995427
11995813
11995817
11995818
11995820
11995970
11996815
12002916
12005388
12005550
12006525
12007145
12007943
12012105
12012123
12014630
12014633
12014646
12014655
12015841
12015850
12017271
12017331
12019157
12019170
12023572
12023579
12025943
12029144
12029442
12032233
12034862
12040756
12047721
12049641
12056325
12057025
12057096
12057153
12059017
12059028
12060345
12060611
12061257
12061732
12063549
12063554
12065055
12065843
12066196
12066222
12066902
12066916
12067444
12067969
12070669
12070671
12072498
12073047
12074689
12075748
12076945
12076959
12079514
12079521
12081137
12082547
12082608
12084046
12084347
12084348
12084873
12088355
12089724
12091064
12091065
12093135
12095566
12097282
12098080
12102161
12105990
12107846
12111115
12111124
12111801
12112531
12115353
12115354
12115586
12117318
12118029
12118245
12119557
12122009
12122877
12124823
12124983
12125737
12125964
12125971
12125978
12125982
12125984
12125987
12125988
12128139
12131961
12134900
12134908
12134920
12140264
12146028
12147435
12147716
12150827
12154034
12154041
12160137
12160140
12160312
12164681
12164682
12165336
12165859
12167305
12168053
12168825
12168841
12169389
12170093
12171900
12172541
12173337
12173338
12174897
12174938
12174942
12175308
12175345
12175535
12175552
12182418
12183424
12185589
12187069
12187957
12188912
12192502
12192504
12193050
12200621
12203792
12205508
12206489
12209698
12215292
12216099
12218057
12218154
12218266
12222833
12222834
12222835
12222840
12222842
12222879
12231526
12231534
12231538
12231547
12231548
12234257
12234411
12234989
12237779
12237842
12239098
12239608
12239621
12241104
12241108
12241112
12241113
12241123
12269829
12296640
12297295
12325066
12352166
12356356
12359059
12359767
12365005
12365723
12366818
12368655
12370766
12370806
12372746
12376778
12376923
12379761
12383424
12384532
12386559
12388747
12389885
12389886
12391455
12392205
12392208
12392640
12393876
12395915
12396098
12399164
12403593
12405149
12406541
12407114
12407441
12407701
12408309
12409595
12409596
12411158
12411545
12411875
12414648
12414663
12415632
12416540
12416544
12416545
12416546
12416581
12417570
12419456
12420219
12426835
12426836
12426837
12427638
12430001
12434281
12435627
12435856
12437133
12438278
12438313
12439751
12442619
12444106
12444925
12445161
12445927
12451475
12454977
12456214
12456313
12456322
12456339
12457224
12457442
12458335
12461273
12462730
12466961
12468518
12468535
12469204
12471035
12471461
12473606
12477052
12477560
12477994
12478010
12478337
12478339
12479262
12479704
12481422
12481438
12483284
12483326
12483523
12483538
12485624
12485835
12489673
12492487
12494354
12494904
12494905
12499245
12499252
12499272
12501169
12501251
12502104
12503074
12503479
12505254
12507137
12507768
12507885
12507886
12508843
12510772
12510778
12513031
12513517
12515857
12517801
12517803
12517805
12522677
12522681
12527748
12527924
12527940
12528770
12530006
12532415
12532428
12533953
12534360
12535360
12535658
12535668
12536087
12536203
12538861
12539176
12540979
12541241
12542846
12543667
12543796
12545160
12545204
12546355
12548606
12548608
12552342
12552345
12552957
12553067
12556332
12556523
12556968
12558076
12558990
12559880
12562100
12563539
12564775
12565147
12566167
12569013
12569300
12569364
12569392
12569607
12570033
12570681
12571626
12573762
12577091
12579307
12579314
12580545
12582944
12584169
12587795
12589031
12590164
12591638
12592361
12592364
12593626
12594335
12594562
12595104
12604298
12605978
12605983
12612079
12615970
12616957
12617188
12617237
12617239
12617907
12621245
12622057
12622133
12622137
12622138
12622447
12622451
12622455
12624516
12624785
12624786
12626127
12626129
12627854
12629241
12629651
12632087
12635657
12635658
12635660
12635665
12637158
12641354
12642053
12644838
12649109
12650433
12650669
12651152
12651623
12651906
12654425
12654447
12655603
12657255
12657722
12659688
12660025
12661006
12667304
12667889
12669234
12670911
12672033
12672163
12672279
12672280
12672281
12672283
12672285
12673724
12675316
12679735
12680157
12680792
12684231
12684411
12684420
12684686
12685660
12686720
12687302
12690787
12691412
12692621
12692687
12695197
12697871
12700036
12700121
12700122
12700281
12700671
12702570
12702589
12702590
12704666
12707711
12708940
12709822
12711288
12711684
12711810
12712007
12712456
12712458
12712460
12716968
12719975
12727859
12734434
12734662
12734665
12735302
12736735
12736760
12738329
12739231
12740661
12740910
12744367
12744467
12744469
12745628
12748009
12748097
12749701
12749706
12749707
12749708
12749709
12749710
12749712
12749713
12750266
12750267
12750272
12754350
12754654
12757409
12758128
12758239
12758241
12759546
12760291
12761674
12762884
12762888
12763338
12764090
12765791
12774246
12777073
12777075
12777082
12777085
12777104
12778011
12782577
12782585
12782768
12783270
12784342
12784873
12784874
12784875
12784876
12784877
12784878
12784879
12786977
12788648
12793770
12794756
12796404
12796609
12800600
12800606
12805330
12805331
12805667
12807996
12808108
12809355
12810643
12811514
12811834
12812849
12813886
12814249
12814252
12814255
12814259
12816724
12820404
12820410
12823036
12824889
12825815
12825818
12826827
12828722
12828859
12829152
12829158
12831354
12831355
12831361
12832291
12834110
12835208
12835948
12836069
12837490
12839970
12843258
12843792
12844362
12845540
12845671
12850379
12850541
12851679
12851695
12851796
12852879
12853693
12853885
12853889
12856725
12859234
12861321
12862391
12862392
12865911
12868067
12869421
12870258
12870263
12873999
12875726
12878856
12879131
12879473
12879479
12879737
12881036
12881526
12881707
12882084
12883189
12884028
12885448
12888899
12890671
12890978
12892232
12894235
12894287
12894508
12894509
12898159
12898637
12899398
12899444
12899520
12901235
12902409
12902879
12904064
12904991
12906135
12907595
12907597
12908555
12908754
12910255
12913080
12916485
12918061
12925310
12937144
12938083
12939468
12940627
12941591
12941604
12942128
12942323
12944906
12944987
12946225
12947063
12948471
12948478
12952282
12952285
12952292
12952293
12952295
12952300
12952302
12952306
12952307
12952497
12952595
12952596
12955075
12957359
12958161
12959430
12959432
12959452
12960112
12960115
12960124
12960934
12963123
12963969
12964003
12968803
12969517
12973694
13678234
13678425
13679460
13680280
13680296
14499284
14503960
14506971
14508103
14508863
14515014
14519639
14519668
14520441
14520660
14522905
14528916
14529302
14529825
14531561
14531563
14531567
14531571
14531575
14534328
14534892
14555533
14555979
14556850
14557068
14557898
14560851
14561895
14561921
14562722
14564423
14565162
14565163
14567516
14567610
14568975
14569825
14571015
14572960
14574005
14575240
14575700
14578463
14579294
14579395
14579783
14579791
14580340
14582697
14583454
14583498
14586755
14587069
14593209
14595012
14596484
14599088
14600414
14600944
14603252
14603438
14603439
14603470
14604225
14605880
14606584
14608019
14609169
14612526
14612546
14612899
14612923
14614022
14614568
14615040
14616498
14617774
14618129
14618278
14623895
14624623
14628126
14628127
14628128
14628202
14628246
14629754
14630677
14631378
14632000
14633289
14633303
14635078
14638850
14639610
14640936
14641910
14642363
14642374
14642471
14643025
14643909
14643915
14644076
14647148
14648028
14648631
14648713
14649882
14649883
14649884
14649886
14649887
14652141
14652815
14654782
14654909
14654927
14655749
14655756
14655763
14661925
14666674
14666736
14669289
14669534
14669984
14671979
14672509
14676133
14676325
14676405
14678511
14679007
14680299
14682377
14682378
14682379
14684191
14686728
14686729
14686734
14686736
14691452
14692702
14692815
14695179
14695206
14695215
14695218
14696090
14697445
14698456
14699229
14701753
14703222
14705733
14710205
14711368
14712479
14712484
14714135
14719087
14719093
14722715
14724591
14725495
14726653
14729136
14729634
14730346
14730455
14732823
14732888
14733946
14734472
14734474
14734866
14735305
14735471
14737936
14737938
14741566
14741571
14741663
14742935
14742958
14742960
14743910
14743913
14744281
14748557
14750172
14750892
14751638
14753404
14753494
14753496
14753497
14755755
14756439
14756442
14757857
14758131
14762164
14763502
14765377
14765378
14765380
14765388
14765390
14765392
14767475
14767543
14769134
14769135
14769137
14769138
14769139
14871821
14961077
14965379
14965445
14965616
14967426
14967441
14967454
14967458
14973082
14977064
14977823
14980978
14981944
14981983
14981995
14984367
14984991
14985453
14988048
14988421
14989490
14989603
14990981
14991260
14992293
14992816
14996748
14997208
14997935
14997945
14999786
15000867
15001257
15001687
15006924
15007269
15010844
15010886
15011246
15013483
15014015
15015047
15015569
15015573
15015668
15015764
15015769
15015771
15015778
15015779
15015788
15015789
15018552
15021779
15022289
15024582
15024722
15024802
15025540
15026328
15026334
15026350
15026474
15028249
15028782
15029197
15030401
15031704
15035283
15035290
15041209
15041700
15046657
15047712
15047912
15047924
15051755
15051924
15054880
15055445
15057161
15059904
15064109
15064720
15067331
15067365
15069244
15069758
15072442
15072445
15072451
15072452
15072462
15072465
15072467
15072470
15072474
15072475
15073099
15074577
15076139
15081868
15083170
15084259
15084786
15085353
15086239
15086240
15087110
15087390
15088070
15088099
15090567
15093576
15093585
15093687
15093908
15093925
15093935
15094455
15100429
15103760
15105053
15106598
15107538
15110396
15112303
15115103
15116102
15117981
15118758
15118844
15119015
15120909
15121446
15122332
15126357
15131035
15131063
15131893
15133290
15134626
15134628
15134629
15135073
15137610
15138557
15138583
15138630
15139066
15140714
15143086
15144303
15147968
15148612
15150681
15152538
15152687
15153340
15153841
15154639
15154655
15158371
15159479
15159502
15161005
15161323
15161373
15161428
15162010
15163002
15164099
15164791
15165405
15166624
15168227
15168228
15168232
15170889
15170894
15172755
15172999
15173313
15173683
15174518
15174520
15177567
15177660
15184628
15185766
15186270
15186600
15189346
15191806
15191930
15193025
15193759
15197348
15197616
15197805
15198128
15202005
15205313
15208263
15208678
15209509
15213638
15219856
15220505
15221264
15225832
15228773
15229932
15231677
15232146
15233640
15234053
15235729
15240544
15241527
15241534
15247902
15249713
15250245
15251162
15253281
15253892
15254063
15254740
15254749
15254806
15256471
15256472
15261226
15261243
15262962
15265897
15266780
15268668
15269478
15269942
15273634
15273738
15273741
15274074
15274317
15275820
15275995
15276216
15277019
15277636
15277984
15279714
15279715
15279717
15279718
15279719
15286717
15286718
15287529
15288241
15289301
15289732
15289883
15289902
15290895
15294173
15296674
15297010
15297423
15297430
15301336
15302956
15302999
15305187
15305979
15308141
15308144
15308158
15308193
15308195
15308196
15308197
15308198
15309332
15309586
15309911
15312170
15312271
15312684
15313712
15313899
15313916
15314549
15314949
15316244
15316938
15319030
15319471
15321728
15324458
15325091
15325097
15326475
15328167
15328202
15328518
15328877
15329911
15330185
15330215
15330329
15331927
15332322
15332323
15332324
15332326
15332332
15333583
15335313
15335423
15336856
15336860
15336944
15337556
15337581
15339216
15339860
15339919
15343437
15344992
15351733
15352605
15352609
15353805
15354923
15361838
15362204
15364405
15364411
15366408
15370972
15373704
15374943
15374953
15375501
15377696
15378515
15380566
15381773
15382062
15383564
15389472
15448012
15448734
15449042
15449198
15450774
15452173
15452186
15453096
15453964
15456533
15458599
15461572
15465203
15466170
15466173
15466178
15466194
15466382
15466592
15469606
15470710
15471548
15471848
15472432
15475879
15476282
15477552
15477864
15481716
15481721
15481722
15483263
15483362
15484695
15487938
15489404
15489897
15490813
15491426
15491978
15492259
15492278
15492287
15492832
15492843
15493013
15494095
15494687
15497115
15497116
15497774
15499296
15499613
15499626
15500008
15502132
15502861
15503327
15503330
15504250
15504253
15505341
15507430
15508263
15509542
15514370
15515126
15515149
15516982
15517309
15517862
15517868
15519795
15520182
15520203
15520209
15523899
15527082
15527101
15527106
15527107
15527114
15527868
15531918
15531925
15534054
15537187
15538145
15540925
15541001
15542603
15546138
15546219
15547710
15547722
15548205
15548375
15548694
15548697
15555581
15557280
15557755
15558011
15558027
15558549
15558578
15560716
15561105
15561776
15562327
15564139
15565458
15565811
15567331
15569733
15570079
15571292
15574220
15574223
15577447
15578340
15580296
15581027
15581028
15583815
15583856
15584213
15586662
15587406
15588281
15592495
15596049
15596295
15596923
15597761
15597762
15603970
15604250
15604281
15604283
15604287
15605273
15605984
15605987
15608410
15608490
15610608
15611130
15612598
15613785
15614578
15616880
15617598
15617835
15618223
15621681
15621711
15622535
15622544
15623601
15623640
15624764
15626543
15627206
15627637
15629460
15634232
15637335
15638361
15638388
15638437
15639345
15639528
15650458
15650767
15652491
15655413
15655414
15657358
15657940
15658862
15659806
15659871
15662725
15662767
15662971
15662978
15663956
15665100
15666327
15667653
15667958
15667976
15670759
15671549
15671563
15671564
15671565
15672285
15674329
15674397
15674479
15674480
15677537
15679304
15679305
15680662
15681843
15682333
15684595
15684833
15685240
15685439
15685605
15688401
15690124
15691725
15692608
15695405
15696779
15696961
15696962
15696966
15696968
15696970
15696971
15698781
15700045
15700833
15701050
15701272
15701280
15701281
15701286
15701867
15701874
15702300
15702843
15703365
15705654
15705896
15705901
15706354
15710538
15710624
15711185
15711934
15715484
15715906
15716135
15719267
15719270
15720813
15721383
15723236
15723303
15725806
15727424
15727903
15735028
15735729
15735908
15735909
15735911
15735919
15735920
15735921
15736037
15736441
15736473
15737833
15739555
15739562
15746047
15747136
15750158
15750623
15751148
15753362
15753393
15754022
15756519
15756520
15756683
15758009
15758010
15758174
15761261
15762355
15762357
15762988
15765805
15767107
15767344
15767546
15770836
15771622
15771712
15774466
15777731
15779089
15779236
15780200
15781613
15782129
15782140
15784137
15788659
15788675
15792952
15793438
15796387
15796392
15796396
15799972
15800052
15800329
15800333
15800711
15803209
15803373
15803376
15803805
15804144
15804189
15804792
15805252
15805299
15806154
15808505
15809762
15810112
15812233
15813507
15816550
15816645
15816853
15816855
15817350
15818381
15820559
15822813
15822818
15823130
15823676
15824107
15824736
15825546
15827123
15829208
15831231
15831232
15831233
15831234
15831236
15831677
15832192
15832372
15833864
15837741
15838375
15838531
15839338
15842629
15843906
15849239
15850975
15850984
15851741
15852412
15853584
15853729
15855276
15857844
15857855
15857987
15859156
15859160
15859587
15859633
15861521
15862898
15864388
15864615
15865885
15867231
15867250
15867349
15867375
15867377
15869322
15870090
15870157
15870690
15870941
15871503
15871513
15871514
15874895
15875906
15877226
15878319
15880378
15880779
15885387
15885825
15887530
15889253
15890420
15890570
15891559
15891772
15892632
15893592
15893739
15894932
15894933
15895231
15897245
15897557
15897582
15898533
15899585
15899794
15905857
15906353
15908427
15912255
15912534
15913199
15913396
15915574
15917534
15918940
15918951
15921680
15923371
15924253
15924621
15925768
15925979
15925992
15925996
15925999
15926395
15928303
15930307
15930333
15933420
15934917
15936158
15936366
15936395
15937318
15937642
15937643
15937645
15937647
15937649
15942657
15943792
15945096
15946326
15947066
15947495
15948146
15949232
15949234
15949236
15950764
15951849
15951965
15951997
15952716
15955860
15956251
15956518
15956649
15957093
15957163
15958563
15958570
15958578
15958592
15958633
15959923
15961930
15964097
15964497
15965067
15967023
15967092
15967096
15967113
15968544
15969653
15970688
15970925
15971324
15972713
15973567
15973775
15974577
15975048
15975137
15977639
15977644
15978739
15979280
15981097
15981104
15981281
15986432
15986437
15986444
15987446
15987677
15990019
15993075
15993268
15994924
15994925
15998902
15999285
15999918
16000562
16000592
16000956
16003729
16003758
16007122
16007684
16010970
16012795
16012865
16012910
16018821
16021537
16021678
16022114
16022659
16024602
16024651
16024725
16026007
16027728
16029802
16030116
16033132
16033774
16033848
16033874
16034054
16034522
16036367
16038527
16039986
16044155
16044217
16044218
16044223
16047359
16049340
16051034
16051185
16051596
16052229
16053669
16053696
16053699
16054028
16055749
16055972
16059612
16059654
16061850
16061868
16061883
16077900
16077913
16077969
16078104
16078112
16078236
16080161
16081473
16082191
16083287
16084059
16084774
16086097
16088964
16091752
16094629
16095551
16095972
16095998
16096790
16096850
16097842
16098465
16098466
16099423
16101128
16102584
16103100
16103458
16103883
16105834
16106218
16106403
16110500
16111594
16112910
16115932
16116554
16116556
16118272
16121206
16121977
16123598
16123805
16124450
16126335
16130123
16130137
16130901
16132492
16132498
16132504
16132508
16132510
16132520
16132524
16132527
16132796
16133270
16133418
16133419
16133454
16133547
16133570
16133944
16136272
16136487
16137531
16142372
16142376
16143373
16144131
16145201
16146715
16147587
16147588
16150117
16150119
16150649
16151649
16151725
16155176
16155724
16155764
16156235
16158421
16159080
16162092
16163701
16166301
16167543
16167544
16168843
16169466
16170020
16170340
16171786
16173790
16175187
16175848
16177570
16178962
16180045
16181609
16181616
16182447
16183159
16183211
16183553
16186112
16186508
16187019
16187021
16187022
16187082
16189806
16191472
16193249
16193379
16193388
16193836
16193842
16195644
16195916
16198476
16198924
16199861
16200342
16200343
16200345
16200346
16202357
16203762
16204036
16204064
16204066
16204726
16205629
16205964
16206166
16206651
16206737
16207473
16207487
16211217
16211252
16211253
16212813
16212814
16215635
16217754
16219820
16220556
16223239
16226399
16229087
16229419
16230803
16232199
16233888
16233889
16234985
16234986
16234987
16234988
16236164
16239880
16239932
16241105
16242071
16242075
16242076
16242251
16243824
16244591
16245205
16247447
16248277
16248789
16249598
16251422
16253805
16254188
16254489
16257582
16257661
16258258
16264179
16270287
16270316
16271077
16273115
16273210
16273313
16274269
16274936
16275989
16278045
16278383
16279938
16280673
16282176
16283438
16283445
16283663
16284771
16286386
16286995
16287239
16287502
16288024
16288043
16288219
16288224
16288487
16292484
16292494
16293948
16294307
16297951
16298134
16298487
16298499
16299104
16308158
16308427
16309916
16311160
16312042
16314646
16314830
16314936
16314937
16314938
16314941
16314943
16314953
16315003
16315242
16318410
16320026
16320817
16320820
16321761
16321763
16322289
16323974
16326273
16327979
16327987
16328028
16328040
16328157
16328505
16330971
16331246
16331616
16331629
16332251
16332517
16334150
16340021
16340308
16356833
16356835
16357155
16357174
16358262
16361543
16361636
16365179
16368514
16372024
16372696
16373485
16373964
16377838
16378678
16378904
16378997
16381186
16381193
16382120
16384639
16388320
16389942
16390869
16391370
16391803
16391870
16391896
16392031
16393339
16394549
16396319
16397044
16397228
16397264
16400253
16404227
16404353
16404364
16405512
16407848
16409125
16410744
16412397
16412571
16412844
16414372
16416007
16418217
16419064
16421966
16422258
16423422
16424019
16427438
16427778
16428500
16428937
16434448
16434662
16434821
16434827
16436596
16437393
16438662
16438728
16439453
16441517
16443944
16443947
16443949
16443950
16444993
16447258
16448552
16449082
16450135
16452202
16452207
16452213
16452216
16452218
16452232
16454748
16455523
16455543
16455545
16457645
16457706
16458188
16458777
16459992
16462489
16462491
16463020
16463268
16464403
16465369
16465418
16465772
16467100
16467781
16470375
16471320
16476836
16476837
16479164
16480284
16482400
16484419
16484713
16488082
16489031
16489093
16492905
16496379
16496386
16502348
16505319
16506143
16506167
16507218
16507828
16509595
16510597
16510950
16512067
16516239
16516312
16516855
16516860
16518831
16518856
16519569
16520229
16520474
16522318
16522686
16523449
16523808
16523809
16525180
16527438
16527606
16529539
16533756
16533878
16538614
16540650
16540683
16540738
16541294
16542821
16544055
16546039
16546978
16546979
16547494
16547607
16548830
16549549
16550604
16550738
16552622
16554441
16554966
16556052
16557268
16557350
16557391
16557392
16564690
16565851
16566735
16566736
16566826
16567439
16568472
16570197
16572647
16575014
16575202
16575203
16575334
16575532
16575541
16580493
16580779
16580881
16582594
16582634
16582653
16584924
16585184
16585213
16586492
16594997
16595502
16596218
16596424
16598416
16598420
16598423
16598428
16599187
16600621
16608262
16608736
16609006
16609034
16609043
16609952
16610983
16611662
16612588
16613322
16614861
16614941
16614947
16616111
16616335
16618713
16618735
16618782
16619268
16619307
16619477
16619508
16619544
16621008
16621164
16622457
16622570
16622864
16623647
16623952
16625697
16626884
16627485
16628012
16628475
16631933
16632619
16636506
16636750
16640645
16643848
16644747
16645714
16645719
16648476
16648867
16651619
16670944
16672372
16673148
16674608
16674825
16675657
16676297
16678736
16682012
16684574
16685388
16685440
16685456
16687487
16688362
16688937
16697959
16698096
16700616
16700620
16700623
16703323
16704974
16707459
16707621
16708341
16708888
16709014
16709016
16709019
16709021
16709022
16709023
16709024
16709025
16709026
16709028
16709029
16709030
16709032
16709035
16709036
16709037
16709038
16709039
16709245
16710748
16712401
16715525
16718521
16718522
16719406
16720059
16721735
16721788
16721804
16722524
16723503
16723631
16723768
16724687
16724699
16728402
16730650
16734735
16735709
16736004
16736141
16736721
16739319
16740698
16741310
16741955
16750317
16750328
16750389
16753007
16754293
16754352
16757971
16759162
16759163
16760387
16763818
16765523
16767918
16771172
16772870
16772875
16773213
16773216
16773218
16773220
16775434
16778112
16778628
16779868
16781755
16783163
16784021
16784856
16784870
16786120
16791855
16793199
16794749
16798098
16802863
16803948
16804518
16804715
16804907
16806166
16806201
16806983
16808878
16808882
16808884
16808885
16810329
16810631
16814953
16815020
16815240
16815477
16817688
16817691
16818615
16818624
16818651
16818690
16818691
16820883
16820965
16821271
16821628
16821632
16821633
16823770
16824702
16826359
16826360
16827144
16831077
16831080
16831515
16832099
16832347
16835250
16839274
16839352
16842780
16843841
16845657
16849519
16849522
16849552
16849576
16849758
16850105
16854549
16855059
16856796
16860453
16861907
16865255
16866301
16866302
16866768
16866986
16868661
16869786
16871882
16871885
16871888
16873085
16874486
16874663
16875337
16875833
16877732
16877733
16879064
16883158
16884424
16885344
16885346
16885506
16886610
16886616
16886678
16887285
16891460
16891823
16892004
16896310
16896907
16897440
16899598
16899617
16899625
16900782
16900783
16901352
16904526
16905213
16906088
16908158
16908548
16909119
16909125
16912155
16912159
16914578
16914889
16916081
16916558
16917000
16918127
16918128
16921039
16921268
16923162
16923165
16924106
16924499
16925485
16926624
16929166
16930331
16931485
16932504
16932614
16932995
16936068
16937011
16938311
16940807
16941076
16942441
16944309
16944363
16944366
16945995
16947022
16949208
16951158
16951161
16951163
16951167
16951181
16951209
16951222
16951965
16953239
16954019
16954072
16954557
16955219
16955221
16957578
16958071
16958968
16959446
16961130
16962801
16964400
16964520
16966184
16966431
16971023
16979138
16980278
16981197
16982619
16982747
16982749
16983109
16985068
16985154
16987298
16987961
16988542
16988586
16990423
16990990
16995949
16997326
16997706
17000554
17000696
17002787
17004103
17004241
17005465
17007929
17009007
17011442
17016233
17016577
17016602
17018625
17018695
17018699
17019045
17019532
17019533
17020463
17020973
17022267
17022734
17024124
17027278
17027279
17027527
17028186
17028191
17030513
17031552
17031553
17031555
17031557
17031559
17031561
17031563
17032559
17032561
17036520
17038522
17038955
17039500
17040992
17043663
17043766
17044023
17047041
17047051
17047065
17047647
17047730
17048097
17048519
17049083
17049346
17050217
17050367
17050665
17051156
17051323
17053862
17053987
17056178
17057884
17062574
17062691
17062987
17063831
17064875
17065139
17066199
17066459
17067552
17069899
17069987
17070615
17070643
17070879
17075581
17075792
17077937
17079230
17079441
17079835
17080256
17080717
17083472
17083476
17084552
17084863
17085782
17085958
17088972
17090523
17090670
17093052
17094453
17095216
17096026
17098432
17099729
17100559
17101902
17103031
17103151
17107596
17107968
17108037
17108062
17108063
17108065
17108124
17109197
17110662
17111679
17111734
17112483
17114236
17114809
17114859
17115260
17117071
17119065
17119901
17120158
17121137
17121897
17121900
17121922
17122647
17122724
17122945
17123059
17123803
17127033
17127074
17127461
17127728
17129715
17132107
17132220
17134364
17138070
17138749
17140455
17141509
17141551
17143231
17143473
17143499
17143538
17145331
17145861
17145879
17146292
17146445
17150277
17151667
17151929
17151931
17151932
17152962
17159987
17161482
17162496
17164050
17164051
17164780
17164975
17167979
17168433
17168673
17168720
17171442
17172420
17175377
17176222
17177598
17177853
17178866
17178868
17178873
17178881
17178889
17180388
17182035
17184081
17188494
17189382
17189383
17189397
17189402
17189643
17189989
17192170
17195453
17195454
17195455
17196391
17196947
17200355
17201132
17201170
17202146
17203162
17203188
17203480
17203587
17203754
17206472
17208388
17210246
17210692
17210792
17212772
17212981
17214319
17214326
17214362
17214370
17215292
17216339
17217625
17219056
17219436
17219439
17219740
17221335
17222498
17222788
17222792
17222964
17223348
17224923
17228266
17230505
17230535
17233837
17234361
17234766
17234773
17234775
17235514
17236491
17236975
17239010
17239827
17244551
17245354
17245623
17251249
17252184
17255257
17255279
17258135
17260000
17260089
17262828
17264249
17266105
17266141
17266469
17269744
17270027
17270918
17272309
17273767
17273768
17273772
17273889
17275620
17276069
17276399
17276997
17277694
17277837
17278710
17278892
17279600
17281655
17284778
17289901
17290188
17290189
17292826
17293239
17294421
17294447
17294805
17297440
17299404
17306935
17308073
17308092
17308273
17309894
17310076
17310267
17311849
17312389
17312396
17316143
17317187
17317941
17317974
17317999
17318412
17318950
17320059
17320297
17321721
17324379
17324516
17325429
17326043
17326833
17327574
17327604
17328268
17331482
17331666
17332296
17332509
17332623
17333087
17334672
17335970
17341043
17342095
17350410
17352349
17353162
17353902
17353924
17356177
17356401
17357815
17359903
17360667
17361329
17361330
17361334
17363510
17363573
17367064
17367075
17369134
17369862
17371718
17372210
17372252
17372907
17376236
17376432
17377739
17383580
17383816
17384579
17384675
17387387
17387511
17388696
17390034
17390041
17391642
17392902
17393967
17394949
17395278
17396534
17397930
17398005
17399891
17400763
17401009
17404084
17404569
17406983
17409379
17409412
17409449
17410334
17410721
17412510
17412894
17414567
17415208
17415381
17415524
17415525
17417877
17425491
17427234
17427273
17427416
17428703
17429084
17429445
17430192
17431544
17432710
17435181
17436928
17437646
17438093
17438486
17440061
17440062
17440736
17440835
17440981
17441252
17441839
17442041
17442061
17442989
17443280
17443289
17444818
17447434
17447852
17448610
17449516
17451951
17452651
17453529
17455869
17456751
17457042
17457513
17457608
17457854
17459607
17460461
17460521
17460718
17460777
17464449
17464985
17465226
17465237
17465245
17465990
17470200
17470563
17471562
17473190
17473192
17475624
17479104
17479228
17482890
17483311
17483362
17483698
17486380
17487353
17487391
17487676
17487804
17492124
17492285
17492401
17493032
17493610
17495946
17498554
17498662
17499043
17499453
17504928
17504929
17504931
17504989
17505778
17509221
17510080
17512132
17512905
17513061
17513297
17513312
17514648
17514651
17516028
17516742
17517052
17518510
17519038
17520672
17522330
17522333
17522334
17522335
17522861
17524506
17525633
17525741
17530174
17530175
17530490
17534392
17534441
17534442
17534579
17534580
17535024
17536308
17536538
17537410
17538175
17538176
17538388
17541939
17543444
17544000
17547775
17548940
17549275
17549280
17549281
17549282
17549285
17549698
17550757
17551011
17551147
17551671
17551928
17552362
17554495
17554785
17554787
17556097
17560737
17562168
17562439
17565152
17568997
17569962
17570035
17570036
17570061
17570606
17570828
17571214
17574778
17574975
17575112
17575139
17575160
17575213
17576523
17576651
17577040
17577735
17579810
17581598
17581698
17582600
17582604
17589804
17591937
17593983
17594055
17595512
17595522
17596214
17597534
17598104
17606377
17606711
17609661
17610370
17611693
17611701
17611713
17613536
17616812
17616815
17617873
17618600
17620294
17620423
17621007
17621264
17622647
17622648
17624626
17628016
17628813
17629503
17629822
17629934
17634618
17634619
17634624
17634744
17634847
17635527
17635673
17637395
17637679
17638400
17638872
17639893
17640083
17640620
17640773
17641821
17643088
17646646
17647244
17652378
17652589
17653027
17653095
17656060
17664417
17664483
17664814
17665342
17667597
17667822
17669439
17671724
17675107
17675252
17676075
17676121
17676389
17676465
17679094
17679459
17679463
17683369
17684491
17685631
17690178
17691113
17691218
17692350
17692421
17694310
17694433
17694547
17695484
17695499
17696576
17696644
17696813
17696988
17697115
17697526
17697783
17698652
17699103
17699104
17699724
17700518
17700563
17701349
17701358
17701911
17703277
17703357
17704364
17707275
17707278
17709179
17710841
17711864
17714330
17715673
17719957
17721049
17721077
17722061
17725534
17725542
17726019
17761139
17762390
17762395
17763344
17763999
17766837
17785346
17786001
17786281
17786368
17787018
17803034
17804706
17805487
17823798
17825249
17827456
17827463
17828582
17848677
17851177
17851451
17852105
17854074
17854667
17855624
17855658
17867825
17872411
17873103
17873288
17873905
17874037
17875696
17875714
17875719
17876051
17876570
17877425
17877803
17879627
17882018
17882276
17882417
17883112
17886292
17886559
17886562
17891250
17893552
17895617
17896088
17896374
17897452
17898869
17898873
17899109
17900403
17900820
17902192
17904822
17905526
17906459
17906460
17907275
17907599
17908822
17908997
17908999
17909049
17909056
17912239
17912447
17916414
17917085
17917751
17917826
17918047
17919663
17920540
17921698
17921733
17922598
17924591
17925012
17926079
17928921
17928955
17928956
17928957
17929901
17932689
17934197
17934519
17934521
17934890
17936553
17936558
17936601
17937190
17937238
17938171
17938702
17939295
17940898
17942800
17942891
17942911
17944973
17946561
17947719
17949236
17949349
17951409
17951512
17951861
17952650
17952745
17955491
17958740
17959258
17960384
17960557
17960622
17964024
17964028
17964029
17964677
17964790
17965865
17967314
17967315
17967494
17967509
17967517
17968499
17968576
17969076
17970029
17970039
17970058
17970081
17971532
17972023
17974913
17974965
17975139
17975708
17977565
17979800
17980509
17980860
17981026
17981676
17981691
17981714
17981778
17982646
17983689
17984197
17986135
17986864
17987263
17987264
17987795
17987960
17992093
17992094
17993634
17994295
17994795
17998256
17999604
18000822
18004504
18006220
18006747
18006760
18006775
18006778
18006816
18006935
18021193
18021194
18021753
18023415
18024046
18024584
18025104
18027853
18029220
18030336
18030356
18030991
18032601
18034212
18035440
18035958
18037267
18037296
18037961
18039007
18039109
18040614
18040615
18040845
18041999
18043353
18045224
18045548
18049330
18050302
18051102
18054615
18055860
18056172
18056189
18056196
18056450
18058932
18059395
18060403
18062446
18063907
18065516
18066094
18068527
18070617
18070930
18071984
18071985
18074692
18075304
18076314
18076317
18076318
18076319
18077531
18077533
18078703
18079358
18079360
18082451
18083706
18084640
18084721
18088200
18088600
18089715
18089819
18090916
18091259
18091279
18091318
18091559
18092325
18093251
18093335
18093469
18093951
18094416
18094616
18094862
18095097
18095100
18095107
18095109
18095110
18095116
18095120
18095122
18095137
18095143
18096722
18097538
18097571
18097589
18098270
18156172
18159977
18162681
18164543
18165616
18167333
18167341
18171980
18172262
18172271
18173233
18173648
18173712
18175205
18178445
18180865
18181022
18181832
18182042
18182627
18182667
18183931
18184267
18184972
18185489
18187807
18188704
18189330
18192970
18194077
18195712
18196869
18198928
18202010
18202794
18204838
18211288
18211804
18212741
18212819
18213621
18214311
18215105
18215108
18217205
18217211
18217213
18220882
18223223
18224529
18224664
18225539
18225560
18225595
18230158
18230189
18231723
18234969
18240915
18240917
18240926
18240930
18242184
18242546
18243523
18245472
18245486
18245557
18246408
18246483
18246536
18247132
18248979
18249119
18249159
18249534
18250332
18250965
18253029
18253698
18253699
18255100
18255294
18256938
18258384
18258505
18258589
18258752
18259115
18259692
18260118
18260157
18262090
18262245
18262733
18263644
18263946
18267120
18271743
18277052
18278573
18281421
18281499
18281516
18281523
18281542
18281665
18282165
18282657
18283279
18283418
18283851
18286483
18287240
18287339
18287342
18287505
18288402
18289802
18291090
18292948
18293027
18295672
18297764
18298442
18300075
18300910
18301243
18304655
18306542
18308523
18310618
18312826
18313158
18313207
18313712
18314417
18314488
18316582
18316600
18316689
18317688
18317690
18317694
18319136
18321150
18322268
18323016
18323252
18327258
18327407
18327814
18328420
18328425
18328427
18329383
18329790
18329879
18330515
18332649
18334298
18334957
18336940
18337118
18337442
18337449
18338133
18339852
18339870
18339875
18339876
18341405
18343028
18343526
18343632
18343752
18344459
18345413
18346464
18349284
18349850
18350379
18351284
18351367
18351387
18351730
18352856
18354263
18355442
18355978
18357521
18359172
18359864
18359865
18360709
18360710
18362333
18362893
18363109
18363269
18363832
18366014
18366283
18366728
18368485
18370888
18371177
18371178
18373239
18375761
18376144
18376293
18377240
18378459
18379040
18380282
18380941
18381405
18381430
18381436
18381487
18381963
18382350
18382972
18383343
18383819
18383832
18383839
18383850
18384107
18384511
18384513
18384514
18384736
18386191
18389176
18389177
18393779
18393842
18394558
18394904
18394916
18395186
18398429
18398569
18398572
18398573
18400046
18400762
18402388
18403264
18403491
18403492
18403585
18403636
18405064
18405078
18405923
18407432
18407735
18408892
18410277
18413744
18413753
18413797
18413842
18414496
18414811
18416660
18418021
18418075
18418218
18419761
18420272
18421309
18423605
18423823
18424642
18425006
18429037
18431251
18431253
18431473
18433988
18438431
18438928
18439100
18440602
18442668
18443132
18443585
18443953
18443955
18445040
18445485
18445700
18445844
18446822
18447714
18447715
18447716
18447718
18448318
18450536
18451155
18451225
18452269
18452568
18452856
18458808
18458819
18461281
18462472
18462887
18464290
18464291
18467776
18468334
18469852
18469856
18470630
18471044
18471046
18472967
18473496
18473497
18473979
18474011
18474104
18476792
18477220
18477765
18478111
18483236
18483304
18483363
18483377
18483381
18483704
18484594
18485224
18485891
18487454
18487947
18489490
18490242
18490770
18492260
18492463
18493996
18496203
18497326
18497327
18497759
18498284
18499784
18500499
18501520
18501601
18502571
18503347
18504417
18504440
18504759
18505913
18506183
18507036
18507054
18507846
18508133
18508315
18511998
18512000
18513880
18513974
18516257
18519772
18520546
18520547
18521005
18521796
18523971
18524891
18525311
18525314
18525321
18532929
18533376
18534093
18535615
18535618
18535813
18536556
18538491
18538496
18538864
18539962
18540104
18541133
18542056
18542116
18544534
18546261
18547555
18547971
18549809
18550273
18550470
18551403
18552083
18553315
18554821
18556364
18556773
18559506
18559551
18559603
18559622
18560366
18561312
18562769
18564103
18564616
18565534
18565887
18566217
18566228
18566237
18566746
18566749
18566750
18567795
18567800
18568292
18568728
18568742
18568776
18570889
18574456
18574933
18574935
18575184
18575733
18575745
18576918
18577219
18577560
18577687
18579015
18580968
18581057
18584351
18586212
18590702
18591254
18594532
18594817
18599296
18599607
18600256
18602898
18602901
18606717
18607068
18608792
18613001
18614215
18615633
18616418
18618497
18618580
18621534
18622425
18625854
18626575
18626610
18628472
18628751
18632177
18632623
18632649
18632651
18632815
18632979
18634584
18634847
18636190
18636206
18636295
18640082
18645311
18647267
18647495
18648907
18649343
18651326
18652516
18652821
18654050
18661102
18662322
18662497
18663257
18663354
18664715
18665158
18665745
18666437
18666438
18667747
18669409
18669646
18670452
18671189
18671316
18671639
18671640
18671896
18673443
18676355
18676737
18676745
18676759
18676808
18676851
18677408
18677476
18678286
18678645
18678913
18679414
18679580
18679619
18682579
18684337
18685489
18686071
18687982
18688571
18689268
18690538
18691268
18694480
18695875
18695880
18697562
18697953
18698034
18701427
18701488
18704117
18708058
18708344
18708359
18708757
18709644
18709645
18710416
18711401
18712174
18712382
18713022
18713462
18714312
18716458
18718539
18719351
18719364
18719373
18722270
18722599
18723297
18725460
18726045
18726148
18728403
18728568
18728637
18729076
18751371
18751431
18752056
18752674
18752874
18754880
18756530
18757298
18757334
18757412
18758509
18758648
18758912
18759060
18759382
18760193
18760244
18761091
18765229
18765536
18765835
18766173
18766447
18767947
18768321
18769159
18769288
18770045
18770864
18771084
18771712
18772396
18772890
18773141
18774913
18775433
18780813
18780814
18781178
18781906
18782002
18782076
18782189
18784279
18784964
18786178
18787206
18790757
18790772
18791274
18793823
18794145
18794154
18794797
18795327
18796682
18797358
18797509
18797818
18798870
18801729
18802947
18804099
18804107
18806741
18807224
18808066
18809838
18809969
18810221
18810326
18812519
18812520
18812521
18812569
18812968
18813807
18813874
18813875
18814044
18814959
18816605
18817556
18819934
18821037
18828024
18828157
18829483
18829568
18829576
18832699
18833546
18834673
18836294
18836688
18836999
18837053
18838255
18839277
18842762
18842961
18843749
18845764
18846002
18846108
18847342
18847459
18848723
18849756
18849757
18850004
18852145
18854836
18855895
18927306
18927318
18927497
18927600
18928341
18928343
18928532
18931523
18937888
18940042
18940813
18942717
18945611
18945796
18946672
18947333
18948169
18948646
18948956
18949017
18950265
18951474
18951922
18951985
18952979
18953492
18953493
18953566
18953587
18954712
18955445
18957620
18957828
18957963
18957964
18958627
18973197
18973931
18974105
18974115
18974394
18974931
18975108
18975243
18976073
18979278
18981259
18981465
18981840
18983238
18985363
18987516
18987525
18987781
18987831
18989118
18989353
18989714
18990027
18990124
18991494
18991497
18992284
18992637
18996962
18997474
18999875
19001328
19001440
19001442
19002946
19003947
19008040
19008376
19009235
19009596
19010848
19010882
19011622
19011762
19013014
19013723
19014782
19015650
19016015
19016044
19017849
19018263
19018475
19018476
19019175
19019178
19021325
19022673
19023597
19024103
19027068
19027730
19028998
19029776
19033782
19035281
19036868
19037015
19037090
19037181
19037596
19038000
19039523
19039733
19040357
19041174
19043453
19043776
19046047
19046351
19046630
19046921
19047098
19048117
19049876
19050301
19052028
19052388
19052696
19053750
19054561
19055779
19057315
19058223
19060598
19061138
19061354
19061959
19062176
19066471
19066727
19067970
19070402
19073608
19074142
19074414
19074867
19074870
19074898
19074980
19075262
19076776
19080742
19081856
19081932
19082452
19082468
19082503
19082530
19082611
19084346
19086579
19086699
19087328
19088037
19091301
19091570
19091885
19095787
19096613
19096643
19096681
19098118
19098461
19098899
19099379
19100509
19100843
19101213
19101989
19102780
19103295
19103588
19105825
19107226
19107234
19107440
19107680
19107984
19114005
19114694
19114704
19115005
19115382
19116135
19117336
19117668
19118043
19118564
19118780
19121287
19121577
19122659
19123896
19125222
19126244
19126439
19126647
19127042
19127268
19129973
19130738
19131101
19133300
19136513
19137090
19137551
19138031
19138469
19138470
19138839
19138852
19139068
19139367
19139420
19139429
19139816
19139825
19141386
19142584
19143470
19144146
19144640
19145202
19147534
19147555
19147558
19147766
19147777
19148517
19148652
19149482
19149575
19149629
19149688
19150964
19151620
19153721
19156169
19157893
19158403
19158480
19159078
19159272
19159817
19160451
19161171
19161637
19161638
19164435
19166820
19166930
19167369
19167838
19168695
19168996
19169684
19169959
19170894
19171829
19172848
19174557
19175699
19176371
19176381
19176395
19176492
19176518
19177199
19179066
19183850
19183851
19183852
19183853
19187446
19187648
19188143
19188159
19188181
19188675
19188676
19189055
19189401
19189656
19189657
19190119
19190120
19190128
19190249
19191206
19192267
19194651
19196452
19196966
19197327
19198648
19198847
19199004
19199360
19199503
19199562
19199963
19200647
19204199
19204207
19204929
19208828
19209236
19210148
19211933
19212218
19212671
19212677
19212703
19212704
19213559
19214542
19214706
19215661
19215667
19215724
19216795
19216911
19217766
19218824
19219404
19219580
19219654
19221171
19221496
19221500
19221505
19221744
19221865
19223491
19224454
19224763
19224764
19224897
19227008
19228619
19229057
19229374
19232461
19233142
19234232
19234490
19234517
19236062
19237051
19238383
19239041
19239707
19240573
19240583
19240609
19240692
19240962
19243279
19243384
19244114
19244119
19244126
19244127
19244282
19247675
19248046
19248206
19249680
19250755
19250783
19251093
19255724
19255726
19255760
19255898
19257903
19258508
19259336
19261451
19264392
19264624
19264642
19264916
19264968
19265131
19265686
19267111
19267218
19267227
19267385
19268501
19269895
19270726
19272160
19273547
19275511
19275932
19276162
19276180
19276353
19276378
19276385
19277120
19277508
19277712
19280063
19280465
19284481
19285047
19285355
19285356
19285718
19286307
19286653
19287454
19287962
19288012
19288188
19289902
19291002
19292912
19293187
19293489
19293809
19296509
19298630
19299149
19300472
19300998
19301967
19303302
19303779
19304503
19304709
19304958
19305146
19305157
19307505
19308292
19309540
19309717
19318434
19318569
19318640
19318807
19319469
19319470
19321353
19322519
19322538
19322543
19322547
19324279
19324552
19325245
19326372
19326434
19326986
19326989
19327897
19330482
19330483
19330829
19330838
19331140
19331172
19331209
19331229
19332096
19332720
19332771
19333441
19333553
19334797
19334798
19335067
19335279
19336886
19337383
19337680
19337694
19339267
19339613
19340397
19340398
19340399
19342680
19343354
19343483
19344222
19344302
19344303
19345330
19346643
19349600
19349807
19351187
19351827
19351838
19351861
19352277
19352490
19352662
19353526
19356600
19356685
19357285
19357852
19357957
19357959
19358520
19359588
19360304
19360346
19362154
19363672
19364659
19365568
19366800
19366801
19367087
19368079
19370426
19371355
19372578
19373935
19375923
19375927
19375930
19375932
19375933
19376117
19378339
19379719
19380026
19381443
19381446
19383362
19383366
19383369
19383977
19384285
19384601
19385057
19387557
19388113
19390187
19390666
19391104
19392599
19394139
19394153
19394240
19398149
19398346
19398348
19398857
19399365
19400825
19401596
19404096
19404145
19404146
19405125
19405127
19405721
19406652
19408090
19408092
19408307
19408974
19408981
19409033
19409438
19409792
19409983
19410385
19410471
19412429
19414327
19414406
19415455
19415456
19416725
19417509
19420000
19421009
19421789
19423236
19423540
19424584
19424593
19424618
19427293
19427850
19428265
19429088
19429483
19430729
19430846
19430879
19430887
19431144
19431147
19432816
19433393
19434438
19434518
19435374
19435405
19435819
19435890
19435897
19435898
19435942
19436954
19439228
19439466
19439998
19441077
19442057
19442737
19442856
19443600
19445578
19449148
19451595
19452550
19455469
19456208
19457135
19457609
19458076
19458546
19458763
19459855
19459858
19461062
19461960
19464628
19464631
19464632
19465788
19465936
19465937
19466380
19467330
19468690
19470568
19473116
19473291
19473360
19473756
19475534
19476269
19477125
19477429
19477430
19478061
19478948
19480719
19480992
19483650
19484696
19484785
19487112
19487335
19488719
19489579
19489660
19489983
19490427
19491660
19494549
19497751
19499221
19500061
19500067
19505917
19506159
19507233
19508390
19508442
19508445
19509149
19509229
19509243
19513548
19513897
19514083
19514084
19517064
19519779
19520829
19521422
19521665
19521960
19522573
19523355
19523920
19523942
19525448
19525454
19525925
19527095
19528453
19531283
19531573
19533023
19533025
19533602
19533661
19536096
19536293
19536297
19536809
19536818
19537130
19537131
19537132
19538036
19538050
19539632
19540125
19543315
19543509
19543728
19543745
19544111
19544410
19544433
19544453
19545421
19545791
19546305
19549889
19549899
19549905
19549908
19550145
19554570
19555299
19556134
19557499
19557511
19558602
19558675
19559015
19560733
19560735
19560740
19560741
19560743
19561078
19561256
19562254
19562257
19564615
19565911
19565921
19566827
19567131
19567133
19567589
19567670
19568241
19570774
19573811
19574430
19574499
19575149
19575417
19575749
19576999
19578366
19579185
19579865
19580471
19581427
19582373
19582421
19582422
19582428
19582431
19583803
19584161
19584227
19584231
19584260
19585223
19587465
19587783
19589038
19589203
19589205
19589665
19589911
19591631
19591923
19592488
19593443
19593660
19593663
19594548
19595449
19595669
19596356
19596913
19596935
19597514
19597728
19601750
19601808
19601835
19602686
19602687
19602970
19603508
19603525
19604042
19604543
19605626
19609451
19609742
19609945
19612975
19615340
19615397
19615771
19616331
19616898
19617290
19617915
19618114
19618115
19618119
19619277
19621291
19624300
19624457
19625624
19626676
19628280
19628288
19628762
19629393
19629396
19633400
19633683
19633684
19633875
19635146
19636006
19636547
19636592
19637006
19637080
19637364
19640635
19641337
19642173
19642733
19643532
19643666
19643682
19644652
19645506
19645558
19645564
19645699
19646959
19649204
19650075
19650077
19650168
19652936
19653275
19653894
19654296
19655089
19656635
19656999
19657395
19657671
19658181
19660679
19660685
19661320
19662116
19662410
19663635
19663697
19663726
19666124
19668033
19668231
19671039
19671736
19671747
19671851
19671863
19672246
19672263
19672860
19673193
19673534
19673542
19674833
19674866
19674965
19675593
19676043
19676044
19679463
19680595
19682578
19683876
19684614
19685115
19687690
19688297
19688773
19688792
19688970
19690076
19690139
19690143
19693774
19695435
19695438
19695794
19700239
19701495
19701634
19703338
19705066
19706164
19706761
19707392
19707456
19708033
19709637
19711198
19711398
19712474
19712714
19713741
19714445
19715115
19715613
19716156
19716649
19717889
19718438
19718445
19718545
19718800
19719969
19720927
19723667
19724676
19724682
19724855
19724909
19725919
19725960
19726126
19726512
19726759
19728186
19728337
19728339
19730774
19730779
19732454
19734041
19737147
19737945
19738203
19738421
19741440
19744041
19744042
19747042
19748686
19749772
19751904
19752753
19754219
19754810
19755158
19755387
19759207
19759416
19760177
19760366
19760641
19761582
19763581
19763790
19763795
19765627
19765892
19766006
19766095
19767151
19768386
19768659
19769577
19770585
19770591
19770758
19770760
19772462
19773081
19773441
19773446
19774073
19774387
19774606
19774696
19775291
19775293
19777070
19778436
19779291
19779292
19780590
19782299
19782417
19782703
19783622
19784869
19784875
19785734
19787043
19787217
19787263
19787267
19787571
19788052
19788054
19788245
19789222
19789239
19789240
19789298
19789313
19789315
19790151
19790232
19793663
19795077
19795461
19795968
19796602
19796694
19802719
19803301
19804834
19805356
19805368
19805672
19806145
19806321
19806496
19807618
19808959
19808964
19809402
19809523
19809793
19810093
19810935
19815061
19815416
19816190
19817542
19817543
19817554
19817555
19818334
19821831
19822869
19822870
19823072
19823171
19823589
19823845
19824039
19824892
19825799
19826010
19826036
19826401
19828040
19829315
19830548
19830690
19831132
19831841
19832037
19834398
19835469
19835949
19836157
19836227
19836372
19836430
19838971
19839052
19840379
19840807
19840875
19841865
19843757
19845488
19846904
19846986
19846992
19847425
19847768
19847810
19848398
19848613
19850765
19851956
19855928
19856144
19860653
19860655
19860724
19860839
19861404
19861406
19861460
19861461
19861896
19875977
19876867
19877783
19879382
19880768
19883237
19883430
19885559
19886054
19887482
19887551
19887553
19887959
19889578
19890795
19894226
19895196
19895242
19895247
19896441
19897210
19897538
19898744
19898745
19899008
19899826
19899955
19900562
19901104
19901546
19902821
19902931
19903097
19903171
19903856
19904233
19904263
19904829
19905893
19906910
19907203
19907205
19908331
19908826
19910109
19910430
19911885
19911888
19912295
19912360
19913115
19913993
19915015
19915609
19915616
19915670
19916744
19917990
19919574
19919819
19920185
19920199
19920201
19920819
19920894
19920915
19921751
19923906
19924844
19926348
19928418
19929006
19929197
19930657
19930723
19931393
19931733
19931949
19933707
19933823
19934279
19934306
19934320
19934335
19934343
19934999
19937366
19937461
19937755
19937796
19937911
19940404
19940544
19941032
19941816
19943207
19944722
19944962
19944964
19944969
19944970
19944971
19944974
19944979
19945857
19946270
19946563
19948061
19948744
19949979
19949981
19951061
19951268
19954819
19955413
19956971
19958819
19959010
19960228
19960471
19961309
19962820
19963100
19964076
19964240
19967060
19967320
19995221
19996130
19996271
19996278
19996293
19996307
19997073
19997873
19999165
19999240
20001586
20001590
20004126
20007725
20009104
20009289
20009294
20013808
20015006
20015387
20016453
20017937
20018637
20019405
20019846
20021271
20021464
20022592
20023542
20025156
20026605
20027146
20028557
20028863
20028870
20029030
20029421
20029672
20030624
20032406
20032445
20034809
20035132
20035367
20036049
20037648
20038293
20040012
20040089
20042684
20043062
20043719
20043720
20044596
20044633
20046875
20048334
20048743
20051017
20051018
20052717
20053496
20053772
20053777
20053780
20054751
20056123
20058048
20060865
20063115
20063172
20063175
20063176
20063522
20064612
20064686
20066899
20068073
20068081
20068091
20068105
20068170
20069342
20072652
20075823
20077492
20080666
20082186
20083244
20084020
20085741
20087132
20087141
20087857
20092645
20092674
20093527
20096265
20097727
20098023
20099278
20102513
20103416
20103619
20103623
20103640
20103663
20107314
20107803
20107899
20108505
20108752
20108991
20110377
20111625
20111737
20113165
20113523
20116370
20116904
20118657
20118727
20118769
20120212
20122270
20124048
20124186
20124482
20124512
20126476
20126987
20127012
20127344
20127563
20127710
20127797
20128997
20129251
20129719
20131314
20131866
20132490
20133500
20133837
20135187
20135194
20135358
20136389
20137866
20137943
20139089
20140015
20142769
20142996
20144868
20145033
20145128
20145155
20145952
20146084
20146087
20150267
20150307
20150362
20150364
20150365
20150367
20150371
20150372
20150378
20150380
20150382
20150385
20150386
20150644
20151424
20152586
20153569
20153921
20154339
20154711
20155992
20156802
20156803
20156804
20156808
20160365
20162571
20162575
20162579
20162618
20164833
20165690
20165694
20166242
20167086
20167379
20167494
20167810
20167811
20167815
20167816
20167817
20167819
20169195
20169771
20171141
20171178
20174854
20175026
20175027
20175778
20175958
20176000
20176599
20177703
20177775
20178687
20179016
20179017
20179347
20179352
20179672
20181435
20185249
20186265
20189986
20190395
20190562
20191603
20192117
20192120
20193638
20193758
20195200
20195390
20195615
20196086
20197289
20197461
20197768
20198320
20198341
20199106
20199214
20200024
20201406
20204284
20204291
20204459
20205512
20205684
20206439
20206609
20206691
20207495
20209053
20210242
20212224
20212229
20212242
20213332
20214469
20215515
20215713
20217458
20217554
20217900
20219118
20219270
20221717
20223108
20224722
20224786
20224909
20227367
20228458
20228788
20229273
20232102
20235609
20235875
20236318
20237217
20237963
20298476
20298491
20298756
20299272
20300523
20300972
20301117
20302353
20302393
20302512
20303140
20303620
20303935
20304553
20304625
20305496
20305620
20305691
20305783
20306105
20307100
20307590
20307616
20308310
20308313
20308314
20308315
20308316
20308317
20308655
20309719
20309962
20310005
20329733
20332230
20332466
20338540
20339555
20339825
20344885
20345222
20346593
20350766
20351267
20353279
20354191
20357518
20360922
20360937
20360941
20361349
20362227
20364023
20364104
20364148
20367204
20367209
20367336
20368557
20369292
20370992
20371287
20371685
20371721
20371725
20372800
20372840
20375132
20375133
20375153
20378689
20379377
20379787
20380284
20380535
20380575
20380635
20380636
20381215
20382206
20383558
20383594
20383808
20385361
20385622
20388502
20388524
20388697
20392929
20394759
20394835
20395065
20397122
20398058
20398270
20399036
20399149
20400066
20401670
20401838
20404512
20404701
20406097
20406234
20406894
20406897
20406898
20406899
20406901
20408530
20409669
20410057
20410674
20412058
20412121
20412570
20413683
20413754
20413772
20415527
20415602
20417191
20418673
20418911
20419098
20423517
20423992
20425042
20425043
20425045
20425047
20425605
20426152
20428775
20428792
20428809
20428822
20429022
20432307
20435409
20436394
20436671
20437859
20437865
20439192
20439646
20440511
20440539
20440540
20441994
20442299
20442305
20443129
20443131
20443132
20443493
20444541
20445000
20446016
20446891
20447464
20448330
20448453
20449292
20452311
20452317
20453881
20454998
20455002
20455003
20455025
20455498
20455691
20456371
20457135
20457618
20457619
20458050
20458747
20460474
20460527
20460538
20461227
20461251
20461477
20461521
20462843
20462964
20463368
20463608
20466481
20466538
20467329
20467330
20467331
20467333
20467757
20468050
20470863
20472715
20472716
20472883
20473329
20473723
20473884
20473903
20473906
20478523
20478531
20479391
20479398
20482850
20483178
20484045
20484145
20484781
20487264
20487573
20488164
20488869
20489513
20490895
20493562
20493827
20494524
20495849
20495977
20497343
20501615
20501631
20501753
20501802
20503933
20504227
20504876
20504914
20505302
20506127
20507894
20508670
20509882
20510539
20511183
20511187
20511192
20511559
20512358
20512881
20513427
20513660
20513808
20514402
20514416
20514489
20514922
20515450
20515495
20515584
20515648
20516119
20517307
20520650
20521177
20523076
20523247
20524043
20524825
20525196
20525221
20525765
20526421
20526650
20528917
20529679
20529825
20529912
20529987
20530409
20530430
20530493
20530668
20531430
20532243
20532954
20533335
20534128
20534551
20534737
20535033
20535528
20535838
20536385
20537146
20537408
20537433
20538470
20538821
20539238
20539278
20539942
20541349
20541421
20544374
20544850
20545576
20547458
20547774
20549297
20549302
20549306
20550100
20552015
20552340
20552352
20554166
20554944
20556479
20556481
20556864
20559722
20559731
20559789
20560678
20563248
20563250
20563257
20563833
20564141
20564147
20564348
20565806
20569070
20569465
20570053
20570930
20571887
20571968
20573571
20576128
20576524
20577720
20577780
20578006
20578424
20578834
20579278
20580692
20580757
20581063
20581802
20581868
20582289
20582972
20585774
20585787
20586056
20586629
20587035
20587664
20589525
20589679
20590596
20591239
20591577
20592692
20593219
20593220
20593994
20593995
20594183
20595809
20596476
20596601
20601442
20603410
20606365
20606573
20606645
20607351
20607353
20607356
20609383
20610469
20610633
20614029
20615203
20615922
20615924
20616955
20617365
20619451
20619657
20620237
20621092
20622113
20622491
20623247
20623264
20625709
20625795
20626200
20626205
20626749
20627446
20627895
20628383
20629201
20629992
20630696
20631065
20632556
20632878
20633539
20633588
20634336
20634762
20635119
20638719
20639497
20640480
20643786
20644085
20644432
20646316
20646863
20646868
20647244
20647323
20647762
20648000
20649937
20650261
20651226
20652056
20652362
20652724
20655220
20655317
20656651
20657316
20657384
20658351
20659005
20660388
20660730
20661018
20661130
20661133
20661249
20663133
20663862
20663907
20664705
20664932
20664983
20665426
20665731
20665785
20665891
20665905
20666574
20666740
20667010
20667016
20667896
20667897
20668009
20668194
20669099
20669222
20671264
20672935
20673175
20673683
20675068
20676128
20676365
20676728
20679253
20680396
20680397
20680398
20680400
20681406
20681786
20682912
20683011
20683904
20685122
20686820
20686949
20687158
20689420
20689980
20690813
20691089
20692206
20694068
20694490
20694527
20694558
20694573
20694730
20694830
20695020
20695637
20696081
20697524
20697823
20698539
20702468
20704656
20705058
20706757
20706772
20707247
20707604
20708552
20708554
20708556
20711171
20711232
20711339
20711342
20711425
20712901
20713492
20713517
20714216
20714434
20716331
20716591
20716639
20717508
20718954
20719886
20721736
20721815
20722758
20724915
20725792
20726752
20726755
20727764
20728344
20729242
20729478
20730157
20730317
20730561
20730617
20732762
20734923
20735813
20736377
20736378
20736849
20736948
20736949
20737294
20739816
20740056
20740171
20740183
20797628
20799046
20799148
20799153
20799429
20800650
20801042
20802363
20803286
20803305
20804725
20805361
20805641
20805979
20806346
20806975
20807803
20808702
20808839
20809248
20809868
20809959
20810122
20811710
20811727
20811927
20813046
20813049
20813964
20814744
20815904
20816946
20819220
20819237
20819721
20820869
20820871
20820929
20821342
20822092
20822178
20822523
20822536
20822757
20822910
20823033
20823154
20823260
20824044
20824049
20824129
20824305
20824710
20827226
20828399
20829039
20829050
20830604
20830616
20831505
20832323
20832752
20833720
20835751
20835910
20836670
20837658
20838208
20838435
20838873
20840775
20842217
20842590
20842591
20843775
20844074
20845061
20847921
20848300
20850305
20850883
20852951
20853017
20853132
20854414
20854645
20855119
20855883
20856664
20856849
20856939
20857285
20857319
20857406
20857497
20858175
20858720
20858725
20859197
20860315
20860317
20860896
20860897
20860936
20860940
20861061
20861085
20862485
20862515
20862553
20863706
20864273
20864632
20865400
20865406
20865765
20865848
20869542
20870153
20870728
20871424
20871442
20871451
20872274
20873990
20874002
20878060
20878094
20878446
20879314
20879981
20879983
20879984
20879985
20879987
20880389
20880848
20881009
20881010
20882608
20883786
20885105
20885358
20886597
20887095
20887138
20887676
20888136
20888234
20888252
20888800
20888802
20889717
20919826
20920292
20920315
20921209
20921459
20922459
20923246
20925470
20925961
20926007
20926149
20927322
20927570
20930370
20931396
20932651
20933627
20934163
20934264
20934407
20934500
20935218
20935456
20936460
20938717
20939602
20940405
20941832
20942909
20944106
20946086
20946108
20947248
20947696
20947949
20950259
20950422
20952513
20953324
20953662
20956940
20956944
20957407
20957452
20958924
20959380
20959471
20959824
20960321
20960328
20963470
20963496
20963570
20963689
20964364
20964819
20966543
20967552
20969832
20971095
20971826
20972461
20972474
20972785
20972839
20973333
20974795
20975644
20975957
20975976
20978004
20978188
20980335
21029453
21029458
21030678
21031506
21034670
21035497
21036467
21036490
21036812
21037023
21039979
21040711
21041639
21042714
21042761
21045069
21045145
21045276
21045302
21045378
21046309
21046311
21047419
21048582
21049193
21050162
21051441
21051512
21051962
21052560
21052773
21052775
21052776
21054116
21054139
21054456
21054626
21057562
21057780
21059509
21059648
21059755
21060779
21060833
21060868
21061448
21062158
21062984
21063897
21063898
21067565
21068464
21069257
21070076
21071253
21072323
21072512
21073634
21073931
21075544
21075779
21078177
21078583
21078797
21079728
21080802
21082214
21082235
21082356
21082514
21084434
21084864
21084897
21088499
21088844
21088866
21088899
21092062
21094611
21095072
21095630
21095846
21096855
21097691
21098709
21102433
21102434
21104065
21104295
21104297
21105127
21106453
21107199
21107204
21107549
21108935
21109924
21109939
21109954
21109958
21109963
21110520
21112157
21112319
21113198
21113414
21114830
21114836
21115653
21115901
21117063
21117958
21118972
21118974
21119514
21119666
21120479
21120583
21121805
21122105
21122152
21124703
21124872
21127066
21127729
21128213
21129061
21129727
21129872
21131007
21132268
21132516
21133628
21134002
21135147
21135282
21135745
21136132
21136281
21137077
21139533
21139963
21140012
21140283
21141095
21142749
21143140
21143483
21143783
21146179
21147078
21147867
21149252
21149254
21149657
21149665
21150307
21150937
21151410
21152856
21152857
21152953
21153380
21153679
21153680
21154156
21154166
21156036
21156287
21157381
21157891
21158510
21158511
21158754
21159181
21159630
21161295
21161444
21162007
21163810
21165557
21166603
21167305
21167391
21169024
21169257
21169405
21170331
21170924
21170960
21171814
21175304
21178049
21178384
21179202
21179535
21181233
21181367
21182139
21182456
21182827
21183784
21183793
21184132
21184255
21184646
21185169
21185356
21185364
21187462
21187470
21187479
21187492
21187515
21187924
21188100
21188132
21188471
21188541
21189253
21189451
21190193
21190335
21191045
21191630
21192955
21193016
21193839
21193945
21193962
21194153
21194293
21195542
21196113
21196191
21196282
21196345
21196406
21197955
21199649
21199773
21199795
21200141
21203894
21203936
21204766
21206179
21206896
21206908
21208740
21208902
21209739
21210161
21210235
21210239
21210284
21210981
21211035
21212266
21212470
21212737
21212998
21213123
21213124
21213215
21214269
21214676
21214925
21215629
21220172
21220190
21220328
21220494
21221711
21221714
21221826
21222217
21222365
21223624
21224297
21225336
21226671
21228048
21229290
21229642
21233200
21233669
21234290
21234524
21235438
21236604
21236605
21237216
21240060
21242296
21242491
21242845
21243728
21244709
21245048
21245367
21245385
21246394
21246396
21246566
21249131
21249460
21250796
21250804
21252041
21252081
21253578
21253762
21254137
21254213
21254884
21257259
21257331
21259406
21262804
21264841
21265608
21266476
21266843
21267448
21267532
21269333
21269762
21273377
21273935
21274370
21274506
21274970
21275414
21276769
21276823
21278783
21279815
21280156
21280222
21281247
21282590
21283755
21284750
21287394
21287686
21288634
21289335
21291403
21293176
21294158
21294620
21296415
21296705
21297127
21297128
21297581
21297667
21297974
21298078
21299082
21300005
21300007
21300013
21300033
21300448
21300471
21301063
21301069
21301070
21301910
21301914
21302607
21302627
21303223
21303749
21304179
21304523
21305597
21307130
21309478
21311890
21312095
21314123
21314332
21314958
21316598
21317208
21317451
21317457
21317927
21319330
21321091
21321221
21321268
21321380
21321483
21324687
21324937
21325257
21326038
21326241
21326876
21327710
21327711
21330392
21330399
21330401
21330749
21331304
21331613
21332189
21334839
21336646
21336773
21336775
21337410
21339188
21339190
21339192
21339260
21339920
21339961
21340483
21342033
21342468
21344322
21344375
21344976
21345069
21346156
21346226
21349721
21349998
21350045
21351155
21351156
21352804
21353747
21353776
21355777
21355891
21356187
21356591
21357517
21358357
21358821
21359433
21359852
21360443
21360573
21360625
21362133
21363881
21363882
21363911
21364280
21364627
21364648
21364665
21365007
21365010
21367464
21367753
21369939
21371437
21373966
21375488
21377994
21378318
21378543
21380601
21381591
21381705
21382095
21382192
21382550
21383690
21384216
21384268
21384342
21385051
21385110
21385870
21385897
21386822
21388464
21388543
21388717
21390271
21390812
21390826
21390827
21393821
21393858
21393877
21394635
21394775
21395220
21395383
21395392
21397851
21397855
21398405
21399487
21399866
21399879
21402102
21402437
21404136
21405945
21406402
21406405
21408136
21409514
21410456
21410936
21411296
21411370
21411810
21412967
21413079
21417701
21417900
21419810
21420247
21421114
21423202
21424125
21425258
21425407
21425408
21425958
21427185
21429202
21429240
21429292
21430111
21430586
21432029
21435175
21435883
21437897
21439242
21439246
21439954
21442202
21442241
21442275
21443462
21446047
21450822
21453286
21453386
21453688
21454539
21454620
21455311
21455841
21456013
21456918
21458093
21458987
21459588
21460795
21461361
21463946
21464045
21464145
21464146
21464220
21464236
21464805
21465149
21465471
21468006
21468776
21469924
21469925
21470419
21470768
21471286
21471404
21471710
21472352
21472719
21475718
21475844
21475878
21475898
21476455
21476500
21476808
21477311
21477385
21478024
21478334
21479160
21479234
21479441
21479498
21479583
21479688
21480238
21481277
21481791
21482122
21483124
21483125
21483128
21483304
21483406
21483692
21483847
21484262
21484410
21485758
21486223
21487065
21487410
21488581
21488879
21489226
21489305
21489628
21489704
21490182
21490677
21491930
21492676
21493184
21495672
21495676
21495907
21496396
21497925
21498352
21498545
21498720
21499132
21499306
21499558
21499727
21499746
21501033
21503583
21503585
21503828
21503892
21503893
21503949
21505062
21505426
21505476
21506118
21506123
21507932
21508384
21508666
21508668
21509470
21510904
21511480
21512825
21512826
21512888
21513432
21514294
21514700
21515906
21515959
21516289
21516461
21517131
21518820
21519795
21524170
21525171
21525872
21526200
21526345
21526352
21527585
21528665
21528672
21528675
21529193
21530612
21530633
21531084
21531282
21531288
21531290
21531816
21532337
21532394
21532887
21533266
21533524
21533838
21533839
21534253
21536039
21536325
21536466
21537375
21538026
21538040
21538079
21538143
21538561
21538824
21542684
21542931
21543627
21544552
21547397
21548711
21548745
21548832
21548942
21549324
21550254
21550255
21551075
21553143
21553248
21553829
21554053
21554935
21555372
21555572
21555877
21556735
21557327
21558073
21558074
21559523
21561454
21561597
21562035
21562060
21563238
21565182
21565482
21565517
21565841
21566522
21568657
21569306
21569311
21571807
21572635
21573016
21573151
21574646
21575694
21576388
21577001
21577359
21584184
21586556
21586613
21586624
21587260
21590320
21590492
21590689
21590869
21590996
21591812
21591852
21593689
21594585
21594589
21595825
21595882
21595984
21596656
21596795
21596805
21596889
21601021
21602932
21603247
21603965
21606416
21606821
21607667
21607882
21609741
21610314
21610702
21612575
21612576
21613208
21614314
21615592
21616528
21616673
21617879
21617974
21618027
21618836
21619538
21622124
21622174
21622185
21622715
21624864
21624991
21625383
21625441
21626030
21626031
21626071
21627340
21628493
21628563
21629227
21629979
21629980
21630086
21630343
21631628
21632852
21632859
21632862
21633668
21635150
21635257
21636705
21636706
21636707
21636709
21636865
21637621
21637915
21639944
21640482
21641335
21641917
21641983
21642372
21643805
21643840
21643841
21644815
21648318
21649900
21651812
21652157
21653252
21653597
21655151
21655911
21656012
21657209
21658601
21658953
21659010
21659463
21660227
21663411
21663587
21665484
21666266
21666501
21666711
21666767
21667253
21671178
21671294
21671408
21672702
21674016
21674441
21674763
21674864
21675958
21676290
21677447
21677873
21677877
21678403
21679342
21679769
21681929
21682571
21684170
21684288
21686385
21686881
21687663
21691404
21691426
21691733
21692241
21692695
21692706
21695150
21695249
21696865
21696954
21697087
21698427
21699466
21701111
21701112
21702038
21702063
21703238
21703400
21704404
21705077
21705618
21705839
21706273
21706358
21707241
21707245
21707322
21707494
21707495
21707497
21707498
21707499
21707500
21707501
21708136
21709196
21710351
21710464
21712563
21713760
21714070
21715171
21717133
21718006
21719102
21720182
21720384
21720810
21721879
21722156
21723035
21723633
21724586
21725368
21725801
21725802
21725853
21725855
21726504
21726539
21726646
21726721
21727210
21728042
21729729
21730024
21730286
21732139
21732344
21732755
21733592
21734835
21736079
21737504
21737610
21737625
21737636
21738796
21738825
21739168
21739238
21739256
21739452
21740400
21740923
21742680
21743299
21743492
21743824
21743969
21744079
21745356
21748051
21749867
21750150
21750656
21750982
21752281
21753906
21755329
21756557
21756999
21757445
21761969
21763448
21763744
21763958
21764585
21764795
21764822
21765937
21766299
21766499
21768296
21769436
21771332
21771868
21773885
21775006
21775090
21775121
21775422
21775821
21776811
21778066
21779029
21779312
21779426
21779511
21779655
21779721
21782780
21783349
21783700
21783950
21784756
21785461
21786013
21786169
21786296
21788344
21788346
21788357
21788507
21789683
21789698
21790828
21791942
21792731
21792750
21792866
21793107
21793333
21793576
21795717
21795858
21795860
21796273
21796274
21796629
21796709
21798846
21798849
21801393
21801599
21802840
21803695
21803743
21804458
21804599
21804824
21805473
21806264
21807073
21807103
21807667
21807668
21807962
21810014
21810170
21810406
21810410
21811707
21813279
21813511
21813738
21813894
21814046
21818118
21818572
21820737
21822306
21823599
21824566
21824692
21824890
21825264
21825989
21827413
21827414
21827415
21827416
21827417
21827418
21827419
21827420
21827581
21827660
21829433
21829586
21829728
21831290
21831363
21831900
21832283
21833575
21833601
21834792
21834793
21835431
21835939
21836617
21836821
21839964
21841523
21841761
21842123
21842443
21844505
21845561
21845970
21846680
21847707
21849924
21850196
21850371
21850378
21852011
21852034
21852380
21852387
21852505
21855134
21856073
21856685
21857646
21858417
21858676
21858682
21858729
21859829
21859839
21859841
21860608
21861281
21861842
21862487
21863026
21863062
21863242
21863303
21864242
21864802
21864926
21865140
21865889
21866330
21866563
21867556
21868286
21870211
21870336
21872624
21874051
21874248
21876467
21877214
21877938
21878236
21878501
21879257
21879332
21880180
21880363
21880871
21880994
21881409
21881622
21881877
21882183
21882259
21882832
21883622
21884623
21884817
21885075
21885076
21885251
21885814
21887390
21887474
21887505
21888887
21889492
21890158
21890539
21892317
21892384
21895872
21895963
21896554
21896743
21896959
21896960
21898824
21899947
21900396
21900399
21900810
21901744
21901745
21901757
21903153
21904904
21905448
21905801
21906308
21908444
21908554
21908773
21909136
21909820
21910919
21911485
21912681
21912936
21912938
21913828
21914223
21914442
21914639
21914791
21915099
21915104
21915300
21915324
21915368
21916848
21917735
21918175
21920419
21920453
21921941
21922144
21923240
21923303
21924916
21925302
21925688
21925789
21928112
21928115
21928660
21929033
21931135
21931216
21931289
21931722
21931801
21932445
21933022
21934682
21935361
21935366
21938262
21938739
21940112
21940738
21940837
21942727
21943300
21943399
21944724
21945734
21946118
21946432
21947035
21947268
21947269
21947516
21948231
21948473
21948651
21949124
21949677
21949886
21950922
21953450
21954443
21955193
21955197
21955528
21955616
21955618
21955681
21956171
21957016
21957871
21960344
21960545
21960689
21961046
21961478
21964740
21965728
21968049
21968439
21968944
21969006
21969507
21969599
21969812
21969816
21970205
21971709
21972092
21973062
21975336
21975418
21975932
21976412
21976549
21978395
21979463
21979894
21980357
21980448
21981077
21982163
21982454
21982868
21982884
21983033
21983866
21984063
21984115
21984132
21984222
21984883
21985798
21986722
21987248
21987288
21987444
21987532
21987724
21988793
21989663
21990322
21990337
21990598
21992729
21992793
21993440
21993831
21994479
21996738
21996744
21997991
21998290
21998659
21999122
22000015
22000519
22001163
22001762
22001862
22001870
22001963
22002102
22002595
22003756
22004682
22004704
22004728
22005689
22006764
22006998
22011736
22012047
22012946
22013079
22013169
22014565
22014571
22015553
22015595
22015597
22015640
22017238
22017338
22017800
22018358
22019045
22019122
22019558
22020333
22020337
22021694
22021906
22022298
22022560
22022926
22023048
22024282
22024963
22025148
22026810
22027252
22027280
22027691
22027709
22028388
22028620
22028761
22029196
22029250
22030012
22032578
22033322
22033613
22034964
22035272
22037649
22037800
22040407
22040408
22040410
22040412
22040413
22040551
22041025
22041845
22041920
22042246
22044206
22045118
22046342
22048878
22050020
22050021
22050025
22052333
22052334
22053231
22055715
22056879
22056988
22057917
22059142
22059152
22062133
22063721
22063730
22064695
22064833
22065080
22065084
22065199
22065754
22067563
22068108
22069432
22069467
22069705
22069706
22070049
22070554
22070920
22070930
22072503
22072592
22072879
22074483
22075379
22076119
22076165
22076316
22076588
22077956
22078643
22078644
22078645
22079609
22079725
22080438
22080864
22081298
22081447
22081793
22083670
22084619
22085359
22085529
22085887
22086066
22086271
22086447
22086614
22086906
22086978
22089331
22089350
22090104
22090453
22091432
22093097
22093167
22095958
22096581
22097494
22098029
22098621
22098779
22099074
22101221
22101282
22102081
22102082
22102544
22102955
22103487
22103566
22105363
22105553
22105851
22108847
22110193
22110212
22110876
22111577
22111688
22112477
22113362
22113697
22114144
22114502
22117160
22117164
22119199
22119352
22119381
22120270
22120276
22120277
22120301
22120376
22120717
22120720
22122467
22122801
22123234
22124725
22125077
22125093
22125164
22125441
22125950
22126439
22127356
22127877
22127927
22127934
22128846
22130634
22130665
22132297
22133921
22134728
22134773
22135084
22136065
22137795
22137880
22138752
22138765
22139077
22139906
22140638
22141295
22141608
22144022
22144555
22145100
22146386
22147076
22148835
22149428
22151302
22151431
22155992
22156016
22156038
22156195
22156546
22156990
22157621
22158303
22158480
22158841
22159356
22160182
22160242
22160627
22160854
22161130
22161356
22162424
22162660
22162832
22166264
22167349
22168049
22168970
22169598
22169956
22170088
22170592
22172718
22173583
22174514
22174842
22174890
22176646
22176732
22177802
22179681
22179774
22179835
22180028
22180310
22183148
22183788
22183828
22184283
22184289
22185260
22185340
22185371
22185393
22185645
22185703
22187628
22190458
22190499
22190972
22191003
22191314
22191616
22192169
22193155
22195609
22197404
22197405
22197544
22197783
22197831
22198964
22199257
22199315
22200324
22200506
22201538
22201732
22201815
22201865
22201973
22202053
22203237
22203689
22203901
22203961
22203985
22204522
22204711
22205738
22205943
22207231
22211146
22212740
22213142
22214341
22214427
22214463
22215664
22215883
22216058
22217655
22217858
22218096
22218709
22219345
22220465
22227470
22228201
22228339
22228704
22229106
22229128
22230766
22231634
22231733
22232519
22233211
22233416
22234090
22234522
22234835
22234937
22235430
22235799
22236187
22236189
22237627
22237628
22238332
22238651
22238765
22240505
22241217
22241797
22241957
22241976
22242177
22242939
22244251
22244911
22245088
22246925
22249262
22249618
22249620
22249692
22251275
22251506
22251860
22252786
22253835
22253875
22253878
22254257
22255945
22258403
22258704
22258713
22259689
22259694
22260960
22261782
22262180
22262958
22263109
22264522
22265460
22265735
22266399
22266862
22267545
22268080
22268380
22268382
22268386
22268526
22269208
22270220
22270848
22270849
22270850
22273502
22274399
22274924
22275178
22275724
22276196
22276231
22276743
22277560
22278369
22278382
22278731
22281424
22282078
22282175
22284691
22284807
22286061
22286216
22286341
22286776
22286777
22287028
22287159
22287826
22288519
22288844
22289423
22289687
22290118
22290252
22290253
22290254
22290255
22290256
22290257
22290258
22290259
22290260
22290261
22290262
22290263
22290264
22291006
22291905
22291938
22292643
22293178
22293781
22294051
22294205
22294349
22294448
22295120
22295207
22296176
22297399
22298787
22298889
22302519
22302673
22303870
22304393
22306621
22306904
22307528
22307533
22307776
22307805
22307824
22309662
22309944
22310175
22310282
22311413
22311673
22311740
22311806
22312554
22313360
22313638
22313687
22314826
22314928
22316483
22316604
22318143
22318356
22318357
22318540
22319202
22319219
22319220
22322613
22322893
22323579
22323597
22326863
22328137
22331317
22331796
22332907
22335538
22335784
22337773
22338386
22338845
22339070
22339071
22339072
22339073
22339166
22339281
22339792
22341231
22342097
22342518
22342710
22343889
22344298
22345070
22345479
22345562
22346196
22346349
22348136
22348177
22348200
22348395
22349049
22349712
22350669
22351749
22352795
22353043
22354011
22354378
22355603
22356893
22359097
22359215
22359291
22359620
22360815
22360855
22361502
22362293
22362770
22363471
22363547
22364744
22365962
22367289
22367315
22369241
22369771
22369969
22370485
22370935
22374425
22375091
22375916
22376065
22376130
22376134
22377333
22378045
22378558
22378568
22379614
22380407
22380883
22381305
22381467
22382781
22382782
22382785
22382786
22383401
22383993
22385772
22385786
22385787
22387049
22387108
22387365
22388453
22389235
22389824
22390360
22390413
22390560
22390762
22391209
22391300
22391302
22391460
22391876
22392572
22393126
22393293
22393407
22393945
22394496
22394497
22394507
22395973
22396071
22396442
22396498
22399192
22399617
22399639
22399642
22399802
22400111
22400112
22401348
22402637
22403483
22404670
22404984
22405392
22405901
22406049
22406782
22406925
22406992
22406999
22407174
22407175
22407176
22407251
22407755
22407828
22410115
22413865
22414280
22415301
22415316
22415465
22415835
22415968
22417385
22418738
22418788
22419031
22419509
22419606
22419663
22420305
22422181
22422183
22423307
22424569
22425022
22426504
22426762
22426926
22426960
22427110
22427294
22427331
22427730
22427929
22428049
22428052
22429326
22429982
22431192
22431589
22431923
22431925
22433396
22435486
22436661
22437285
22439930
22440258
22440866
22440867
22440871
22440874
22440875
22440876
22441548
22445005
22445362
22446296
22446686
22447336
22447485
22447568
22449076
22449214
22449387
22449730
22449951
22449972
22450747
22451442
22452362
22453919
22454035
22454085
22458328
22461640
22461663
22461883
22462021
22464345
22464950
22465663
22467191
22467206
22467479
22468112
22468222
22468703
22469979
22469987
22470130
22470443
22470685
22471459
22472174
22472177
22472897
22472960
22473267
22474319
22474481
22475378
22476649
22476968
22479427
22479456
22480321
22480511
22481252
22481303
22483738
22484078
22484149
22484336
22484521
22484854
22485134
22487677
22488658
22488688
22489059
22489821
22490015
22490338
22491214
22491781
22492283
22492958
22492960
22492961
22492962
22493260
22493267
22493342
22493425
22493711
22494416
22494770
22495452
22495652
22496213
22496621
22496891
22497485
22497851
22497886
22498007
22498195
22500202
22500682
22500732
22503122
22504484
22505009
22505191
22505657
22508289
22508724
22508761
22508762
22509804
22511951
22512247
22515442
22516416
22517216
22517254
22517399
22517495
22517705
22520731
22524279
22525272
22525274
22527250
22527749
22528454
22528487
22528522
22528787
22528789
22528800
22529983
22530056
22530121
22530127
22530672
22531315
22531638
22532597
22533316
22533851
22534618
22535603
22536362
22536446
22536863
22537870
22538188
22539003
22539062
22539339
22539956
22539962
22540380
22540632
22540736
22541356
22542809
22542810
22544323
22544650
22546030
22547081
22547198
22547311
22547392
22547772
22548078
22548369
22551309
22551313
22551918
22552443
22552889
22553175
22553327
22553975
22554389
22555507
22555517
22555804
22555992
22558241
22558405
22560667
22560712
22561797
22562223
22562250
22562748
22564186
22564383
22564423
22565048
22566377
22566612
22567173
22568967
22569092
22569122
22569569
22569786
22570167
22570280
22570426
22570527
22570537
22570591
22571869
22572881
22573310
22573716
22574278
22574668
22575386
22575825
22576268
22576273
22576886
22577135
22577290
22578793
22579810
22580610
22580816
22581597
22582165
22582564
22583678
22583806
22585382
22585676
22585854
22585859
22586629
22586651
22587896
22588335
22588435
22588876
22588883
22588980
22589395
22589615
22590566
22591335
22591720
22591734
22592599
22593187
22593207
22593439
22593993
22594892
22594898
22594899
22595352
22595358
22606543
22608262
22609303
22610581
22612131
22614016
22614672
22615883
22616791
22617325
22618484
22619067
22619307
22619466
22619509
22619929
22623890
22624051
22624064
22627392
22628080
22631060
22634050
22634579
22634799
22634925
22639155
22639157
22639168
22639691
22639711
22640269
22641287
22642423
22642424
22642425
22643827
22644537
22644796
22644833
22644996
22645298
22645523
22645717
22648019
22649140
22649568
22650175
22650322
22650359
22650980
22652173
22652868
22653387
22654102
22655084
22655242
22655594
22659494
22660920
22660961
22661233
22662167
22664273
22664838
22665013
22665140
22665268
22665686
22666203
22666755
22668012
22668241
22668828
22670012
22670213
22671766
22672084
22672415
22672670
22673390
22673727
22674154
22674257
22674304
22675113
22675171
22675172
22675500
22675627
22676416
22676959
22677165
22679114
22679124
22680781
22682129
22682132
22682216
22682223
22683171
22683510
22683923
22684030
22684297
22684992
22685459
22686129
22686314
22686472
22688054
22688083
22688136
22688424
22688511
22688590
22688802
22689925
22690797
22691727
22692046
22692065
22693073
22693188
22693253
22693982
22695475
22699883
22700320
22701651
22701765
22704945
22704957
22706201
22706484
22708931
22709411
22709546
22711523
22711606
22711607
22711608
22711710
22713363
22714714
22715955
22717580
22718138
22718351
22718829
22719241
22719973
22720693
22720749
22721885
22722053
22722315
22722712
22723309
22723849
22725988
22726066
22726973
22729867
22731981
22732497
22732722
22733133
22734595
22735247
22735931
22736234
22736505
22736596
22737194
22737605
22737970
22738909
22740218
22740881
22740944
22741033
22741039
22741917
22743640
22744756
22745010
22745032
22745252
22745588
22745829
22747609
22748649
22748650
22748651
22748652
22748653
22748654
22748655
22748656
22748657
22748658
22748660
22748661
22748662
22748663
22749281
22750848
22751127
22751500
22752145
22752663
22752853
22753156
22753697
22753727
22753735
22753745
22753757
22753758
22753763
22754205
22759954
22760199
22761760
22762543
22763439
22763625
22763762
22764318
22764763
22765644
22766678
22766763
22766851
22770110
22770475
22770690
22771539
22771706
22771885
22772423
22772608
22773464
22773520
22773570
22773580
22773753
22776797
22776998
22777924
22777926
22778058
22778172
22778273
22778780
22778947
22780551
22780919
22782858
22782899
22783376
22786655
22787434
22787578
22788770
22789454
22789531
22789536
22790483
22794286
22794670
22795300
22795538
22796041
22796988
22797070
22798502
22802136
22802234
22802421
22802621
22805276
22805580
22805772
22806339
22807461
22807580
22808125
22809292
22809560
22810131
22810136
22810137
22810491
22814822
22814967
22815357
22815729
22815765
22815826
22816039
22816097
22816875
22818211
22819581
22820645
22823596
22824792
22824796
22824800
22825389
22827635
22828727
22829019
22829388
22829753
22829908
22830398
22832897
22832898
22833450
22833856
22834637
22834680
22836313
22837216
22837387
22837675
22839576
22842577
22842701
22842996
22843268
22843450
22843869
22844109
22844111
22844129
22845849
22846410
22846543
22847020
22847515
22848219
22848302
22848369
22849307
22849976
22850112
22851374
22852080
22854590
22854592
22854781
22855197
22855780
22857784
22858053
22858156
22858544
22862166
22862177
22863814
22864532
22864683
22865003
22865095
22865458
22865971
22866207
22869051
22869622
22870228
22872457
22872572
22875158
22875706
22875709
22875710
22876160
22876838
22876981
22877848
22879011
22879062
22879067
22879071
22881865
22882019
22882181
22882564
22884072
22885356
22886134
22886532
22886559
22886662
22887477
22887998
22888977
22889488
22889772
22891038
22891331
22891879
22892797
22893786
22893789
22894667
22894900
22895069
22895239
22895339
22895402
22895567
22895638
22895699
22897453
22897589
22898080
22898240
22899010
22899945
22900509
22900848
22901239
22901381
22901505
22901803
22902505
22903238
22903412
22903697
22903848
22904127
22905089
22906859
22906921
22906922
22907646
22907752
22908046
22909088
22909251
22909274
22909291
22910106
22910273
22911839
22911853
22911978
22912356
22912392
22912867
22912934
22913813
22914495
22914772
22915756
22916070
22916164
22918789
22919020
22920963
22922228
22922737
22922798
22922887
22922964
22923449
22924042
22926763
22927971
22929615
22929661
22929920
22930281
22930388
22931418
22931526
22931701
22931705
22932670
22932984
22933339
22933650
22933901
22933943
22933959
22934848
22935677
22936104
22936999
22937035
22937156
22937174
22937360
22939175
22939176
22941268
22941561
22942782
22942827
22943417
22943956
22944718
22945905
22945948
22946104
22946342
22946346
22946614
22948185
22948536
22949938
22951908
22952195
22952428
22952576
22952847
22954142
22954185
22956341
22957919
22958073
22959214
22959448
22959996
22960114
22960273
22961067
22961074
22962413
22962493
22963566
22963638
22964225
22964612
22964630
22964638
22965162
22966020
22966368
22966378
22966858
22969836
22969865
22969916
22969985
22970054
22970208
22972189
22972709
22973019
22973309
22973963
22974233
22975219
22975685
22976134
22976135
22976136
22976140
22976141
22976149
22976482
22977194
22977336
22977501
22977525
22978537
22980038
22982574
22983908
22984526
22984531
22984665
22985932
22986464
22986533
22986743
22986811
22987116
22987497
22987986
22989406
22989521
22989795
22990979
22991580
22991922
22992516
22992678
22992787
22992974
22993350
22993449
22993597
22993639
22993648
22994265
22995409
22996231
22996727
22997168
22997542
22999387
22999562
22999819
23000516
23002937
23004932
23006324
23006589
23006842
23006966
23007009
23007395
23007574
23007634
23007860
23010083
23011120
23011206
23011765
23012408
23013619
23014630
23014761
23015095
23017192
23017588
23018147
23018213
23018764
23019306
23022437
23022473
23023975
23026133
23026761
23027969
23029030
23029035
23029099
23029298
23029364
23029397
23029420
23030782
23031382
23031548
23032906
23033007
23034333
23035050
23035900
23036170
23037498
23037712
23038810
23039130
23039151
23041758
23041832
23043492
23043578
23045694
23045819
23046790
23047041
23047061
23047160
23047291
23049280
23049281
23051742
23051921
23052252
23052337
23052451
23052455
23053494
23053495
23053496
23053783
23054561
23054563
23054677
23055212
23055947
23056171
23056179
23057844
23058249
23060541
23060917
23061753
23062197
23063412
23063752
23064578
23064941
23065266
23065374
23066444
23066446
23066447
23067370
23069707
23070115
23070117
23070242
23074196
23074198
23074200
23075631
23076220
23076250
23077112
23077581
23077658
23078246
23078625
23078969
23079154
23079407
23079650
23079654
23079710
23080410
23082101
23082733
23082884
23083460
23084346
23085863
23085868
23086431
23086432
23086433
23086436
23086571
23087000
23087791
23087896
23090987
23090999
23091446
23091665
23093778
23093786
23093856
23095230
23095687
23095807
23095825
23095833
23095915
23096132
23096357
23096411
23096413
23097141
23099529
23099651
23099652
23100099
23101450
23102054
23104156
23104276
23104476
23104868
23106822
23108137
23108208
23108258
23108917
23109381
23109653
23110107
23110108
23110111
23110175
23110262
23110493
23110505
23110891
23111300
23114641
23115013
23115024
23115063
23115158
23115159
23115160
23116197
23117045
23118709
23119205
23120745
23121030
23123054
23123196
23123468
23123976
23124613
23125026
23125226
23127062
23127968
23128449
23129310
23129521
23130660
23130929
23130933
23131149
23131159
23132371
23132408
23132531
23132729
23132831
23133490
23133496
23134689
23135024
23136223
23136592
23138021
23139079
23139667
23139755
23140679
23142218
23142225
23142818
23142963
23143001
23143002
23146242
23147506
23147997
23148613
23149016
23149313
23150190
23151413
23151957
23152057
23152853
23152907
23154776
23154965
23155233
23155237
23155248
23155267
23155487
23159039
23159669
23160341
23161074
23161539
23161541
23162655
23162656
23162662
23162765
23164425
23165409
23165942
23166678
23166834
23167797
23172372
23172661
23174013
23174862
23175182
23176328
23176331
23178246
23178488
23178493
23178880
23178919
23179833
23182702
23182901
23183634
23183822
23184145
23184331
23184674
23184752
23186108
23189967
23190289
23190500
23190554
23190603
23190604
23192002
23192213
23192351
23192708
23194364
23195957
23196427
23196836
23197693
23197811
23198769
23198803
23199209
23200177
23200680
23200924
23201135
23201264
23201460
23201752
23203914
23204232
23204518
23204544
23205093
23205103
23205105
23205130
23206951
23209033
23209575
23209769
23210245
23211224
23215807
23216239
23216891
23217424
23219427
23219954
23220408
23220538
23221384
23221815
23223340
23223548
23223984
23224339
23224642
23225432
23225460
23225805
23226044
23226047
23226293
23226505
23227384
23227453
23228423
23228988
23229792
23230518
23230562
23230963
23231075
23231881
23232276
23232806
23232808
23233213
23234391
23235917
23236019
23236348
23236496
23236540
23237675
23238013
23238128
23238158
23238364
23238831
23238957
23240849
23241766
23241958
23242058
23242736
23243024
23243055
23243059
23243485
23245511
23245659
23246370
23246627
23248182
23248421
23249106
23249750
23250732
23250739
23251006
23251243
23251672
23251904
23252729
23252848
23253699
23254140
23254359
23254890
23254891
23255107
23255914
23258843
23258844
23258846
23261330
23261424
23261467
23261661
23262217
23262509
23262510
23263746
23264191
23267136
23267434
23269274
23270324
23270484
23270518
23271915
23272238
23275554
23275575
23275591
23276717
23276796
23276952
23277201
23280007
23280617
23280793
23281184
23281850
23282171
23282970
23283548
23283986
23284888
23284920
23284962
23284979
23285074
23287045
23287412
23287504
23287912
23287915
23289446
23289977
23290419
23290425
23291739
23292182
23292205
23292865
23293278
23293540
23293671
23293753
23295773
23296073
23296525
23297003
23298478
23298836
23298839
23298946
23299302
23299390
23299461
23299463
23300119
23300356
23300736
23300809
23300836
23300919
23302469
23302906
23303224
23304418
23304519
23306611
23307195
23307238
23307328
23307575
23307586
23307858
23308046
23308224
23311594
23311918
23311938
23313530
23314342
23314408
23314599
23317095
23317162
23317499
23318451
23319046
23319055
23319103
23319157
23319187
23319191
23319198
23319493
23320220
23320456
23320818
23321599
23322598
23323171
23324350
23324355
23324827
23326161
23326319
23326571
23328665
23328703
23328810
23328811
23328812
23328813
23328978
23331007
23331008
23331016
23333005
23333277
23333382
23334122
23334228
23334672
23334798
23334959
23335032
23335050
23335951
23336182
23337036
23338526
23338605
23338717
23338774
23339869
23340178
23340179
23340741
23340843
23340988
23341811
23343081
23344256
23344721
23344784
23344786
23344788
23344874
23344900
23345034
23346075
23348245
23348763
23349727
23349846
23349962
23349970
23350777
23351840
23352352
23354438
23354452
23354652
23354654
23354786
23354807
23354833
23355974
23356849
23356982
23358413
23358475
23359180
23359207
23359755
23360795
23361139
23361281
23361368
23362460
23362951
23363074
23363223
23363301
23363814
23367447
23368093
23370326
23370430
23371031
23372647
23372791
23372821
23372974
23374258
23374526
23375415
23376432
23376635
23377372
23377665
23377829
23377983
23378223
23378763
23379618
23380592
23381602
23381805
23382287
23383034
23383149
23383209
23383237
23383241
23383403
23383998
23384223
23384727
23385422
23385995
23386096
23386496
23386688
23386689
23386914
23387972
23387973
23388072
23388100
23388562
23388566
23389363
23389839
23389889
23390061
23390110
23390247
23390502
23391370
23391494
23391506
23392431
23392846
23392847
23393205
23393206
23393208
23393560
23393614
23395851
23395884
23396489
23397067
23397238
23397360
23399039
23399484
23399636
23399681
23399902
23400473
23400596
23401227
23401361
23403069
23403078
23403174
23403349
23403472
23403631
23403638
23404447
23404553
23404675
23404835
23406356
23406431
23407460
23408118
23408368
23408428
23408861
23408876
23409016
23410206
23410662
23410663
23410887
23410976
23411181
23411595
23411778
23412337
23412775
23412776
23412777
23412799
23413249
23413250
23413907
23414300
23414932
23415875
23416698
23417321
23417357
23418456
23418780
23418781
23418942
23419190
23419325
23419375
23419575
23419732
23420397
23421452
23421905
23422478
23424118
23424119
23424671
23425509
23425999
23426156
23426187
23426283
23427036
23427955
23428290
23429286
23429418
23429602
23429996
23430346
23431500
23432647
23432648
23433400
23433909
23435867
23436115
23436212
23436586
23438035
23440206
23440594
23441165
23443094
23443138
23443213
23444257
23444259
23445331
23445448
23445763
23448094
23448150
23448182
23450196
23450706
23451042
23451252
23451269
23451905
23451940
23453151
23453153
23453191
23454250
23455483
23455794
23456655
23457348
23457577
23458498
23459592
23459853
23460318
23460319
23460324
23460667
23462418
23462419
23462855
23463365
23464433
23466061
23466456
23466981
23467447
23467648
23468063
23468990
23470260
23471124
23471193
23472076
23472735
23474544
23475320
23475391
23475509
23476020
23476784
23477614
23479032
23479134
23479324
23479354
23479453
23479503
23482671
23483059
23483074
23483121
23483435
23484006
23486688
23486927
23489694
23490231
23490442
23492364
23492674
23493217
23493580
23494481
23494632
23494873
23495174
23496844
23496909
23497354
23499203
23500470
23500545
23502430
23503605
23504125
23504126
23504257
23507920
23508289
23508546
23508923
23508956
23509259
23510065
23510353
23510544
23510696
23512266
23512591
23512614
23512659
23514245
23515871
23516171
23516263
23516772
23518876
23519270
23519373
23519742
23519841
23520016
23520454
23522185
23523186
23523615
23523627
23524262
23524267
23524585
23526410
23526977
23526983
23527068
23529375
23530221
23530248
23530875
23530939
23532877
23533006
23533060
23533157
23533263
23533349
23533755
23533997
23534743
23535992
23536107
23536279
23536763
23537212
23537700
23538442
23538445
23539183
23539269
23540348
23540695
23541771
23541792
23542114
23542378
23543207
23543272
23543397
23543618
23543729
23544164
23544166
23544169
23544171
23544423
23545860
23546358
23547110
23547755
23548480
23549787
23550395
23550771
23550813
23551342
23551751
23552385
23553038
23553268
23553917
23554289
23554659
23554877
23555046
23555565
23555768
23555905
23556031
23557138
23557402
23557719
23558953
23558954
23559545
23560574
23561593
23561967
23562655
23563176
23564129
23564131
23564276
23564772
23564811
23564816
23566417
23569388
23571737
23571774
23573262
23575267
23575351
23575987
23576601
23577178
23577324
23577964
23578059
23578185
23579274
23579442
23579692
23579970
23580181
23580313
23580587
23581583
23582684
23583191
23583203
23584310
23584571
23585629
23585688
23586679
23588276
23589885
23590435
23590833
23591978
23592437
23592488
23592805
23593382
23593504
23594394
23594434
23594862
23595058
23595612
23595628
23595970
23596468
23598719
23600941
23601662
23603097
23603790
23606319
23607282
23607451
23608672
23609963
23612755
23613317
23613489
23613813
23613880
23613942
23614654
23615082
23615419
23617288
23617348
23617349
23617517
23617883
23618224
23618500
23618720
23618768
23619303
23619925
23620409
23620671
23621269
23621311
23621605
23621850
23624408
23624749
23624779
23624825
23624869
23625340
23625362
23625399
23625692
23625739
23626934
23628207
23628475
23629686
23629961
23630101
23630166
23630666
23631502
23631818
23632480
23633341
23633392
23633927
23634286
23635774
23636005
23636127
23636139
23637061
23637365
23637986
23638004
23638079
23638625
23639619
23639620
23639634
23640533
23641361
23641712
23641829
23642624
23643983
23644102
23644530
23644658
23645344
23645448
23645533
23645534
23645548
23645729
23646114
23646141
23646172
23646262
23646347
23647684
23647757
23647759
23648695
23649002
23649997
23650391
23650628
23651564
23651583
23651652
23651857
23652010
23652300
23653359
23656344
23658294
23658321
23658323
23658650
23658659
23659608
23661241
23661361
23661552
23661648
23661698
23662801
23663361
23663500
23663786
23664543
23664694
23665322
23665325
23665349
23665578
23666202
23667531
23667632
23668489
23669226
23670138
23670248
23670597
23670807
23671189
23671656
23673513
23673813
23675031
23675241
23675474
23675982
23676507
23677714
23679051
23680149
23680820
23681224
23682339
23683041
23684459
23685503
23685934
23686309
23686814
23687568
23687982
23688441
23688444
23688923
23689370
23690170
23690748
23690991
23691191
23691466
23691498
23693024
23693152
23694764
23695515
23695516
23695554
23696246
23698463
23699535
23700324
23701649
23701726
23702739
23704990
23706183
23706233
23706268
23706614
23706743
23707066
23707073
23707077
23707264
23707559
23707781
23708048
23708557
23708697
23708867
23708917
23711563
23712607
23712868
23713868
23714460
23714471
23714583
23714687
23714694
23715109
23715111
23715325
23715499
23715769
23717108
23717195
23717670
23719055
23719267
23720055
23720663
23722536
23723255
23724064
23724780
23725999
23726027
23726825
23726844
23728478
23728536
23729276
23729388
23729642
23730207
23731170
23732394
23732626
23732993
23733246
23733444
23733769
23734191
23734318
23734319
23734325
23734882
23736154
23737287
23737374
23737488
23737671
23737970
23740136
23741072
23741257
23741984
23743281
23743448
23743623
23744080
23744344
23744781
23745156
23745793
23746971
23747271
23748572
23748645
23749036
23749785
23749904
23750272
23750318
23750791
23752188
23752693
23754151
23754388
23754617
23754639
23754761
23754910
23755861
23756726
23757449
23758749
23759368
23759373
23760502
23761023
23761169
23762328
23762372
23762456
23763899
23763996
23764753
23764841
23766946
23768967
23769558
23769599
23770238
23771021
23771630
23771912
23772050
23772243
23774217
23774664
23774672
23775076
23775421
23776187
23777544
23778499
23780645
23780720
23782513
23783486
23783960
23785647
23786946
23787764
23788270
23788430
23788852
23790466
23790634
23791210
23791366
23791939
23792158
23792334
23792642
23792644
23793099
23793813
23793816
23793848
23793967
23796560
23796561
23796692
23796709
23796882
23796897
23798369
23798791
23799087
23799852
23800258
23800677
23801022
23801749
23802079
23803053
23803674
23804229
23804423
23805245
23806108
23806221
23807168
23807265
23807292
23807490
23809014
23810487
23811941
23811973
23812963
23814263
23814265
23814495
23817105
23817572
23817721
23817808
23817964
23818228
23818631
23819258
23820014
23820809
23820961
23821555
23821670
23821758
23822711
23824106
23826359
23826369
23826381
23826410
23826422
23826488
23827186
23828115
23828240
23828241
23828263
23828502
23829383
23829593
23830466
23830853
23831266
23831316
23832112
23832120
23832758
23833304
23833308
23833677
23833726
23835866
23836332
23836907
23837656
23838133
23838182
23840280
23841937
23842546
23843722
23844071
23844359
23844725
23845244
23845846
23846349
23847365
23849831
23850399
23850491
23850692
23851271
23851796
23852775
23852919
23855374
23857040
23857076
23857508
23857604
23857706
23859240
23859266
23859461
23859617
23860630
23860773
23861829
23861869
23863200
23863343
23864165
23864770
23864876
23864912
23867302
23868007
23868553
23869222
23869943
23870657
23870768
23871826
23872260
23873661
23873826
23874576
23874926
23875172
23875732
23877018
23877261
23877316
23877317
23877363
23878286
23879635
23880112
23881025
23883371
23883433
23883558
23883669
23884408
23884731
23886218
23887192
23887589
23887645
23887941
23887970
23888189
23889991
23891093
23891772
23891970
23892108
23892628
23897632
23898097
23898108
23898121
23898124
23899445
23899985
23901325
23902244
23902772
23903995
23904262
23904372
23904850
23905009
23905037
23906712
23906726
23907119
23907387
23907434
23907517
23907540
23908450
23908470
23908588
23908590
23908595
23911595
23912459
23912878
23915330
23915802
23915916
23917401
23918370
23918605
23918654
23919124
23919337
23921097
23921592
23922679
23924460
23924792
23925453
23925827
23926209
23927666
23928040
23928140
23928381
23929302
23929496
23931597
23932193
23933178
23934175
23934397
23934435
23934769
23935067
23935155
23936004
23936469
23937436
23937621
23938469
23939024
23940052
23940104
23940216
23940287
23940299
23940372
23940583
23940635
23943221
23943798
23943891
23945847
23946820
23949216
23949222
23950863
23950874
23950891
23950991
23951053
23951083
23952194
23952904
23953782
23955042
23955054
23955565
23955573
23955713
23956067
23957780
23958549
23959073
23959425
23960094
23960453
23961808
23962875
23963648
23965755
23966794
23967279
23968587
23969153
23969343
23969884
23970099
23970362
23970367
23972439
23972990
23974823
23975833
23977117
23977270
23977426
23978378
23978432
23978446
23978989
23979650
23979682
23980685
23981784
23983258
23986257
23988086
23988756
23989725
23990986
23991102
23991844
23991959
23992118
23993306
23993307
23993314
23993863
23995230
23996800
23998913
24000284
24001182
24002156
24002181
24002694
24004722
24005159
24005771
24005813
24005892
24007185
24007469
24008150
24008207
24008433
24008924
24010546
24010971
24011139
24011728
24012640
24012704
24013625
24013885
24014093
24014128
24014381
24014382
24016393
24018257
24019001
24019070
24019233
24019780
24019855
24019948
24022637
24022922
24023281
24023343
24023789
24023874
24023893
24026531
24027663
24028526
24029012
24029093
24029128
24029287
24030701
24030977
24031101
24032376
24032516
24035550
24036694
24036851
24037342
24037645
24037824
24038033
24038660
24038955
24038993
24039448
24039814
24039914
24040331
24041957
24042196
24043497
24044612
24044776
24044901
24045042
24045166
24045365
24045955
24045969
24046259
24047526
24048272
24048798
24049111
24049547
24052128
24052948
24053265
24054399
24054490
24054994
24055034
24056404
24056773
24056893
24057325
24057326
24057885
24058043
24058750
24059235
24061435
24062140
24062988
24062997
24063865
24064112
24064197
24064758
24065522
24065569
24066060
24066683
24066922
24066926
24067366
24067777
24068316
24068568
24068649
24068827
24068912
24069154
24069296
24069415
24070025
24070814
24071842
24072435
24073000
24073290
24075210
24075410
24076266
24076268
24076583
24076665
24076776
24077277
24077285
24077291
24077665
24078215
24078694
24078801
24079712
24081673
24083077
24083547
24084846
24085465
24086323
24086482
24086629
24086645
24088605
24089051
24091101
24091309
24092421
24092860
24093578
24093630
24096193
24096582
24097102
24098079
24098326
24099043
24099060
24099143
24100685
24100977
24101040
24101048
24101287
24101484
24101737
24101872
24104452
24105770
24108471
24109190
24109474
24109588
24109639
24110610
24111178
24111225
24111707
24111708
24111709
24113148
24113378
24113876
24114272
24114756
24115218
24115360
24115401
24117252
24117272
24118308
24120142
24120758
24121277
24121485
24122335
24122361
24122417
24123016
24124917
24125772
24125970
24126047
24126416
24127551
24127995
24129546
24129764
24130262
24130787
24130882
24131927
24133376
24133622
24134853
24135276
24135280
24135790
24135848
24136026
24136252
24136647
24136891
24137154
24137404
24137437
24137566
24138206
24138671
24139873
24140020
24140063
24140581
24140770
24140771
24140783
24141458
24141773
24142150
24142484
24142746
24144951
24145173
24146797
24147027
24147065
24147153
24148583
24148623
24151536
24152817
24152818
24153102
24154728
24154962
24155099
24155503
24155920
24157575
24157925
24158079
24158109
24158110
24158111
24158112
24158670
24161427
24162241
24162827
24163400
24163766
24164301
24166506
24166509
24166565
24166907
24167576
24167656
24167760
24168050
24168369
24169356
24170433
24170543
24170547
24170555
24172591
24173682
24173683
24173908
24174328
24174800
24174874
24175095
24175106
24175724
24176853
24176859
24176955
24177718
24178440
24178621
24178889
24179388
24179537
24179539
24179548
24183537
24183680
24184522
24184575
24185179
24186206
24188411
24189182
24190580
24190997
24191220
24192264
24192774
24193082
24193513
24194293
24194606
24195021
24196438
24197864
24199814
24199941
24200816
24202332
24202333
24202336
24202337
24202340
24202441
24202446
24203894
24204733
24205039
24205116
24205314
24205904
24206953
24209931
24211079
24211747
24212782
24212792
24212935
24212955
24212976
24213135
24213239
24213322
24213470
24213559
24213561
24213851
24214496
24215283
24217072
24218165
24218589
24218991
24219064
24219243
24219971
24220141
24220325
24220915
24222871
24223867
24224661
24225180
24226271
24228024
24228091
24231389
24234430
24236209
24236823
24236929
24236959
24237810
24237903
24239228
24239742
24239935
24240114
24240542
24242756
24243798
24244348
24244481
24244722
24246204
24247297
24247921
24248532
24251927
24252135
24252196
24252243
24252689
24252760
24252772
24253382
24256826
24256904
24257004
24257218
24257371
24257502
24257753
24259206
24259277
24260059
24260384
24260522
24261984
24262379
24262451
24262660
24263047
24264532
24265321
24265680
24265731
24265748
24265816
24267288
24267971
24269963
24270553
24270851
24270882
24270883
24271659
24272336
24272483
24273480
24273748
24274717
24276989
24278004
24278406
24278407
24278465
24280005
24282289
24282349
24282503
24284086
24284089
24285547
24285548
24285549
24285550
24285593
24287492
24287680
24287697
24287948
24291476
24292886
24293233
24294177
24294187
24294521
24294824
24295494
24296458
24297065
24297570
24297706
24298394
24299936
24300358
24301776
24302539
24303044
24304312
24304919
24305701
24305702
24305703
24305708
24305710
24305712
24305713
24305717
24305718
24305719
24305720
24305721
24305722
24307995
24308561
24309599
24309981
24310318
24310399
24310473
24310474
24310600
24310612
24311635
24311636
24311637
24312360
24312897
24312904
24313309
24316223
24316756
24317603
24318915
24318971
24319475
24319533
24319543
24319629
24319635
24320142
24322542
24322672
24324068
24324080
24324108
24325546
24325789
24325790
24325908
24326312
24326836
24326852
24327581
24327582
24328555
24328859
24328866
24328874
24328881
24330607
24330732
24331200
24332177
24332268
24332880
24333096
24333442
24333722
24333730
24334762
24335147
24335554
24335566
24335696
24335697
24335699
24335700
24335821
24336154
24337070
24337385
24337403
24339739
24341748
24342723
24344030
24344042
24345274
24345558
24346432
24346635
24347514
24348050
24348390
24348834
24348904
24349039
24349068
24349636
24351290
24351423
24352027
24352098
24352696
24352760
24352766
24353325
24353408
24353415
24354554
24354918
24355182
24355709
24355810
24356103
24356439
24356817
24358143
24359008
24359210
24359605
24360864
24361023
24362532
24362864
24362877
24362902
24363056
24365991
24366606
24366691
24366773
24366851
24366881
24366912
24367102
24368529
24368778
24368849
24369857
24370662
24373823
24373972
24374745
24374786
24374955
24374962
24375041
24375192
24375541
24376047
24376632
24378652
24378760
24378964
24379112
24379381
24379664
24379902
24379973
24380367
24380758
24381070
24381528
24381594
24381794
24381797
24382515
24383468
24384235
24384236
24384237
24384238
24384359
24386117
24386409
24386429
24386505
24387105
24388030
24390189
24390405
24390738
24390806
24390814
24390930
24390962
24391839
24391856
24393335
24393582
24395346
24395348
24395350
24396461
24397721
24397730
24398474
24398615
24398899
24399202
24399480
24399651
24400520
24401138
24401275
24401960
24402921
24403445
24403485
24404403
24404994
24405866
24406045
24406047
24406169
24406213
24407946
24408041
24408895
24409449
24410308
24410805
24411020
24411131
24411704
24412053
24413082
24413684
24414135
24416018
24416092
24416140
24417499
24417635
24417983
24418124
24418474
24420923
24421847
24423923
24423983
24424470
24424564
24425046
24425048
24427741
24429465
24429479
24431219
24432012
24432373
24432794
24433240
24433351
24434023
24434504
24434553
24434817
24435880
24436148
24437962
24438171
24438238
24440405
24440540
24440720
24440875
24440905
24440911
24440977
24441743
24442482
24442484
24442487
24442537
24442637
24442638
24443270
24443327
24443436
24445145
24445767
24446254
24448063
24448662
24449075
24449149
24451717
24451718
24451719
24451720
24451721
24452095
24452817
24453002
24453030
24453365
24453997
24454798
24454961
24456504
24457079
24457416
24457964
24458018
24458840
24458956
24460101
24462187
24462646
24462899
24463168
24463354
24463355
24463356
24463357
24464249
24464287
24464841
24465609
24465725
24465898
24466366
24466368
24466376
24466377
24467192
24468652
24468659
24468884
24469053
24469819
24469853
24469854
24469855
24469988
24470547
24470549
24470554
24470557
24471936
24472318
24472484
24473088
24473378
24473683
24473978
24474261
24474262
24474429
24474505
24474794
24475040
24475120
24475376
24475840
24476492
24477604
24480266
24480727
24481065
24481330
24481573
24481586
24483339
24484232
24484250
24484256
24484258
24484261
24485463
24487962
24488013
24488095
24489997
24491042
24491927
24493576
24493698
24495267
24495592
24495907
24496381
24497408
24498019
24498027
24498557
24498562
24499582
24499675
24500204
24500492
24501391
24501428
24501690
24503133
24503185
24503249
24503545
24503556
24503899
24504500
24505127
24505138
24505234
24506460
24506545
24506588
24508595
24508806
24509172
24509948
24510240
24510377
24510433
24510742
24510865
24510985
24511006
24511544
24512012
24512568
24513187
24514450
24514918
24515349
24516010
24516604
24516636
24517116
24518219
24518393
24518591
24518612
24519663
24519935
24520416
24520527
24521200
24521265
24521297
24521322
24521695
24522719
24523362
24523440
24523748
24525184
24525740
24525857
24526161
24526307
24526308
24526367
24527074
24527179
24527399
24527434
24527455
24527669
24529556
24530226
24530235
24531400
24531536
24531649
24532242
24532427
24533653
24534034
24534640
24535228
24535317
24535641
24547961
24548728
24549719
24550271
24550934
24550987
24552317
24552318
24552486
24552705
24552816
24553082
24553726
24554053
24555238
24555917
24555979
24556736
24557012
24557544
24557958
24560403
24561085
24561124
24562299
24562646
24563280
24563782
24564083
24564687
24565034
24566984
24568970
24570103
24570821
24570975
24571331
24571613
24571836
24571837
24573305
24573400
24573635
24573637
24574359
24575382
24575383
24576846
24576944
24580635
24582303
24582432
24582898
24584142
24584679
24584937
24585442
24586608
24586730
24587218
24587385
24587783
24587979
24588013
24589652
24589838
24590402
24591820
24593001
24593254
24594450
24594866
24595597
24596117
24596146
24597751
24599080
24599437
24599950
24600235
24601786
24602166
24603483
24603851
24604160
24604164
24604379
24604520
24604751
24605087
24606461
24607217
24607407
24607408
24607494
24607568
24608451
24608453
24608791
24609385
24610705
24611138
24611608
24611713
24612214
24613549
24613764
24614223
24614622
24614786
24614983
24615357
24615863
24616338
24616497
24618825
24619502
24619503
24619825
24620969
24621265
24621529
24623736
24623841
24625025
24625664
24626062
24626197
24626736
24627220
24627236
24628235
24628247
24628265
24628706
24631860
24632304
24632342
24632607
24632660
24633048
24633316
24634586
24636065
24637229
24637230
24637491
24639224
24640102
24641279
24641957
24642114
24642394
24642524
24643683
24644272
24644285
24645697
24645913
24646147
24647355
24647444
24647572
24648185
24649161
24649169
24649273
24650032
24650279
24650937
24652192
24652451
24652521
24652828
24655021
24656405
24656976
24657266
24657544
24657728
24657832
24658109
24658154
24658280
24658326
24658464
24659686
24661266
24662514
24662753
24662935
24664369
24665131
24666692
24668610
24668804
24669300
24670226
24670244
24670608
24670968
24671641
24671677
24672773
24673436
24673510
24673565
24673719
24675463
24675569
24675671
24675718
24676005
24676140
24676346
24676782
24677340
24678590
24678780
24678783
24679099
24680642
24681547
24682219
24682474
24682943
24683427
24683522
24684609
24685274
24686321
24687775
24688313
24689533
24690158
24690174
24690948
24691018
24691423
24691539
24691646
24691860
24691976
24692230
24692717
24692723
24692729
24694151
24695093
24695405
24695838
24696184
24696266
24697149
24699025
24699988
24700462
24703682
24704430
24704537
24704824
24704830
24705102
24705988
24706357
24706491
24706805
24706837
24707876
24708237
24709822
24709958
24710409
24711698
24711705
24711712
24711713
24712441
24714522
24714627
24715652
24715656
24716953
24717311
24718026
24718821
24718901
24719157
24721394
24722266
24722313
24722970
24723451
24723487
24723563
24723564
24724098
24724620
24725140
24725398
24725538
24726434
24726643
24726753
24727314
24728273
24728785
24728830
24728992
24729345
24729904
24730272
24730698
24731284
24731571
24731587
24731904
24732116
24732569
24732807
24733618
24733643
24733853
24733941
24736727
24736829
24737028
24737733
24738058
24739522
24739874
24740103
24740194
24740195
24740196
24740347
24741074
24741247
24741354
24743033
24744992
24745610
24745708
24746164
24746442
24747440
24747515
24747768
24747968
24750704
24750786
24751383
24754735
24754873
24754926
24755487
24755548
24755707
24755877
24755988
24756113
24756348
24756349
24756350
24756862
24757258
24758031
24758192
24759231
24759636
24759784
24761902
24762811
24764300
24764605
24765187
24766032
24766304
24766799
24768122
24768217
24770633
24770732
24771221
24771432
24771584
24771611
24772202
24772206
24772214
24772249
24773178
24776650
24777293
24777756
24778047
24778086
24778252
24778364
24778919
24779345
24780067
24781189
24781191
24785373
24785551
24786603
24786643
24787244
24787660
24788093
24788248
24788963
24789034
24789255
24790104
24790666
24790790
24792437
24792440
24792644
24792645
24793313
24793792
24794308
24794586
24795222
24795429
24797437
24798209
24799277
24799454
24799521
24800247
24801379
24801985
24803001
24803042
24803679
24804210
24804271
24804578
24804720
24805111
24805151
24805821
24806510
24809021
24809637
24809850
24810017
24810052
24810059
24810477
24810945
24811082
24811110
24811242
24811259
24812275
24812340
24812626
24812703
24812719
24813092
24813240
24814143
24814181
24814343
24816734
24817689
24818047
24818720
24818989
24819299
24820020
24820265
24821382
24821384
24821727
24823897
24824141
24825490
24825943
24827997
24827998
24828264
24828835
24829757
24829861
24830984
24831540
24832468
24832486
24832620
24833463
24833466
24833724
24834433
24836441
24838313
24838487
24838514
24838527
24838834
24838891
24840052
24840405
24840614
24841514
24841897
24842123
24842321
24842792
24842956
24843164
24843883
24847254
24847385
24847443
24850137
24852229
24852696
24854491
24856037
24856049
24856830
24857153
24857712
24858071
24858819
24859312
24859792
24860177
24860178
24860813
24861878
24862126
24862407
24863237
24865424
24865428
24866280
24867100
24867464
24867782
24868315
24868540
24868550
24868575
24870733
24870769
24871302
24872389
24874578
24874955
24875536
24875758
24876103
24876774
24877084
24878107
24878186
24878287
24878379
24878624
24878760
24878819
24878820
24878932
24879067
24879459
24882391
24883157
24883189
24884522
24884660
24885857
24886624
24888789
24889528
24889534
24889866
24890220
24890354
24891448
24891914
24892449
24893732
24893855
24893890
24893952
24894018
24894482
24895599
24895995
24896082
24896268
24896337
24896565
24897999
24898819
24899388
24899645
24899919
24900612
24900981
24901050
24902789
24903384
24904289
24904882
24904884
24905056
24905187
24905318
24905404
24905460
24906388
24908656
24909268
24909307
24909675
24910708
24911084
24911215
24911613
24912512
24913029
24913330
24913622
24915168
24916129
24918282
24918622
24919120
24922649
24922660
24923209
24923441
24925914
24926429
24926467
24926470
24926991
24927040
24927871
24928118
24928248
24928612
24929522
24930669
24930898
24932636
24933160
24935062
24935364
24935693
24936972
24937370
24937457
24937770
24938488
24938515
24939639
24940426
24940681
24941977
24942463
24942731
24942787
24944694
24944794
24944883
24945646
24946210
24947043
24947060
24947255
24947312
24947313
24947819
24947843
24948145
24949678
24950012
24951112
24951116
24951211
24952322
24953334
24953561
24953629
24954504
24955094
24955726
24955928
24956998
24958095
24958615
24959075
24959384
24959488
24959930
24961996
24962027
24962072
24962319
24962328
24963303
24963955
24963961
24964151
24965146
24965413
24965455
24965532
24966152
24966907
24967005
24967401
24967941
24968089
24968265
24968413
24968753
24969563
24969623
24969876
24969924
24970314
24970386
24970553
24970694
24970813
24971017
24972545
24974128
24975207
24975917
24976141
24976422
24976529
24976869
24977113
24977151
24978848
24979221
24979279
24980627
24981953
24982220
24982421
24984002
24984215
24986089
24986561
24986746
24987500
24989033
24990071
24990826
24990827
24991202
24991398
24991423
24991467
24991473
24991840
24991884
24992837
24993033
24994119
24994771
24994829
24995467
24995786
24996625
24997139
24997477
24997577
24997860
24997979
24997998
24998223
24999342
25000176
25001192
25002780
25003941
25004601
25005528
25006033
25009081
25009580
25010047
25010988
25012071
25012123
25012567
25012955
25013914
25015090
25015231
25016928
25017049
25017123
25017126
25017996
25019252
25019596
25020033
25024888
25024889
25026297
25026995
25027403
25027741
25027839
25028266
25028795
25029272
25029481
25031184
25031733
25032689
25033601
25033940
25034532
25034704
25035291
25036205
25036404
25037316
25037717
25038253
25038272
25038847
25039611
25039617
25040381
25040382
25040548
25040820
25040912
25042352
25042636
25042866
25043298
25043479
25044255
25045237
25046485
25047626
25048528
25050814
25050915
25051370
25051421
25052752
25053165
25053711
25053823
25053824
25053853
25054064
25054200
25054228
25054300
25054302
25054464
25054467
25054578
25054664
25054665
25054820
25055018
25055021
25055131
25055291
25056222
25056450
25057435
25057450
25057863
25057865
25057867
25057978
25058589
25058922
25059209
25059666
25059972
25060559
25061500
25061689
25061868
25062668
25063458
25064688
25064731
25065849
25066075
25066215
25066520
25066726
25066904
25068145
25068311
25069036
25069566
25070489
25071006
25071012
25071098
25072631
25073123
25074541
25075059
25075279
25076237
25076255
25077069
25077668
25077882
25078279
25078449
25079102
25079112
25079117
25079687
25079688
25080473
25080476
25080943
25081621
25082799
25083342
25083393
25083989
25084005
25084455
25084773
25085213
25085219
25085362
25085363
25085543
25085602
25085729
25088051
25088200
25091220
25091588
25092745
25093146
25093240
25093497
25096191
25096798
25096799
25096848
25096963
25097625
25097727
25097800
25097829
25097859
25098236
25098699
25098701
25099491
25100205
25101196
25101224
25101239
25103559
25103728
25104068
25104085
25104312
25105369
25105699
25106061
25106096
25106108
25106132
25106428
25106866
25107913
25108151
25108295
25109438
25110087
25110095
25110098
25110523
25111481
25111650
25111969
25113866
25114226
25115191
25117070
25117082
25117686
25117706
25117714
25117977
25118327
25118570
25118638
25118729
25119471
25120620
25120656
25120750
25121357
25121761
25121771
25122893
25123357
25123598
25124617
25124644
25124653
25125367
25125481
25126556
25126583
25127414
25128061
25128864
25129238
25130259
25130928
25131308
25131339
25132312
25132599
25133526
25134866
25135840
25135958
25136121
25136570
25136839
25137525
25137619
25137883
25139148
25139254
25139333
25139628
25140002
25140036
25140038
25140039
25140128
25140280
25141189
25143859
25143868
25144626
25144716
25146643
25146656
25146669
25149139
25149529
25149532
25149900
25150284
25151504
25151507
25151509
25151961
25151966
25151984
25153169
25153720
25154617
25155356
25155357
25155358
25156108
25156912
25157102
25157275
25158647
25158675
25158679
25159136
25159276
25160993
25162007
25162466
25162558
25162959
25163646
25163836
25163906
25163989
25164012
25164034
25164322
25164355
25164371
25164691
25165192
25165193
25165194
25165637
25167314
25167383
25168214
25169041
25171789
25172017
25172439
25173137
25173138
25173141
25173143
25173233
25173514
25173555
25173582
25174308
25174341
25174945
25175359
25175688
25175690
25175718
25175735
25175833
25175884
25177240
25181322
25182801
25183062
25183787
25184055
25184061
25184684
25186100
25186601
25186604
25187540
25187541
25190673
25192052
25192475
25192910
25193022
25193023
25194986
25197177
25197356
25197555
25198698
25199771
25200130
25200322
25200831
25200832
25200966
25201410
25201484
25201578
25202074
25202354
25202381
25202981
25203500
25204229
25204262
25204555
25205037
25205401
25205887
25206476
25208348
25208916
25210852
25210870
25211033
25211298
25211466
25211508
25212824
25213669
25213694
25213869
25213870
25213871
25214384
25215581
25215582
25216671
25217104
25217205
25217627
25218024
25218289
25218347
25218589
25219541
25219810
25219812
25219813
25219925
25220188
25220423
25220720
25221615
25221652
25222834
25224367
25225364
25225455
25226230
25226504
25226557
25227876
25228449
25228535
25228814
25228849
25228907
25230171
25230316
25230908
25231549
25232184
25232387
25232486
25232498
25233099
25233362
25234689
25236784
25237832
25238146
25239507
25239551
25239666
25239700
25240597
25241897
25241900
25242357
25242542
25242587
25243137
25243900
25244496
25244574
25244650
25245332
25245726
25246152
25246428
25247196
25247681
25247850
25250086
25250155
25250735
25250818
25252179
25255218
25255962
25256166
25256634
25256711
25256739
25257795
25257812
25258582
25259408
25259521
25259676
25261371
25261556
25261658
25261722
25262373
25262780
25262961
25263022
25263081
25263092
25263539
25263561
25264042
25264268
25264454
25264688
25265336
25265448
25267585
25268164
25268364
25268630
25269031
25269047
25269051
25269081
25273222
25274683
25274684
25275028
25275048
25275596
25275602
25275698
25276320
25277177
25277195
25277441
25277523
25278515
25279461
25280371
25280402
25280457
25284049
25284306
25284789
25285381
25286037
25286038
25286040
25286751
25287076
25288800
25288878
25289892
25289896
25290090
25290986
25292068
25292276
25293350
25293440
25294424
25294801
25295271
25298738
25298751
25299754
25300619
25300996
25301172
25301448
25301812
25303017
25303533
25303668
25303679
25304031
25304134
25304263
25304797
25305451
25305589
25307264
25310349
25310733
25310970
25311043
25311416
25312641
25313011
25313012
25313236
25313238
25313505
25313693
25315188
25315637
25316269
25316808
25319393
25320009
25322816
25322872
25324722
25325361
25325876
25325976
25326496
25326570
25326893
25326894
25327832
25328136
25328137
25328549
25329655
25329722
25330190
25330386
25332049
25332241
25332711
25333019
25333475
25333675
25335892
25336069
25337261
25337286
25337721
25338072
25338498
25338527
25340042
25342206
25342314
25342599
25342600
25342602
25342742
25343184
25343251
25344882
25344883
25345514
25346165
25346520
25346943
25347722
25347738
25348671
25349131
25349993
25350400
25350417
25350734
25350742
25351579
25351872
25351918
25351964
25352242
25352622
25353068
25353163
25354913
25355491
25355681
25356109
25356585
25358253
25359262
25359396
25359730
25360519
25360666
25361004
25361208
25361488
25362567
25363007
25363008
25363009
25363661
25364264
25364434
25364955
25366110
25366336
25366337
25366363
25366365
25366367
25367760
25367836
25367878
25367885
25367947
25368255
25368258
25368508
25368867
25369297
25370472
25370705
25370707
25371289
25373612
25373737
25374033
25374373
25374452
25375271
25377385
25377756
25378224
25378484
25378936
25379024
25379568
25379988
25380115
25380967
25381437
25382612
25382637
25384028
25384085
25384509
25384619
25384756
25385314
25385572
25386346
25386667
25387895
25388207
25388399
25388939
25388940
25389697
25390902
25391062
25391690
25391974
25393543
25394324
25394756
25394859
25397368
25398843
25398844
25398845
25398923
25399584
25399650
25400117
25400351
25400745
25401329
25403507
25403520
25403686
25403907
25403912
25404148
25404928
25405951
25406193
25406906
25407354
25407559
25408928
25408938
25409926
25410026
25410096
25410316
25411098
25411133
25411330
25412315
25413424
25413799
25414001
25414765
25415048
25415070
25415071
25415278
25415327
25415353
25416442
25416827
25417729
25418065
25419130
25419530
25419715
25419975
25420773
25421212
25421378
25421677
25422029
25422329
25423036
25423268
25423275
25423301
25424769
25424916
25425962
25426552
25426558
25427587
25427614
25427834
25427949
25428586
25428914
25429616
25429620
25429835
25430078
25431096
25431263
25431423
25431953
25432173
25432915
25432984
25433309
25433945
25434077
25434080
25434368
25434378
25434379
25434380
25434381
25434382
25434383
25434384
25434385
25434386
25434389
25434390
25434391
25434611
25434796
25434832
25435118
25435164
25436682
25438810
25438812
25438992
25439749
25441643
25442339
25442674
25443081
25444902
25444923
25444993
25445282
25445304
25445619
25446780
25447207
25449296
25450387
25450678
25450687
25450947
25451120
25453044
25453365
25453753
25455102
25455450
25455652
25455996
25456437
25456851
25457277
25457456
25459113
25461306
25461780
25462098
25462134
25462341
25462570
25464273
25464848
25464980
25465712
25466707
25467143
25467408
25467559
25468141
25468223
25468225
25468227
25468228
25468231
25468776
25468898
25469108
25469866
25470504
25471132
25471275
25471482
25472582
25473280
25473893
25476449
25476455
25476515
25476516
25476517
25476518
25477751
25479829
25480148
25480449
25481090
25481245
25481268
25481607
25481740
25482099
25482928
25482938
25482944
25483098
25483639
25483653
25484065
25485114
25486070
25486598
25486927
25487552
25487955
25488073
25489267
25490071
25490189
25490384
25490677
25491947
25494473
25495392
25497898
25498217
25498500
25498661
25499534
25500080
25500085
25500544
25501279
25501542
25501701
25501707
25501828
25501993
25502460
25503302
25503303
25503713
25503978
25504149
25504636
25504754
25505565
25505736
25505750
25506702
25506833
25506897
25506915
25510230
25511414
25511738
25511868
25512872
25514231
25514871
25514975
25515315
25515603
25515744
25516121
25516148
25516490
25519766
25519832
25520109
25520856
25521223
25521283
25521330
25521525
25522764
25522823
25523732
25524065
25524815
25524817
25525033
25525878
25526274
25526733
25527046
25527451
25527454
25528635
25528771
25529918
25531052
25531331
25531372
25531448
25531594
25531666
25533211
25533637
25534238
25535132
25535398
25535908
25535979
25537019
25537509
25537655
25537972
25537983
25537990
25538243
25538401
25539452
25539575
25540239
25541743
25541984
25542083
25542152
25542408
25542792
25542879
25543125
25543955
25544603
25544764
25545756
25546404
25546919
25547624
25547719
25549194
25549258
25549333
25549930
25550535
25550537
25550546
25550548
25551752
25552286
25552857
25553095
25553116
25553442
25554223
25555571
25556371
25556468
25556616
25557172
25557173
25557543
25557841
25558448
25558928
25559650
25559687
25560309
25560389
25560529
25560534
25561528
25561975
25562199
25562639
25562654
25563813
25564310
25564360
25565841
25565956
25566497
25566967
25567351
25568148
25568226
25568665
25568669
25572162
25572329
25572456
25572712
25572814
25573156
25573192
25573794
25574318
25574358
25575414
25575816
25575937
25575938
25576655
25576831
25576921
25577223
25577401
25577511
25578778
25578780
25579379
25580009
25580128
25580136
25580734
25581283
25581615
25581727
25581839
25581936
25581937
25581938
25582055
25582142
25582659
25583238
25585025
25585784
25585997
25586062
25586423
25586425
25586468
25586680
25588581
25588723
25588856
25589464
25589783
25590535
25590811
25592037
25593994
25594327
25595187
25595591
25595896
25595963
25597409
25598002
25598189
25598973
25600060
25600241
25600873
25601092
25601206
25602259
25604093
25604826
25605197
25605243
25605299
25605818
25605819
25606712
25608485
25608559
25608970
25609060
25609063
25609158
25609379
25609769
25610160
25610711
25610727
25610729
25611347
25611546
25611736
25613511
25616131
25616158
25616647
25618012
25618892
25619842
25620078
25620102
25620587
25620708
25621113
25621981
25622821
25622897
25623281
25623399
25624760
25625193
25625222
25625235
25625417
25625503
25625591
25625667
25625875
25625931
25626081
25626142
25627976
25627979
25628248
25628931
25628933
25628934
25628952
25629266
25629269
25629528
25629604
25630112
25630625
25630937
25631673
25633271
25633526
25633823
25633829
25633990
25634210
25634603
25635828
25637219
25638659
25639008
25639486
25639862
25640271
25640351
25640948
25641077
25642170
25642990
25643257
25643584
25644286
25644290
25644717
25645689
25645911
25645959
25646025
25646027
25646527
25646699
25646764
25648114
25648357
25648506
25648699
25648859
25648896
25650121
25650244
25650317
25652202
25652902
25653168
25654321
25655102
25656572
25657111
25657686
25657859
25658639
25659096
25660185
25661102
25662504
25662738
25662849
25663100
25663202
25663738
25663820
25663822
25663937
25663939
25665548
25665807
25666687
25666772
25667438
25667622
25668474
25669901
25669971
25670220
25670861
25671132
25671301
25671501
25672376
25673258
25674263
25674429
25675522
25676691
25676710
25677169
25677185
25677619
25677845
25677876
25679508
25679766
25680186
25680411
25680464
25680541
25680731
25681036
25681309
25681668
25682090
25682092
25682201
25682871
25682969
25683176
25684492
25685179
25685660
25685829
25688120
25688333
25688335
25688382
25688509
25688715
25691153
25691445
25691693
25691936
25693064
25694089
25695954
25696001
25696275
25697584
25697644
25698127
25698543
25698544
25699229
25700834
25700835
25700836
25702676
25702714
25703027
25703259
25704190
25704386
25705067
25705639
25706986
25707769
25708368
25708684
25708990
25709357
25709447
25710012
25710480
25711258
25711938
25712125
25712375
25712637
25712646
25712957
25713439
25714335
25714433
25714699
25714806
25714925
25715874
25719248
25719943
25720694
25720952
25721045
25721614
25721810
25721868
25722303
25722677
25722933
25722934
25722935
25722936
25722938
25722939
25723725
25723791
25724300
25724425
25724916
25724945
25726526
25726528
25727152
25727219
25727220
25727221
25727222
25727223
25727224
25727226
25727230
25727379
25728810
25729629
25730670
25731184
25731774
25732040
25732707
25733882
25734817
25734907
25735320
25735391
25735892
25735981
25736407
25736961
25738357
25738360
25738367
25738427
25738651
25739547
25740784
25740986
25741472
25741761
25741859
25742578
25743108
25743347
25744176
25744203
25744348
25744349
25746003
25746089
25746090
25746091
25746355
25746691
25748242
25748300
25748815
25748928
25749008
25749033
25749043
25749303
25749386
25749839
25749847
25749875
25750037
25750269
25750273
25750337
25750609
25751281
25751368
25751783
25752402
25752754
25752997
25753094
25754088
25754089
25755649
25755756
25755767
25756397
25758051
25758142
25758746
25758748
25758754
25759581
25760022
25760078
25760394
25761230
25761648
25761757
25762141
25762461
25762636
25762646
25763821
25764520
25767596
25768330
25768333
25768833
25770425
25771877
25772140
25772149
25772239
25773061
25773062
25773386
25773653
25773883
25774632
25775002
25776496
25777305
25781272
25782743
25783747
25784204
25785247
25785312
25785493
25785641
25785932
25786263
25787115
25789053
25789061
25789324
25789560
25789657
25789768
25789853
25789968
25790138
25790191
25791203
25791295
25791534
25791797
25792385
25793261
25794638
25795162
25795194
25795306
25795318
25796440
25797075
25797252
25797685
25797839
25797998
25798181
25798620
25798841
25799182
25799457
25800004
25800813
25801120
25802036
25803024
25803745
25803850
25804098
25805306
25806119
25806121
25806680
25807077
25807141
25807228
25808190
25808628
25809705
25810579
25810706
25811333
25812514
25812695
25813152
25815458
25816026
25816103
25816226
25816313
25816780
25817345
25817794
25818456
25818546
25821160
25821789
25821990
25822375
25823028
25823657
25825051
25826094
25827073
25828573
25829396
25829764
25830219
25831237
25832076
25832460
25832504
25832561
25832656
25832688
25833239
25833317
25833697
25834620
25835975
25836728
25837250
25837899
25838542
25838967
25839399
25839919
25840981
25840983
25841492
25841623
25842968
25843369
25843414
25843513
25845427
25845809
25845813
25845910
25846813
25847770
25849366
25849605
25849940
25849941
25850429
25850884
25851602
25852010
25852394
25852826
25853089
25853280
25853310
25853691
25853692
25854759
25854877
25855197
25855294
25855404
25855927
25856113
25858470
25858624
25858636
25859553
25859819
25860797
25860928
25860932
25861216
25861727
25862004
25862007
25862759
25862850
25862868
25863126
25863222
25864039
25864406
25865468
25866027
25866482
25867026
25867827
25868602
25868708
25869098
25869624
25870839
25871395
25871397
25872784
25873586
25874291
25875182
25875288
25875609
25876221
25877468
25877510
25877753
25878115
25880076
25880091
25880463
25880480
25882777
25883212
25883300
25883490
25883856
25884624
25884993
25885250
25885522
25885672
25886061
25886314
25886608
25888080
25888277
25889578
25889824
25889895
25890301
25890369
25891149
25891245
25891723
25891822
25891893
25892134
25892210
25892456
25892600
25893308
25894594
25894595
25894597
25894780
25895099
25895168
25895620
25895707
25895710
25895711
25896244
25896447
25896816
25897422
25897486
25897645
25897893
25898255
25898313
25899986
25900819
25901082
25901159
25901196
25901754
25903473
25903655
25903726
25903924
25903954
25904638
25905568
25906059
25906155
25906439
25907361
25907688
25907706
25909006
25909089
25909573
25909875
25910708
25910750
25910840
25910950
25910966
25912457
25913192
25913279
25913706
25913842
25914026
25914365
25915500
25916669
25916739
25916941
25917195
25918606
25919028
25919318
25920494
25920530
25920709
25920710
25921144
25921808
25921812
25922361
25923676
25923677
25925594
25926297
25926558
25926743
25927334
25928072
25931051
25931111
25931361
25931519
25932951
25933216
25934232
25934274
25934335
25934342
25934697
25934816
25935109
25935110
25936394
25936466
25936596
25936667
25937029
25937278
25937869
25938542
25939439
25939440
25939441
25939761
25939762
25939870
25939952
25940087
25940437
25940798
25941339
25941475
25942630
25943307
25943352
25943888
25944104
25944386
25944528
25944626
25944653
25944688
25946082
25946256
25948484
25948789
25949849
25949880
25949916
25949998
25950388
25950483
25950506
25950799
25950952
25952672
25952786
25953448
25953796
25954466
25954595
25955030
25955107
25955158
25955568
25955804
25955808
25956029
25956436
25956620
25957416
25957771
25957782
25959588
25959821
25959841
25960225
25961548
25961552
25961762
25961929
25961952
25962108
25962872
25963312
25963474
25963601
25963717
25964542
25965819
25965832
25965900
25966341
25966666
25966997
25969527
25969748
25969791
25971279
25971300
25971746
25971837
25972322
25972454
25972455
25973069
25975195
25975354
25975377
25976165
25976245
25976261
25976744
25977169
25977370
25977902
25977903
25978031
25978453
25978454
25978638
25978958
25979375
25980499
25980633
25981802
25981803
25981859
25982275
25982679
25983032
25983830
25985958
25986562
25987130
25987829
25988042
25988281
25988678
25990634
25991372
25991553
25991676
25991909
25992379
25992438
25993010
25993039
25993328
25993413
25993495
25994230
25995745
25996182
25996875
25997057
25997403
25998128
25998182
26001218
26002233
26002572
26004076
26004297
26004603
26005534
26007164
26008604
26008605
26008975
26011642
26012781
26014296
26014298
26014517
26015297
26016807
26017481
26017671
26019185
26019225
26020805
26021881
26022108
26022161
26022213
26023083
26023622
26023737
26024652
26024660
26025143
26025730
26025933
26026080
26026740
26026859
26027432
26028340
26029023
26029641
26029663
26030909
26032687
26032834
26033428
26033491
26033544
26033547
26034396
26034608
26034614
26034617
26034626
26034628
26034629
26034631
26035068
26035292
26036627
26037466
26038275
26038891
26040766
26041939
26042933
26043036
26043698
26043866
26044161
26044202
26045126
26045129
26045167
26045360
26045361
26045887
26045989
26046259
26046374
26046399
26047211
26048023
26049703
26049818
26049819
26052048
26053493
26053814
26055170
26055954
26056081
26056476
26056588
26056591
26056598
26056811
26059188
26059190
26059434
26061242
26061751
26062577
26063413
26063767
26064285
26064296
26065532
26066626
26067104
26067671
26068765
26069061
26070322
26070446
26070552
26070553
26070554
26070556
26071405
26071580
26072169
26073144
26074073
26074434
26074908
26075436
26076490
26077730
26077989
26078107
26078762
26079448
26079827
26079966
26081199
26081429
26081620
26081814
26081826
26081906
26082034
26082424
26082890
26083157
26083317
26083405
26083570
26083759
26084262
26084470
26084611
26085085
26085787
26085929
26086908
26087195
26087328
26087904
26088000
26088448
26088465
26089636
26089871
26090340
26090378
26090865
26091184
26091464
26091668
26091950
26092597
26092644
26093087
26093337
26093618
26094055
26094595
26094604
26095605
26097495
26097540
26097880
26098603
26098895
26100017
26100546
26101711
26103989
26104074
26104935
26105207
26105954
26106074
26106569
26108656
26108658
26108672
26108681
26108996
26109046
26109138
26109523
26109632
26110608
26110659
26110872
26111495
26111795
26112237
26113463
26113557
26113646
26114990
26115409
26116110
26116770
26117358
26117712
26118341
26118437
26118538
26118712
26118735
26118895
26119933
26120474
26121251
26122381
26122847
26122975
26123362
26123363
26123863
26123925
26124364
26124478
26125228
26125449
26126593
26130232
26130648
26130744
26132659
26133092
26134617
26134973
26136201
26136341
26136493
26136642
26136652
26136774
26136784
26137013
26137028
26137087
26137092
26137111
26137114
26137222
26137254
26137402
26137448
26137500
26138072
26138445
26138587
26140450
26140483
26140493
26140696
26141949
26142051
26142501
26142735
26142886
26143265
26143636
26146040
26146042
26146488
26146492
26148744
26149222
26149494
26149830
26149889
26150336
26150340
26150933
26151768
26151775
26152356
26152360
26152745
26155413
26155415
26155832
26155940
26156397
26157286
26157331
26158107
26158114
26158269
26159214
26159421
26159871
26160180
26161429
26161688
26162036
26162457
26162582
26163089
26164206
26164207
26165472
26165719
26167104
26167495
26167936
26169172
26170223
26170313
26170620
26170997
26171039
26172294
26172304
26173745
26174616
26174883
26175405
26175929
26175950
26175967
26176204
26177997
26178426
26178805
26179613
26180081
26180082
26180083
26180675
26181937
26182744
26182972
26183089
26184715
26185110
26185456
26185906
26186026
26186224
26186462
26186902
26187071
26188014
26188015
26188123
26188279
26188660
26189058
26189368
26189784
26190195
26190651
26191234
26191321
26194676
26196249
26196590
26198693
26199775
26199910
26200049
26201842
26202438
26202682
26203066
26203067
26203687
26203691
26203926
26204513
26207187
26207249
26207600
26208175
26208431
26208522
26208944
26208964
26209061
26209720
26209775
26212026
26212701
26213327
26213695
26214757
26214776
26215782
26216127
26217588
26218510
26219892
26222087
26222392
26222502
26223282
26223360
26224160
26224161
26224516
26225216
26225937
26226135
26227255
26229144
26229673
26230418
26230475
26230711
26230845
26231469
26231762
26232108
26232204
26233232
26233248
26233891
26234400
26234676
26235020
26235208
26235287
26235918
26236800
26236801
26237586
26237609
26238021
26238155
26238627
26238781
26239018
26239477
26239491
26239537
26239619
26239968
26240386
26241649
26241672
26241738
26243272
26243790
26244119
26245486
26245494
26245525
26245666
26245676
26245897
26246470
26246487
26247958
26248280
26249244
26250565
26250785
26251608
26251789
26251796
26251821
26251826
26252415
26252465
26252785
26252985
26253141
26253231
26253473
26253838
26254394
26254477
26254539
26254681
26254858
26255070
26255146
26256461
26256949
26257061
26258069
26258481
26258493
26259597
26259625
26260013
26260271
26260659
26261221
26261539
26263057
26263221
26264438
26264894
26265140
26265437
26266810
26267319
26269128
26269187
26269775
26270679
26271335
26271668
26271735
26272530
26272599
26272600
26272668
26273063
26274780
26274999
26275367
26275397
26276527
26276734
26276806
26278578
26279502
26279503
26279594
26279619
26280182
26280502
26282129
26282173
26282175
26282642
26283154
26283464
26283544
26284131
26284486
26284619
26284929
26285767
26285768
26286659
26286747
26286961
26287251
26288060
26288699
26289551
26289791
26291053
26291724
26292663
26293676
26294653
26295134
26295302
26295306
26296086
26297045
26297548
26297735
26298437
26298594
26299661
26299663
26299938
26300004
26300678
26303183
26304164
26305187
26305294
26305432
26305674
26306931
26307681
26307768
26307822
26308058
26308254
26308265
26308396
26308501
26308638
26309255
26309390
26309397
26309555
26309712
26310274
26310374
26310615
26310668
26311249
26311253
26313662
26314280
26314301
26317392
26317899
26319190
26320116
26320176
26320189
26320507
26320609
26321082
26321663
26321753
26322014
26322020
26323587
26323605
26323609
26323991
26324363
26325176
26325365
26325605
26327232
26327778
26328260
26328271
26329365
26329398
26329695
26329778
26330563
26331107
26331219
26333934
26334315
26334316
26334317
26334318
26336934
26336988
26337206
26337765
26337803
26337869
26338671
26338911
26338913
26339347
26339353
26339856
26339959
26340347
26340616
26340939
26341051
26341136
26341370
26341541
26341881
26341979
26343506
26344589
26345383
26345416
26346902
26347581
26347870
26348233
26348566
26349671
26350296
26350700
26351148
26351227
26351468
26351866
26352148
26352173
26354413
26354425
26354773
26354927
26354993
26355032
26355532
26356761
26356793
26356815
26357999
26358197
26358881
26359131
26359151
26359209
26360047
26362046
26362268
26362401
26363010
26363012
26363564
26364181
26364321
26364505
26364614
26366867
26366972
26367732
26368923
26369021
26369507
26369702
26369825
26370624
26371431
26373273
26373278
26373279
26373393
26374633
26374689
26375727
26376118
26376654
26376656
26376657
26377554
26377689
26377974
26379193
26379879
26381180
26381735
26382744
26382848
26385313
26386687
26387611
26388159
26389665
26389964
26390214
26390883
26391138
26391593
26392096
26393580
26393963
26394701
26395282
26396606
26396627
26396923
26397698
26397765
26398657
26400094
26400523
26401381
26402401
26403545
26404554
26404753
26405082
26405578
26405601
26405823
26406867
26407129
26407971
26408079
26408176
26409071
26409078
26409566
26410343
26412354
26412973
26413548
26413814
26414245
26416038
26417085
26417252
26418720
26418950
26418954
26419780
26419972
26420214
26420896
26420897
26421425
26421825
26422827
26423602
26423801
26423913
26424050
26424749
26425173
26425658
26427041
26427514
26428308
26428358
26428461
26428632
26429879
26429955
26429979
26430838
26430843
26430849
26431379
26431549
26431589
26432005
26433199
26434535
26434837
26435191
26435847
26437223
26437259
26437643
26438157
26438251
26438560
26439597
26439688
26439689
26440447
26441059
26441424
26441479
26443300
26443314
26443480
26444992
26445228
26445861
26445996
26447477
26448233
26448943
26449250
26449464
26449824
26450124
26450533
26450587
26450624
26451106
26451107
26451167
26451615
26451999
26452024
26452121
26452771
26453169
26453565
26454429
26454859
26455392
26455407
26456023
26456536
26457363
26457500
26458593
26458640
26458914
26459313
26459327
26459752
26459764
26460078
26460618
26461041
26461085
26461091
26461092
26461476
26463215
26463396
26464075
26464124
26464146
26465677
26466313
26466942
26467039
26467103
26467217
26467507
26467757
26469301
26469402
26469869
26469958
26469969
26470026
26470725
26470893
26471408
26471746
26472041
26472724
26472939
26473374
26473782
26473785
26473829
26474099
26474387
26474590
26475485
26476239
26476273
26476729
26476730
26477361
26477718
26478444
26478794
26480820
26481529
26481741
26482041
26482474
26482617
26482909
26484224
26484269
26485029
26485760
26486089
26486344
26487967
26489387
26489459
26490252
26490262
26490307
26490369
26490980
26491079
26491903
26492085
26492122
26492233
26492618
26493053
26493382
26493598
26494310
26494463
26494560
26495941
26495951
26496030
26496287
26496463
26497327
26498130
26498165
26498281
26498391
26498573
26498922
26500056
26501110
26501438
26501997
26502643
26502731
26502847
26503465
26503470
26505475
26506113
26506595
26506620
26506875
26506879
26507499
26507667
26508094
26508095
26508406
26508407
26510428
26510911
26511493
26511503
26511969
26512639
26512645
26513694
26513952
26514171
26514361
26514451
26514525
26514825
26514925
26515590
26516221
26516223
26516225
26516226
26516350
26517249
26517431
26517510
26517684
26517812
26518290
26518539
26518540
26518541
26518729
26518768
26519060
26519239
26519552
26520369
26520377
26520762
26520780
26524540
26525840
26526033
26526581
26526635
26526943
26527286
26528901
26530050
26530859
26531122
26534766
26535188
26536004
26536662
26537083
26537287
26537505
26537582
26537911
26538618
26538619
26539003
26540346
26541455
26541791
26542029
26542030
26542177
26542214
26542881
26543772
26544773
26544781
26545823
26546412
26546453
26546480
26546743
26546995
26547532
26547581
26547860
26547933
26548619
26548829
26548844
26548986
26549022
26549675
26549801
26550048
26551239
26551689
26553592
26553993
26554157
26554728
26555173
26556542
26556691
26557158
26557181
26557705
26558493
26558781
26558989
26559087
26559096
26559543
26559642
26559910
26560186
26560814
26560882
26561558
26563191
26563263
26563484
26564058
26564318
26566652
26566653
26566863
26567528
26568704
26571536
26572557
26572705
26573230
26573275
26573800
26574794
26574999
26575171
26575370
26575950
26576125
26576577
26576613
26576732
26577174
26578300
26578623
26579564
26581828
26582467
26582930
26583064
26585263
26585719
26585720
26585986
26585989
26586398
26587317
26587976
26588352
26588662
26590021
26590606
26591624
26593113
26594360
26594836
26595383
26596248
26596412
26596656
26596833
26597532
26597591
26598957
26599106
26599206
26601421
26601809
26602180
26602910
26603162
26603163
26603164
26603354
26603930
26604796
26605259
26607758
26607953
26608369
26608373
26608520
26608521
26610747
26611605
26612572
26613168
26613556
26614510
26614518
26615020
26615127
26616112
26616589
26616854
26617320
26617336
26617463
26618735
26618888
26619329
26620211
26620801
26622485
26622748
26622832
26622856
26622867
26623036
26623232
26624590
26625949
26626085
26626226
26626489
26627848
26629530
26629939
26631269
26631318
26631574
26631612
26632666
26632856
26634108
26635128
26635192
26635517
26635611
26636033
26636389
26637806
26637846
26637854
26637861
26638171
26638183
26639234
26639238
26639431
26640245
26640389
26640485
26641068
26642065
26643178
26643803
26643807
26644565
26644826
26645405
26645886
26646075
26646311
26646564
26647409
26647493
26648123
26648570
26648752
26648761
26648842
26649185
26649278
26649294
26650066
26650729
26651243
26651356
26654598
26655126
26655377
26656477
26656478
26657302
26657652
26658052
26658237
26659251
26660517
26660737
26661633
26662154
26662303
26662803
26663173
26663363
26663842
26664126
26664927
26665000
26665213
26665552
26666269
26667174
26670466
26670566
26670887
26670971
26671090
26671187
26671314
26671631
26671748
26673326
26673798
26673818
26673923
26676754
26677053
26677750
26677976
26678332
26678339
26678342
26678661
26678675
26679932
26679953
26680413
26680843
26681168
26681765
26681767
26682412
26682421
26682502
26682634
26682810
26682928
26683094
26683098
26683773
26684343
26684767
26684773
26684801
26684838
26687632
26688861
26688867
26690524
26691157
26691920
26692101
26692486
26692525
26692863
26692944
26694251
26694547
26694942
26696835
26697427
26697464
26698406
26699864
26700469
26700603
26700636
26700671
26700818
26701338
26701969
26703785
26704132
26704201
26704632
26705318
26706169
26707984
26708030
26708090
26708321
26708508
26708597
26711814
26711895
26712519
26713128
26713142
26713151
26713364
26716385
26716508
26716896
26717039
26717894
26718201
26719046
26719578
26719704
26721195
26721240
26721244
26721730
26722029
26722240
26722242
26722247
26722404
26722448
26724143
26724617
26725094
26725096
26725099
26725536
26725885
26726012
26726947
26727970
26728969
26731174
26732071
26732596
26735018
26735326
26737876
26737877
26738845
26738889
26739692
26739937
26740091
26740175
26740386
26740971
26741321
26741507
26741994
26742423
26742571
26742768
26743016
26743778
26743782
26744442
26744695
26744869
26745185
26745323
26746204
26746331
26746692
26746883
26747756
26748069
26748167
26748241
26748355
26748400
26748577
26748716
26749234
26750128
26752892
26753172
26753562
26754004
26754857
26755002
26755073
26755074
26755453
26755662
26756205
26756431
26756672
26756854
26757811
26757882
26757925
26758059
26759007
26759318
26760110
26760112
26760156
26760767
26761214
26761637
26762204
26762242
26763064
26763536
26764186
26765760
26766590
26767842
26768307
26769142
26769866
26770303
26770449
26770623
26771176
26771644
26772776
26772917
26773981
26775062
26775233
26775694
26775697
26775840
26775860
26775861
26776171
26776195
26776199
26777075
26777122
26778701
26780458
26781422
26781426
26782072
26783102
26784850
26786523
26786643
26786929
26788141
26788146
26788159
26788176
26788912
26789283
26791479
26791930
26792571
26792897
26793003
26794430
26794465
26796272
26797476
26798224
26798546
26799192
26799295
26799575
26799577
26799668
26800413
26802551
26802746
26803410
26804704
26805684
26806300
26806465
26807257
26807323
26807366
26807438
26808816
26809004
26809751
26811592
26811867
26812731
26813856
26814130
26817999
26818439
26818603
26819758
26820218
26821357
26822025
26823503
26823616
26823824
26824076
26824195
26824196
26824783
26826105
26826186
26826202
26826308
26826650
26828095
26828136
26828431
26828563
26829100
26829221
26829656
26830009
26830088
26830089
26830090
26830091
26830093
26830441
26830460
26830677
26832741
26834490
26835125
26835415
26835490
26835505
26836158
26837514
26838672
26839018
26839592
26842064
26842817
26842818
26843012
26843252
26843484
26844770
26844838
26845067
26845086
26845134
26845351
26845757
26846106
26846183
26846266
26846818
26846842
26847813
26848407
26848423
26848524
26848767
26848768
26849195
26849207
26851632
26851739
26852119
26852708
26853260
26853466
26854941
26855855
26856327
26856590
26856755
26857280
26857294
26857455
26857460
26858153
26858207
26858939
26859136
26859459
26860009
26860420
26860632
26860681
26860959
26861512
26861687
26861817
26861955
26862025
26862770
26863490
26863628
26865253
26865311
26867885
26869289
26869992
26870161
26870169
26870170
26870238
26871293
26871431
26871599
26872380
26872471
26873960
26874904
26875426
26878385
26879021
26879084
26879754
26880307
26880981
26880988
26881264
26881613
26881656
26881967
26882972
26883115
26883274
26883333
26883549
26883559
26883759
26884942
26885134
26885283
26885285
26885373
26885468
26886080
26887050
26887055
26887384
26887583
26888042
26888114
26889149
26889659
26889975
26890637
26891712
26892186
26892260
26892398
26892683
26892752
26893028
26893043
26893190
26893360
26893479
26893618
26893731
26893852
26894804
26895104
26895120
26896279
26896280
26897009
26897013
26897014
26897357
26898496
26898538
26898606
26898758
26898800
26900075
26900077
26900364
26900510
26900621
26901428
26902362
26902608
26902636
26902800
26902850
26902851
26903051
26903295
26904576
26904577
26905383
26905586
26905697
26906551
26907492
26908439
26908447
26908461
26909116
26909607
26910126
26910374
26910513
26910734
26910903
26910920
26911360
26911558
26912794
26914704
26915110
26915391
26915698
26916021
26916347
26916895
26917236
26917237
26918224
26918340
26918392
26918452
26919835
26920124
26921329
26921703
26921879
26922417
26923166
26923184
26923195
26923292
26923924
26924115
26924500
26924586
26925132
26925628
26926064
26926065
26926066
26927092
26927331
26929887
26930720
26931498
26932501
26933087
26933808
26934465
26934471
26934654
26934681
26935258
26935296
26935297
26935577
26935578
26935642
26936308
26936394
26936504
26936505
26936801
26936918
26937209
26939704
26939786
26940200
26940435
26941530
26942063
26942675
26943771
26943851
26943907
26944083
26944921
26945107
26945349
26946354
26947760
26947901
26947963
26948347
26948348
26948349
26948350
26948352
26948354
26948355
26948366
26948367
26948489
26949744
26950280
26951379
26951383
26951384
26951556
26951930
26952812
26952813
26953564
26953813
26954019
26955262
26956046
26956048
26956052
26957305
26957363
26957434
26958289
26959111
26959549
26959625
26960157
26960324
26960334
26960480
26960561
26960975
26961906
26961910
26962017
26962352
26962415
26965451
26966095
26966676
26967052
26967252
26967393
26967573
26967788
26968172
26968205
26968235
26969360
26970027
26970935
26970980
26970981
26971226
26971293
26971430
26971534
26971793
26972001
26973123
26973435
26973806
26973839
26973881
26975364
26975375
26975402
26976423
26976975
26976976
26976980
26979081
26980050
26980161
26980879
26981133
26981507
26981778
26983574
26983711
26983719
26983830
26983831
26983952
26984279
26984746
26984877
26985775
26986767
26986934
26987515
26987608
26988080
26988603
26988913
26989127
26990457
26990601
26990748
26991848
26991945
26992919
26993295
26993504
26993514
26993778
26994842
26995334
26995546
26995789
26996336
26997129
26998052
26998109
26998166
26998740
26999587
27000226
27001047
27001151
27001238
27001312
27001465
27001570
27002148
27003178
27004406
27005284
27006175
27006176
27006178
27006494
27007449
27007828
27008208
27009237
27012433
27013058
27013078
27013192
27013470
27013589
27013816
27013966
27014623
27015814
27016056
27016620
27017712
27018161
27019146
27020328
27020407
27021152
27021919
27022132
27022280
27022405
27022915
27022952
27025362
27025857
27025858
27026245
27026567
27026929
27027236
27027242
27028405
27028592
27029073
27029345
27029617
27031721
27031786
27033414
27034236
27034383
27035164
27035264
27035391
27035433
27035789
27035837
27035875
27036027
27036038
27036076
27036496
27039073
27039094
27039175
27039805
27041573
27041580
27042103
27043280
27044042
27044097
27044098
27044294
27046135
27046324
27046878
27047250
27048531
27048711
27048878
27049073
27049916
27050072
27050167
27050173
27050366
27050376
27050782
27051584
27052614
27052640
27053917
27056322
27056901
27057396
27057435
27057448
27057463
27057640
27057742
27058207
27060209
27060760
27061401
27061549
27062568
27063097
27063424
27063472
27063952
27064011
27064059
27064200
27065222
27067367
27067976
27069124
27070703
27071189
27073544
27073554
27073883
27074557
27074570
27074575
27074663
27076281
27076368
27076630
27079371
27079911
27080741
27081712
27081897
27081915
27083054
27083490
27085584
27085642
27085859
27088132
27088883
27089106
27090194
27090900
27091339
27091344
27091626
27092773
27093558
27095247
27095947
27096040
27096136
27096954
27097906
27098015
27098175
27098427
27098749
27098927
27100354
27100835
27100869
27101800
27102002
27102443
27102697
27105323
27105498
27105898
27105991
27106078
27106606
27108274
27108713
27109183
27110918
27115878
27116635
27116978
27117114
27117900
27118146
27118199
27118322
27118379
27118839
27118928
27119106
27119230
27119233
27119353
27119727
27120035
27120357
27120806
27120809
27121019
27121240
27121290
27121320
27121553
27121858
27121902
27122050
27122306
27123275
27123291
27123901
27123999
27124395
27124583
27125297
27126081
27126996
27127108
27127217
27127791
27128519
27130037
27130558
27132626
27133048
27133062
27133553
27134708
27135271
27137951
27138566
27138567
27138904
27140641
27141377
27141401
27142352
27142645
27143410
27143690
27143722
27143884
27144829
27145226
27145367
27145382
27145462
27147159
27147519
27147948
27148537
27148686
27148766
27148961
27149140
27149849
27151082
27151136
27151267
27151973
27152241
27153061
27153073
27153165
27153440
27153581
27153602
27153830
27154254
27154317
27154916
27155992
27156852
27157088
27157288
27157466
27157931
27158244
27158275
27158412
27158638
27158859
27160082
27160251
27160742
27161711
27161737
27162556
27163161
27163626
27163741
27164582
27165082
27165580
27165727
27165737
27166188
27166379
27167112
27168815
27169593
27169763
27170161
27170523
27170750
27170911
27171431
27171480
27172136
27172220
27172791
27172899
27173366
27174197
27174198
27174844
27175087
27175595
27175997
27176117
27176481
27176716
27176780
27176932
27177177
27177180
27177352
27177573
27177578
27177902
27178315
27178681
27178816
27179219
27180150
27180560
27180878
27181204
27181462
27182555
27183910
27184621
27184842
27185241
27185309
27185374
27185650
27186397
27186404
27186411
27186432
27187467
27188199
27188867
27189099
27190270
27190629
27191499
27192459
27193333
27193554
27193555
27194146
27196759
27196762
27196770
27196784
27197305
27198045
27199319
27199348
27199435
27199982
27207054
27207835
27208871
27209069
27210438
27210502
27210718
27211230
27212030
27212225
27213425
27214765
27215075
27217383
27217661
27217966
27218235
27218860
27220431
27221528
27221780
27223671
27224425
27224913
27225028
27225222
27225692
27225904
27226604
27226736
27227542
27228278
27229531
27229535
27230073
27230769
27230936
27230973
27230974
27230975
27231225
27231622
27231848
27232884
27233366
27235556
27235706
27235981
27236861
27239959
27240229
27241692
27242211
27242786
27242937
27244880
27244897
27246245
27246739
27246830
27246854
27247189
27247547
27247548
27247607
27247816
27248137
27248469
27249688
27249715
27251041
27251074
27251589
27251756
27252150
27253224
27253461
27253692
27256984
27257279
27259253
27259264
27259515
27260389
27260469
27261081
27261519
27261630
27262066
27262709
27262894
27262933
27264189
27265686
27267628
27267806
27270107
27270310
27270311
27270908
27271009
27271587
27272155
27275230
27275537
27277032
27277549
27277750
27277755
27278737
27278882
27279153
27279154
27279685
27279902
27280470
27280694
27281560
27282385
27282398
27282399
27282910
27283525
27285539
27285546
27285755
27285760
27286262
27286795
27286796
27286797
27287018
27287048
27287871
27288807
27289018
27291091
27292258
27292259
27292647
27292695
27292970
27293031
27293144
27293382
27294132
27294357
27294690
27295313
27296952
27297445
27298309
27298310
27298311
27298312
27298760
27299852
27300435
27300524
27301207
27301292
27302309
27302927
27303300
27303860
27304681
27305768
27305820
27306214
27306483
27306666
27306693
27306825
27308225
27308348
27308351
27308461
27308470
27308476
27308503
27308621
27310171
27310463
27310651
27311724
27311728
27312099
27313465
27313600
27313664
27313730
27313764
27314044
27314081
27314101
27314542
27314913
27315007
27315154
27317648
27318492
27318641
27319121
27319577
27321817
27322055
27322058
27323154
27323560
27324313
27324642
27325206
27325268
27325644
27325686
27326665
27327191
27328060
27328425
27329522
27329597
27330409
27330789
27330791
27331625
27332770
27334276
27334753
27334978
27335052
27337238
27338741
27338789
27340387
27340742
27341142
27341166
27341279
27341379
27342976
27343042
27343059
27343096
27343855
27344175
27345398
27345406
27345717
27346347
27347144
27347163
27347488
27347493
27347942
27348108
27348216
27349736
27350048
27350391
27350555
27350769
27350891
27351129
27352327
27353036
27354287
27354342
27354581
27354585
27354625
27354699
27354956
27355563
27355932
27356501
27356892
27357131
27358111
27358487
27358588
27358635
27358767
27359377
27362469
27363015
27363017
27364770
27365097
27365883
27366281
27366496
27367247
27367429
27367682
27370141
27370397
27370398
27370399
27370400
27370540
27370569
27371349
27371575
27372348
27374420
27374931
27375015
27375225
27375237
27377653
27377654
27377891
27378673
27378734
27378835
27379174
27379435
27379831
27379987
27381122
27382437
27382528
27382645
27383006
27383533
27384161
27384182
27384764
27384876
27385098
27385897
27386761
27387822
27387824
27388765
27388964
27389307
27390350
27390615
27391353
27391443
27392443
27393347
27393349
27394379
27394418
27394965
27396340
27396375
27396904
27396951
27398163
27399113
27400093
27401152
27401449
27401451
27401888
27402152
27403775
27406240
27406585
27406586
27406589
27406829
27406830
27406953
27408389
27408798
27408849
27409345
27409404
27409668
27409829
27409839
27411023
27411305
27412000
27412690
27416574
27416955
27417984
27418267
27418672
27419250
27419830
27420544
27420584
27421136
27421140
27422098
27422127
27422128
27422811
27423571
27423629
27423937
27424145
27424939
27425854
27426053
27426982
27427440
27427982
27428049
27428784
27428890
27428929
27429043
27429623
27429653
27429853
27429906
27430412
27431260
27432080
27432652
27432670
27436023
27436761
27437179
27438144
27438472
27438622
27438798
27439500
27440383
27441036
27443507
27443788
27444431
27445149
27446356
27446363
27446475
27446485
27446538
27447440
27447560
27447756
27447975
27448307
27448441
27448972
27449082
27449154
27449352
27450656
27450763
27450810
27452128
27453950
27454178
27454254
27456773
27456940
27457521
27458246
27458589
27458758
27458810
27458813
27459120
27459991
27460064
27460074
27460092
27461038
27461152
27461395
27461653
27461656
27461692
27462186
27462365
27462771
27462980
27464501
27464719
27466078
27466513
27466707
27467502
27467557
27467914
27468826
27468969
27470713
27471070
27471108
27471611
27471644
27471700
27472259
27472461
27472468
27473261
27473815
27473823
27474153
27474433
27475318
27475832
27476114
27476474
27476694
27476921
27477273
27477274
27478132
27478330
27478545
27480195
27480776
27481074
27482284
27483250
27484836
27484842
27484906
27485078
27485098
27485204
27485530
27486821
27486853
27486901
27486911
27486972
27487125
27487141
27487142
27487344
27487563
27488893
27489862
27490930
27491856
27492073
27492457
27492853
27493076
27493936
27494880
27494882
27494894
27495180
27495233
27495836
27495899
27496553
27498157
27498282
27498706
27498749
27498786
27500668
27500911
27501329
27501333
27501915
27502180
27502239
27502248
27502603
27502784
27503138
27503425
27506939
27507538
27508051
27508339
27509070
27510476
27510662
27510663
27510952
27510953
27510958
27511909
27512609
27512611
27512613
27512663
27512668
27513374
27513597
27513787
27514007
27515001
27515717
27515827
27515956
27515963
27516117
27517490
27517625
27518456
27519711
27520092
27521026
27521444
27521447
27521450
27521616
27521725
27522495
27523637
27523967
27524414
27526390
27526690
27527071
27527869
27528360
27528361
27528362
27528363
27528364
27529227
27529670
27530322
27530866
27531351
27531352
27531989
27532028
27533080
27533246
27535235
27535746
27535747
27536020
27536856
27536959
27537898
27539476
27540016
27540270
27540448
27540600
27540907
27541285
27541334
27542173
27542245
27542273
27542769
27542895
27542970
27543314
27543754
27544926
27546621
27547779
27548236
27549144
27549983
27551459
27551460
27551468
27551510
27551653
27552589
27552907
27553427
27553586
27553832
27554774
27554921
27556184
27556305
27556696
27556699
27556820
27556862
27557118
27557121
27557493
27557495
27557526
27558109
27559302
27559736
27559923
27560009
27560860
27562399
27562461
27562785
27563660
27563812
27564106
27564115
27564251
27564466
27565180
27565330
27565396
27565461
27565465
27565475
27566180
27566556
27568206
27568373
27569031
27569208
27569663
27571057
27571068
27571357
27571882
27571884
27571886
27571888
27572745
27572852
27572958
27573024
27573219
27573687
27576501
27576697
27576699
27576872
27576873
27576874
27577073
27578526
27579489
27579614
27580454
27580889
27582061
27582118
27582539
27582543
27583308
27583442
27583461
27583933
27584005
27584058
27584684
27584787
27584833
27585647
27585656
27586084
27588142
27588397
27588402
27588472
27588592
27588717
27589567
27589691
27589895
27590514
27591334
27591677
27591998
27593770
27593809
27593826
27593939
27593971
27594089
27595752
27595933
27597932
27598146
27598516
27599828
27600094
27600331
27600337
27602106
27602585
27603407
27604090
27604789
27604987
27605047
27606467
27607569
27608331
27608897
27609371
27609621
27611480
27612807
27613330
27613534
27613541
27613830
27614158
27614160
27614406
27614414
27616054
27616199
27617262
27617697
27618068
27619193
27619250
27619981
27621042
27621758
27622066
27624914
27625888
27626306
27626480
27626492
27626497
27626499
27626655
27626830
27626946
27627067
27628854
27628965
27629530
27630302
27630344
27631626
27632018
27632183
27632941
27633091
27633132
27633774
27633853
27634309
27634913
27635088
27636026
27636161
27636183
27637748
27637889
27638096
27638506
27638721
27639200
27641066
27641332
27641619
27642231
27643398
27643505
27643899
27643918
27644083
27644153
27644442
27644688
27644901
27647142
27647272
27647990
27648352
27648359
27648634
27648703
27649069
27649384
27649660
27650802
27651158
27651343
27653222
27654150
27654922
27655131
27655368
27655637
27655705
27656442
27658347
27658422
27658479
27658777
27658888
27660268
27661112
27661120
27661404
27661768
27663075
27663389
27663390
27663885
27664151
27664329
27664860
27665765
27666391
27666608
27667169
27667176
27668278
27668385
27668386
27668387
27668388
27669171
27669421
27669643
27671304
27671680
27672311
27672334
27672648
27673410
27676326
27678152
27678179
27678245
27679486
27680966
27683556
27684457
27685789
27685921
27686608
27688162
27688208
27688825
27689322
27689404
27689459
27690294
27690648
27690649
27690653
27690657
27690658
27690659
27693211
27693246
27693428
27693715
27695068
27695566
27695605
27696866
27697466
27697594
27698350
27698411
27698479
27698790
27698810
27698813
27698831
27698888
27698907
27698935
27698942
27699024
27699039
27699141
27702686
27702880
27703358
27703529
27703677
27704354
27704357
27705917
27705931
27705942
27705944
27705947
27708549
27708763
27709388
27709959
27711187
27712069
27712795
27713131
27713134
27713511
27713642
27713914
27714138
27714633
27714693
27714816
27714967
27715437
27715446
27716027
27716184
27716341
27716384
27716625
27717216
27717886
27721007
27721311
27721338
27721775
27723161
27723576
27723655
27723727
27724977
27725029
27725228
27725304
27725524
27725877
27726412
27729188
27729611
27730123
27731418
27732896
27732951
27732969
27733166
27733172
27734112
27734253
27734929
27736000
27736300
27738329
27738435
27738655
27738870
27738902
27739041
27739434
27739940
27740621
27740992
27741220
27742108
27742113
27743144
27743382
27743773
27744078
27744717
27746143
27746144
27746588
27746872
27747598
27748711
27748748
27748795
27748891
27748906
27750190
27752745
27752843
27753657
27756319
27756671
27757032
27757301
27757314
27757448
27757712
27757721
27757723
27757741
27757851
27758144
27758687
27758718
27761813
27762493
27764541
27764705
27764783
27764801
27765409
27765559
27765835
27765847
27765857
27766560
27766591
27767090
27768073
27768402
27770278
27770279
27770280
27770562
27770736
27770821
27771233
27771251
27774434
27774435
27774504
27774518
27774692
27774879
27775700
27775701
27775742
27775777
27775833
27776402
27777041
27777083
27777151
27777286
27777605
27778090
27779301
27779463
27779678
27779684
27780202
27780224
27780605
27780994
27781423
27781499
27782084
27782828
27783195
27783537
27783662
27784795
27785515
27785931
27787518
27787881
27787897
27788227
27788487
27789364
27789719
27789731
27791206
27792048
27792249
27792996
27793766
27793847
27793896
27793904
27793907
27794494
27795996
27796446
27797168
27797218
27798635
27798857
27799140
27800031
27802437
27802852
27803067
27803607
27805587
27805789
27806121
27806284
27806341
27806344
27806598
27807004
27807100
27807473
27807698
27807748
27807831
27809256
27809598
27809656
27809808
27810565
27810903
27811356
27811375
27811972
27812137
27812502
27813323
27813458
27813467
27814616
27815074
27815359
27815391
27815396
27815542
27816029
27816892
27816996
27819068
27819146
27819427
27819521
27820599
27821033
27821709
27821713
27822457
27822587
27823561
27824118
27824617
27825920
27825958
27825983
27826681
27829015
27829215
27829230
27829236
27830840
27831762
27832093
27832326
27832665
27833530
27834360
27834733
27834803
27834917
27835666
27835750
27835870
27836464
27836549
27837369
27837435
27837436
27837553
27838243
27838425
27838429
27840905
27840944
27841882
27842664
27843499
27843500
27844308
27844310
27844311
27845331
27845746
27846000
27846382
27848207
27849336
27849434
27849590
27852054
27852055
27852062
27852622
27852703
27852792
27853793
27853960
27854107
27854111
27855170
27856439
27857856
27858266
27858267
27858578
27859676
27861158
27861323
27861605
27861797
27863215
27863244
27863310
27863376
27863440
27863490
27863537
27864508
27864578
27864613
27865044
27865821
27866339
27866815
27867119
27867916
27869737
27870168
27871300
27874284
27875627
27876211
27876318
27876537
27877805
27878617
27879106
27879479
27881002
27882487
27882696
27883139
27884160
27884572
27886174
27888226
27888628
27889247
27889835
27889994
27890753
27890797
27891063
27891815
27892672
27893168
27893285
27893327
27893419
27893719
27893811
27893927
27894359
27894403
27894925
27895032
27895048
27895359
27896520
27896672
27896993
27897101
27899174
27899254
27899621
27899882
27899997
27900202
27900341
27900577
27900675
27900679
27901253
27903197
27903708
27903792
27903965
27904447
27904667
27905892
27906173
27908206
27908799
27909058
27909268
27909720
27910945
27911279
27911816
27913115
27913976
27915974
27917302
27918194
27918718
27919613
27919957
27920004
27920202
27920506
27920524
27920947
27921110
27921166
27923049
27923831
27923907
27923917
27924163
27924733
27926485
27926792
27926865
27927008
27927027
27927130
27929413
27930095
27930300
27932423
27932505
27934135
27934912
27935360
27935819
27936607
27936934
27940247
27941618
27941882
27942094
27942839
27942994
27943226
27956075
27957488
27957650
27959385
27959421
27959794
27964820
27974212
27974673
27974956
27975145
27975172
27975329
27976583
27979842
27980785
27981247
27981320
27982017
27982759
27983535
27984065
27984090
27984537
27986121
27986595
27987718
27987939
27988363
27988423
27988470
27989100
27989218
27989415
27989700
27989769
27989974
27989976
27990624
27991551
27992181
27992192
27993092
27993114
27993569
27993726
27993893
27993946
27994064
27995437
27995495
27995658
27997381
27998759
27999714
27999734
28000106
28000448
28000534
28000537
28000768
28000777
28001088
28001091
28001908
28002021
28003545
28003765
28003805
28004613
28005261
28005980
28005983
28007636
28007652
28007759
28008781
28009506
28011044
28011051
28011470
28011620
28011764
28011886
28012022
28012197
28013405
28017134
28017683
28017775
28018136
28019039
28019653
28024186
28025034
28025828
28025944
28026047
28029074
28029227
28029258
28029275
28029420
28029927
28030635
28030801
28030813
28030820
28031240
28031526
28031873
28032215
28032494
28032512
28033329
28034567
28034905
28035070
28035139
28035380
28035384
28035389
28035411
28035683
28036297
28038463
28038959
28039056
28039096
28039365
28039367
28040478
28040710
28040713
28040794
28041673
28042322
28042337
28045028
28045438
28045991
28045999
28046101
28049229
28049492
28049521
28051998
28052032
28053799
28054986
28056026
28057017
28059651
28059652
28059653
28061441
28062445
28062709
28062830
28062831
28063758
28065871
28066420
28066810
28067771
28068557
28068630
28069038
28069455
28069875
28070598
28070830
28073027
28073370
28073783
28074320
28074322
28074323
28075458
28076333
28076755
28076790
28076826
28076842
28078484
28078681
28078795
28079702
28079711
28079712
28081224
28081256
28083806
28083869
28084254
28084680
28084690
28086236
28087981
28088078
28089418
28089804
28089821
28089910
28090572
28091986
28092823
28093702
28094268
28094402
28096221
28096969
28097126
28097324
28097442
28098415
28098764
28099914
28099939
28100038
28101463
28101577
28101701
28101903
28102487
28103256
28103265
28103511
28103571
28104820
28105161
28105188
28105208
28105468
28105905
28106173
28106765
28107450
28108377
28108463
28108734
28108885
28109087
28109751
28109792
28109815
28109858
28109958
28109960
28110183
28110298
28110346
28110959
28111262
28111642
28112361
28112475
28113909
28113912
28113925
28114032
28115578
28116121
28116547
28116649
28116838
28117459
28118603
28118849
28119080
28120074
28120088
28120771
28122052
28122160
28122245
28122246
28122260
28122345
28123308
28123355
28123609
28123722
28123740
28123746
28123848
28124208
28126486
28126644
28128564
28129859
28131762
28131906
28132904
28132960
28133515
28133535
28133571
28134383
28134630
28134851
28135256
28135339
28138037
28138554
28138787
28139568
28139732
28139816
28140690
28140701
28141819
28142059
28143434
28143714
28143872
28144153
28144477
28145562
28145904
28147244
28147343
28148826
28148846
28148893
28149448
28150209
28150230
28152475
28153049
28153089
28153956
28155650
28156175
28156189
28157245
28157429
28157484
28157626
28157712
28159635
28159862
28160553
28160566
28160777
28161632
28161760
28161812
28165521
28165649
28166194
28166199
28166733
28167531
28168132
28168193
28168356
28168370
28169231
28169234
28169369
28169441
28173571
28173797
28174097
28174119
28176884
28176936
28178415
28178463
28178667
28178682
28178856
28179106
28181105
28181832
28182828
28183348
28184912
28184932
28185325
28185834
28186465
28187000
28187762
28187893
28188088
28188169
28188727
28189011
28189457
28191466
28191621
28191774
28192421
28192785
28193190
28193559
28193626
28194640
28195514
28195664
28195671
28195901
28197071
28197654
28198167
28198370
28198665
28199863
28199986
28201779
28202289
28202361
28202484
28203118
28203321
28204539
28204560
28204611
28204639
28204809
28204997
28205096
28206758
28206987
28208648
28208677
28209108
28210221
28210785
28211961
28212543
28212562
28212563
28212731
28212737
28212808
28213656
28214089
28214639
28215302
28215428
28215646
28216164
28217019
28217304
28218035
28218292
28218901
28218903
28219644
28220842
28222026
28223127
28223165
28223536
28223828
28228086
28230061
28230277
28230716
28232116
28232861
28232986
28233053
28233083
28233187
28233220
28233640
28234549
28234553
28234556
28234925
28235764
28236065
28236180
28236227
28236760
28237688
28238651
28239999
28240396
28240563
28241049
28241425
28241741
28242198
28242994
28243088
28243115
28243119
28243325
28244465
28245291
28245430
28245795
28248456
28249041
28249155
28249727
28250971
28251571
28252970
28254081
28255030
28255276
28255341
28255584
28255664
28256372
28256619
28257943
28258444
28258507
28258545
28258696
28259296
28259301
28259657
28260004
28260024
28260177
28260500
28260885
28260886
28260920
28261869
28262117
28262735
28262948
28263053
28263309
28263318
28263929
28263967
28264064
28265902
28266007
28266556
28266716
28268799
28269019
28269429
28269540
28270068
28270132
28271281
28271323
28271343
28272232
28273453
28273605
28273642
28273720
28274139
28274144
28275120
28277194
28278055
28278424
28278578
28278652
28279193
28279210
28279751
28279797
28279985
28280525
28281182
28281975
28282372
28283580
28283801
28283885
28284199
28284220
28284350
28284687
28284719
28284808
28286260
28286312
28286316
28286420
28286803
28286871
28287096
28287477
28287607
28287848
28288111
28288541
28291159
28291423
28291513
28291844
28292024
28292440
28292956
28293170
28293547
28293736
28293764
28293765
28293832
28294623
28295288
28295552
28295679
28296618
28296680
28297667
28298017
28298023
28298040
28298418
28298550
28299282
28299344
28300556
28300561
28300714
28300718
28302023
28302331
28302655
28303489
28303490
28303493
28303729
28303930
28306408
28314270
28314273
28314286
28314386
28314870
28314990
28315153
28315510
28315557
28315948
28316028
28316070
28316990
28317877
28318896
28319187
28319810
28320150
28320338
28321376
28321604
28321691
28321903
28322833
28323865
28324304
28324583
28325002
28325264
28327358
28327577
28327666
28327900
28327992
28331560
28332000
28332095
28332226
28334687
28334886
28336375
28336765
28336956
28337319
28337377
28338245
28339043
28339056
28339582
28339588
28339700
28339723
28339833
28340100
28341197
28341744
28341789
28342984
28343250
28343918
28344040
28344327
28345020
28345125
28346096
28346105
28346443
28346452
28347245
28347321
28347331
28348518
28349127
28349351
28349530
28349893
28350082
28350351
28350847
28351300
28351321
28351326
28351900
28352781
28353033
28353599
28353668
28355088
28356518
28356953
28357536
28357650
28357913
28358337
28358361
28358371
28358704
28358914
28359080
28359095
28359308
28359811
28360085
28360216
28361164
28361465
28362236
28362237
28362548
28363248
28363750
28365151
28365838
28366679
28366748
28367093
28367234
28367251
28367602
28368403
28368413
28368547
28368610
28368867
28370217
28370734
28371827
28371832
28371892
28371907
28373446
28373454
28373576
28373629
28374095
28374184
28375672
28375741
28376211
28377242
28377258
28377407
28377490
28377615
28378194
28378523
28378638
28379424
28379477
28379642
28380416
28380428
28380429
28380457
28380634
28380637
28381184
28381315
28381482
28382102
28382534
28382863
28383051
28383716
28383898
28384052
28384170
28384595
28384648
28386317
28386374
28386621
28386777
28387723
28387849
28387870
28388081
28388423
28388425
28388894
28389242
28389653
28389881
28389997
28390902
28392144
28392842
28392849
28392891
28393018
28393230
28393231
28393237
28393257
28394434
28394918
28395087
28395288
28396979
28398584
28398872
28399407
28399590
28399638
28400607
28401060
28401302
28401334
28401486
28402271
28402394
28404866
28404971
28404978
28406429
28407030
28407042
28407299
28408225
28408249
28408749
28408882
28408966
28409153
28409498
28409734
28410193
28410200
28410215
28410224
28410232
28410300
28411277
28412241
28412740
28412744
28412969
28413536
28413538
28413539
28413540
28414309
28415451
28415586
28415709
28415741
28415755
28416018
28416488
28416744
28417299
28417936
28418837
28418907
28419303
28419878
28419967
28420097
28420326
28420545
28420882
28420995
28421459
28421460
28421697
28422529
28422758
28422860
28423060
28423515
28423558
28423580
28423606
28423611
28423669
28424082
28424411
28424417
28424427
28424758
28424876
28425046
28425506
28425987
28426845
28427088
28427209
28427242
28427510
28427800
28427971
28427986
28428190
28429093
28429228
28430038
28430288
28432280
28432586
28432589
28432590
28434112
28434806
28434940
28434963
28435135
28435525
28436299
28436750
28438066
28438859
28440040
28440425
28440461
28440504
28440610
28442265
28443460
28445150
28445154
28445937
28445970
28445974
28445977
28445981
28447171
28447277
28449039
28449234
28449309
28450700
28451993
28452004
28452053
28452380
28452381
28452946
28453552
28453744
28453745
28453746
28453749
28453784
28454213
28454230
28454245
28454256
28454322
28454353
28454354
28454430
28454461
28454549
28455399
28455961
28458011
28458560
28458602
28459147
28459217
28459367
28459461
28459464
28459819
28459998
28461233
28464039
28464840
28464925
28465216
28465276
28465359
28465487
28465555
28467784
28467795
28469129
28469330
28469372
28469383
28469388
28469953
28470120
28470383
28470949
28471040
28471660
28472177
28472481
28472509
28472567
28472680
28472723
28474573
28475011
28475330
28475720
28475775
28476618
28476689
28476779
28476784
28476790
28477008
28477068
28478507
28478595
28478957
28479199
28479790
28479798
28480325
28481046
28481241
28481733
28481871
28483513
28483521
28483673
28484053
28484222
28484518
28484537
28484559
28485350
28485835
28485999
28486630
28487072
28487380
28488122
28489075
28490168
28490931
28490949
28491190
28491282
28492978
28493947
28493990
28494176
28494471
28494695
28495423
28495590
28496000
28497005
28497156
28497778
28497804
28497933
28498059
28498432
28498803
28498936
28498966
28499022
28499389
28499919
28500050
28500556
28500559
28500562
28500786
28501897
28501939
28502672
28503586
28504613
28504686
28504721
28505072
28505181
28507382
28507806
28507896
28508327
28511914
28512049
28512247
28512252
28512255
28512411
28512646
28512910
28513547
28513565
28514722
28514757
28514905
28515364
28516072
28516075
28516344
28516635
28517375
28518150
28519041
28520445
28520730
28521346
28521431
28521700
28522184
28522381
28522553
28522750
28523289
28524099
28524852
28524900
28525947
28526431
28526577
28526813
28526854
28527008
28527010
28527107
28527574
28528183
28528421
28528698
28529551
28529591
28529599
28529648
28531272
28531325
28531337
28532151
28532485
28533574
28533751
28533887
28534151
28534152
28534153
28534162
28534272
28534372
28534507
28534509
28535010
28535114
28535120
28536277
28536525
28536992
28539528
28540450
28540666
28541444
28541485
28541497
28541512
28542145
28542269
28542439
28542553
28543071
28543885
28543886
28544567
28544575
28544589
28544801
28545054
28546527
28547592
28547652
28548480
28549927
28550091
28550310
28550465
28550683
28551545
28551847
28551851
28552616
28552794
28552914
28553616
28553926
28554666
28554667
28554840
28555065
28555422
28556516
28557433
28559081
28559818
28559975
28560001
28560064
28560379
28560382
28560660
28560665
28561706
28562204
28562337
28562508
28562655
28564604
28564668
28564669
28566172
28566437
28566701
28567588
28567589
28567859
28569328
28569433
28569747
28569781
28570014
28571041
28571159
28571728
28572590
28572728
28573160
28573184
28573253
28574255
28574310
28574607
28574834
28574840
28575464
28575485
28575990
28576175
28576488
28576716
28577058
28577869
28578643
28581412
28581641
28582760
28583430
28583844
28584878
28586353
28586748
28586949
28587121
28587626
28587939
28589519
28591430
28591575
28591733
28591887
28592117
28592260
28592714
28593138
28593649
28594164
28594322
28594901
28594935
28595835
28596159
28596487
28596941
28597184
28598280
28598356
28599408
28599959
28600015
28600192
28600709
28601568
28601635
28602411
28602417
28602620
28602756
28602885
28603776
28604662
28604685
28604803
28605114
28605391
28605463
28605477
28607172
28607604
28608251
28608950
28609210
28609363
28610419
28610554
28611074
28611178
28611289
28611989
28612256
28612394
28614736
28614770
28615614
28615958
28616662
28616821
28617438
28618012
28618133
28618251
28619756
28620243
28620782
28620872
28620891
28620898
28620939
28621567
28621623
28621624
28623188
28624561
28624789
28625831
28627406
28627598
28627659
28627960
28628119
28628422
28629170
28629182
28629376
28629521
28629576
28629955
28630423
28630875
28631186
28631191
28634045
28634226
28635355
28635550
28635617
28637113
28637487
28637716
28638001
28638456
28639900
28639915
28640702
28640704
28640706
28641579
28642175
28642265
28642874
28642877
28643150
28643151
28643230
28643756
28643992
28644829
28644886
28645200
28645590
28645614
28646347
28647357
28647829
28648777
28649003
28650650
28652622
28653883
28654422
28654819
28655341
28655794
28655889
28656002
28656005
28656174
28656196
28656206
28656234
28657708
28658891
28659432
28660172
28660485
28661478
28662073
28663034
28663266
28663722
28663960
28664184
28664468
28665319
28665345
28665782
28666020
28666727
28666913
28667042
28667284
28667316
28667595
28667816
28668763
28668888
28668896
28668966
28669011
28669012
28669013
28669930
28670490
28670499
28670569
28670979
28671070
28671449
28671669
28672195
28672945
28674742
28674801
28674808
28674975
28675067
28675164
28675230
28675694
28676010
28676971
28677106
28677425
28677749
28678383
28678782
28679472
28679777
28680610
28680725
28680758
28681243
28681349
28681360
28681455
28681701
28682902
28683323
28683457
28684169
28684269
28684707
28684796
28685138
28685276
28685405
28685576
28685624
28686118
28686544
28687190
28687615
28687876
28687924
28689117
28689368
28689919
28690586
28690875
28691414
28692055
28692129
28693171
28693172
28693199
28693286
28693796
28693823
28693898
28694621
28695108
28695151
28695371
28695489
28696243
28696296
28696366
28697342
28697740
28698089
28698473
28698530
28698893
28699046
28699397
28699529
28699883
28700117
28700270
28700942
28701209
28701917
28701921
28702092
28702781
28703798
28704425
28705010
28705703
28706761
28706881
28707070
28707595
28708230
28708728
28708734
28710010
28710771
28711289
28712306
28712848
28712938
28713041
28714013
28714303
28714520
28716053
28716484
28716909
28717188
28717226
28717417
28717884
28717885
28718312
28718378
28718447
28718668
28718815
28718993
28720310
28720530
28720668
28720798
28723274
28724573
28724615
28725954
28726173
28727188
28728846
28729027
28729049
28729053
28729143
28729418
28730140
28730141
28730260
28730289
28731079
28732091
28732340
28732658
28732990
28734730
28735440
28735518
28736183
28736425
28736431
28737508
28737579
28737676
28737782
28738091
28738268
28738767
28739695
28739696
28739720
28740543
28740831
28740869
28741075
28741498
28743531
28744320
28744448
28744829
28747816
28749077
28749642
28750324
28751450
28751462
28751539
28752098
28752499
28752860
28752870
28753296
28754668
28754782
28755321
28755324
28755873
28755993
28756228
28756593
28757735
28759011
28759044
28759636
28759950
28760640
28760776
28761058
28761758
28762004
28762232
28762551
28763794
28764644
28764788
28765159
28765227
28765323
28765533
28765641
28765916
28765947
28766685
28766870
28767130
28767654
28768481
28768483
28770472
28770500
28770902
28770964
28771552
28774478
28774575
28775171
28775928
28777020
28777025
28778449
28778566
28778805
28778876
28780190
28780387
28780604
28781647
28782849
28782898
28783169
28784180
28784966
28784969
28785028
28785061
28785587
28785997
28786347
28787434
28787697
28787701
28788274
28789367
28789419
28789435
28789454
28789475
28790108
28790339
28790340
28790487
28791366
28791594
28791656
28792121
28792436
28792704
28792781
28795278
28797029
28797031
28797294
28797568
28798282
28798928
28800313
28801008
28801108
28801268
28801478
28801914
28802102
28802717
28803257
28804045
28804551
28804724
28804952
28805002
28805210
28805815
28805936
28805995
28806010
28806136
28806317
28806622
28807361
28807830
28807938
28808777
28808787
28810141
28810147
28810193
28810555
28810655
28812201
28812437
28813102
28814434
28814435
28814802
28815003
28815211
28815663
28816643
28816956
28817313
28819084
28819189
28819388
28820020
28820142
28820290
28821714
28821879
28821904
28821920
28822081
28822335
28823025
28823557
28824376
28824547
28824611
28825042
28825130
28825189
28825374
28825685
28827556
28828032
28828675
28829151
28829764
28830458
28830577
28830791
28830878
28830984
28831081
28832384
28832532
28833137
28833542
28834297
28834556
28836140
28836293
28837676
28837843
28838997
28839258
28840068
28840170
28840394
28840962
28841798
28841801
28841802
28841803
28842123
28842551
28842741
28842831
28843258
28844130
28844499
28844756
28845038
28845375
28847917
28848088
28848341
28849046
28849154
28849160
28849227
28849278
28849310
28849343
28849427
28850929
28851427
28852018
28852611
28852847
28852876
28852916
28852935
28853080
28853486
28854171
28855157
28855212
28855213
28855349
28856492
28856550
28856728
28858851
28858856
28860082
28860608
28860763
28860810
28860811
28861324
28861994
28862482
28863122
28863359
28863449
28864149
28864225
28865921
28866732
28866896
28867321
28867360
28867760
28868256
28868972
28869437
28869900
28869943
28870216
28870453
28870580
28870791
28870792
28871110
28872113
28872634
28873000
28874392
28874504
28874539
28875440
28875538
28875730
28877265
28877829
28878163
28878618
28879167
28879459
28879551
28880870
28880903
28881571
28881586
28881623
28881671
28881830
28882998
28883755
28883992
28884193
28884417
28884474
28885262
28885661
28886331
28887134
28887206
28887636
28887715
28887717
28887916
28888209
28888921
28889246
28890010
28891752
28891967
28891980
28892308
28893125
28894380
28894890
28894952
28895245
28895435
28895855
28900469
28900832
28901390
28901423
28901464
28901480
28902353
28903422
28903444
28903484
28903995
28904062
28904399
28906259
28906571
28910211
28912136
28912141
28912153
28912423
28912531
28912682
28912897
28912963
28913317
28914549
28915356
28915414
28915577
28915616
28915674
28915860
28916189
28916736
28916747
28917183
28917285
28918039
28918048
28918367
28918420
28919569
28919992
28919997
28921565
28921714
28922334
28922698
28922732
28922847
28922853
28923369
28924284
28925399
28925404
28925679
28926136
28926163
28926524
28926987
28927033
28927109
28927111
28927156
28927521
28927932
28928160
28928831
28928859
28929923
28930163
28930257
28931080
28931212
28933201
28933914
28934307
28936073
28938007
28938545
28938550
28938564
28938636
28939040
28939537
28939749
28939850
28939877
28941173
28941284
28942218
28942677
28943436
28943937
28943957
28944115
28944929
28945172
28945795
28945989
28946553
28947140
28947502
28947963
28948499
28948518
28948650
28950062
28950898
28951270
28951271
28951589
28952134
28952228
28952810
28952878
28955092
28956184
28956223
28957313
28958143
28958145
28958992
28959975
28960585
28960623
28960893
28962238
28962658
28963609
28964848
28965162
28965273
28965307
28965321
28965572
28966033
28966034
28966702
28966725
28966829
28966869
28967558
28967952
28968068
28968690
28968975
28968983
28969057
28969132
28969371
28969635
28969644
28970067
28970916
28972755
28973155
28973311
28973417
28973691
28973887
28974108
28974449
28975017
28976058
28976305
28976512
28977789
28977822
28977847
28977853
28978003
28978054
28978064
28978068
28978117
28978140
28978142
28978155
28978189
28979807
28979815
28980701
28981352
28982002
28982661
28983240
28983683
28984141
28984142
28984190
28986522
28987701
28987792
28988341
28988377
28988652
28989041
28989042
28990113
28990704
28990795
28990813
28991227
28991229
28993239
28993509
28994107
29016807
29016808
29016815
29016820
29016839
29016843
29016844
29016864
29016865
29016871
29016887
29016888
29016900
29016925
29016926
29016929
29016934
29016938
29016943
29016947
29016996
29016998
29017950
29018050
29020502
29020535
29020634
29021135
29023168
29023236
29023876
29024247
29025274
29026302
29026670
29028093
29028390
29028887
29029126
29029402
29029435
29029486
29030124
29030222
29030812
29030990
29031038
29032648
29033608
29033691
29033794
29034063
29034126
29034362
29035036
29035222
29035366
29035367
29036186
29036345
29036362
29036412
29036806
29038291
29038421
29039578
29039591
29039692
29040322
29040703
29040782
29040886
29041937
29042147
29042181
29042487
29042773
29044188
29047259
29048430
29048560
29048611
29048626
29048655
29048665
29048666
29048680
29050331
29050344
29051064
29052140
29052807
29053069
29053791
29054380
29056290
29057832
29057925
29057936
29058035
29058880
29059154
29059166
29061455
29061781
29062041
29062690
29063957
29065410
29066348
29066350
29066459
29066764
29066810
29067692
29069756
29069798
29069805
29069812
29070870
29073105
29073500
29074439
29074604
29074632
29074633
29075041
29075128
29075855
29075865
29076002
29076027
29076398
29076421
29076783
29076966
29077809
29077941
29078974
29079539
29079955
29079956
29080109
29080137
29080353
29080702
29081036
29081039
29081442
29081729
29081734
29081735
29081945
29083237
29085044
29085081
29085445
29085850
29086250
29087782
29088733
29088758
29088765
29088769
29088776
29089803
29089868
29090416
29090483
29090976
29091247
29091775
29092047
29093005
29093638
29095287
29095877
29097143
29097931
29098034
29098133
29098416
29099300
29099956
29100012
29100074
29100347
29101863
29102237
29102624
29102648
29102752
29102988
29103145
29103327
29103516
29103769
29103912
29103954
29104150
29104277
29104839
29105080
29105198
29105282
29105360
29105885
29106517
29106602
29106665
29107723
29108308
29110584
29113105
29113243
29113284
29113289
29113296
29113309
29113349
29113409
29113851
29114295
29114311
29114999
29115404
29115407
29115416
29115565
29115581
29115585
29115617
29115706
29116009
29116484
29116596
29116739
29117147
29117939
29118089
29119041
29119048
29120131
29121274
29121789
29122306
29123083
29123181
29124650
29124875
29125832
29126203
29126252
29127351
29128167
29128197
29128799
29129044
29129566
29129767
29129882
29129908
29130103
29131445
29131552
29131564
29132362
29132376
29133513
29133516
29133572
29134420
29135083
29135106
29135107
29135607
29136244
29136334
29136455
29136505
29136645
29137258
29137451
29138030
29138078
29138341
29138945
29138949
29139095
29140741
29141164
29142297
29142713
29143921
29143922
29144730
29145888
29146145
29146721
29146996
29147320
29147435
29147621
29147631
29147637
29147652
29147815
29147863
29148898
29149079
29149169
29149419
29150767
29150788
29150792
29151389
29151909
29152068
29152086
29152097
29152101
29152141
29152664
29153917
29154146
29154777
29155113
29155336
29156346
29156557
29156610
29156675
29156757
29156768
29156770
29156849
29158223
29158268
29158308
29158489
29158842
29158849
29158883
29159183
29159280
29159745
29159775
29159777
29160038
29160137
29162424
29162448
29162480
29162526
29162527
29162646
29163134
29163208
29163773
29163847
29164057
29164272
29164620
29164842
29165393
29165638
29165747
29166609
29166921
29167820
29168083
29168084
29169920
29170066
29173008
29173147
29174934
29175555
29176935
29177594
29177668
29179091
29179527
29179732
29180077
29180880
29180881
29181062
29181154
29181386
29181405
29181433
29182025
29182611
29183170
29183682
29183864
29183865
29184057
29184131
29184763
29184769
29185191
29187298
29187407
29188206
29188530
29189740
29189851
29189936
29190492
29190936
29191522
29191822
29191871
29192322
29193056
29193406
29193449
29194603
29194843
29195506
29196129
29196443
29196926
29196927
29197227
29198146
29198322
29198335
29198588
29198824
29198914
29198941
29199579
29199724
29199725
29200110
29200599
29201475
29202103
29202181
29202377
29203859
29204012
29204027
29204831
29205011
29205401
29205477
29206049
29206231
29206247
29207098
29207169
29207624
29207673
29207684
29208187
29208287
29208670
29209515
29209782
29209874
29209894
29211306
29211451
29212066
29212069
29212273
29212499
29212798
29218080
29218086
29218546
29218626
29218894
29218895
29220841
29221175
29221178
29221966
29221983
29222038
29222067
29222400
29222813
29223784
29223793
29225464
29225516
29226020
29226040
29226151
29226333
29227814
29228449
29228563
29228586
29228611
29228694
29228953
29229477
29229958
29230350
29231998
29232550
29232556
29234491
29234674
29234914
29235052
29235250
29235358
29235374
29236891
29237980
29238043
29238047
29239327
29239532
29240260
29241354
29242608
29242629
29244086
29244145
29244745
29245920
29246647
29247019
29247249
29247315
29247857
29248174
29248175
29248508
29248726
29249210
29249301
29250143
29250175
29250531
29251531
29253028
29254160
29254162
29254243
29254264
29254333
29254497
29254993
29255149
29255242
29255742
29256553
29257212
29257240
29257267
29257313
29257343
29258180
29258522
29258929
29259011
29259535
29259740
29259984
29259986
29260225
29261148
29261637
29262591
29262608
29262851
29263181
29263275
29263302
29263783
29263824
29263833
29263839
29263927
29264779
29264834
29264835
29264836
29266174
29267253
29267965
29268774
29269413
29270434
29270703
29271010
29271920
29274141
29274253
29274334
29274693
29274786
29275861
29276563
29277589
29277782
29278534
29278673
29279708
29279995
29280385
29281029
29282221
29282720
29284440
29284495
29284526
29284798
29285298
29285355
29285591
29286123
29286137
29286151
29286221
29286635
29287025
29287241
29288341
29288688
29288842
29289891
29290776
29290950
29290954
29290985
29291003
29291346
29291502
29291951
29293494
29294080
29294212
29294233
29295569
29295693
29295736
29296105
29296201
29296221
29296224
29296372
29296373
29297738
29298660
29299163
29299576
29299749
29299920
29300332
29301214
29301329
29301373
29301607
29301781
29302887
29302995
29303449
29304038
29305787
29306018
29308304
29308320
29308321
29308473
29308633
29308973
29309973
29309978
29309983
29310118
29311133
29311558
29311812
29311840
29311919
29312296
29312541
29312585
29313231
29313411
29313954
29313975
29315429
29316219
29316898
29317703
29318454
29318530
29318979
29319175
29320480
29321087
29321659
29321663
29321665
29321816
29322326
29322843
29322932
29323298
29324911
29325770
29326882
29327174
29327259
29328002
29328365
29328424
29328445
29328466
29328863
29328867
29329030
29329273
29330078
29330292
29330365
29330749
29330750
29330809
29331752
29332185
29332604
29333049
29333122
29333126
29333206
29333521
29333657
29333924
29334602
29335830
29335913
29336268
29336479
29336530
29336777
29337169
29337288
29337870
29338907
29339188
29339639
29339965
29340013
29340087
29340361
29341000
29342193
29342201
29342360
29342841
29343521
29343677
29343848
29344216
29344264
29344278
29344889
29345190
29345288
29345889
29346317
29348487
29348557
29348854
29348879
29348882
29348883
29348889
29349577
29349602
29349612
29349613
29350455
29352231
29352318
29353516
29354058
29354390
29355710
29355809
29356028
29356419
29356927
29356965
29357090
29357274
29358738
29359011
29359122
29359162
29360266
29360452
29360538
29361062
29361284
29362367
29362846
29363044
29363298
29363730
29364157
29364211
29364250
29364622
29366360
29366782
29366787
29367943
29368356
29369420
29369439
29369787
29369825
29370984
29371158
29371271
29371590
29371697
29371739
29371945
29372493
29372686
29373718
29374321
29374392
29374809
29374810
29375020
29375124
29375280
29375300
29376139
29376382
29376641
29376741
29376764
29377763
29378228
29378238
29378419
29378529
29378533
29379468
29380422
29382243
29383111
29383115
29383189
29383196
29383516
29383547
29383647
29383986
29384064
29384188
29385679
29385725
29385923
29385926
29386185
29387402
29387965
29388033
29388034
29388793
29389898
29391393
29391903
29392280
29392589
29392687
29392688
29392689
29392690
29392691
29392692
29392693
29392694
29392695
29392698
29392699
29392700
29392701
29392702
29392703
29392704
29393175
29393176
29393180
29393181
29393185
29393186
29393187
29393370
29393542
29393845
29394923
29396060
29396292
29396437
29396807
29397407
29397747
29399110
29399139
29399160
29399410
29399702
29401217
29401256
29402980
29403420
29403428
29403545
29404292
29404978
29404979
29406549
29407769
29408884
29409010
29409474
29409516
29409754
29410396
29410469
29412012
29412148
29412784
29413763
29413989
29414098
29414253
29414809
29414911
29415215
29415410
29415469
29416606
29416646
29416647
29416731
29416760
29416795
29417388
29417580
29417946
29421553
29421556
29422017
29422364
29422647
29423027
29423030
29423098
29423539
29423540
29423667
29424319
29424459
29425743
29425978
29426231
29427211
29427528
29427543
29427611
29427817
29428061
29429801
29430935
29431617
29431756
29432548
29432558
29433556
29433917
29434213
29434275
29434344
29434840
29434841
29434848
29434887
29434995
29435008
29436186
29436645
29437767
29437873
29438500
29438526
29439493
29439552
29439667
29440272
29440289
29441040
29441509
29441861
29441946
29441999
29442128
29443896
29444157
29444314
29444555
29444745
29444930
29445035
29445239
29445288
29445734
29449679
29449696
29449895
29450812
29451340
29452330
29452901
29452949
29452964
29453045
29453321
29453678
29453736
29454008
29454130
29454261
29455216
29455370
29456350
29456714
29456734
29457747
29457830
29457888
29458374
29458417
29459276
29459844
29462362
29462414
29462493
29462960
29463109
29463172
29463553
29463577
29463580
29463791
29464076
29464662
29467012
29467901
29467925
29467937
29467947
29467963
29468261
29468445
29468446
29468542
29468713
29470520
29470683
29471172
29471879
29472157
29472310
29473166
29473335
29473980
29475069
29475886
29475910
29475911
29476046
29476107
29476302
29476310
29476996
29478154
29479058
29479841
29479863
29479968
29480754
29480969
29483008
29483208
29483302
29483558
29484081
29484285
29484427
29484440
29484821
29484991
29485118
29485655
29486283
29486328
29486795
29487696
29490632
29491184
29492119
29492128
29492202
29492900
29495404
29495429
29495584
29495977
29497031
29497315
29498639
29499065
29499377
29499951
29499954
29500275
29501481
29502931
29503195
29504169
29505529
29505840
29506672
29507055
29507094
29507625
29507632
29507697
29507698
29507709
29508061
29508248
29508443
29509253
29509313
29509694
29509936
29510196
29510290
29510343
29511029
29511178
29511362
29511385
29512448
29512900
29513090
29513714
29515370
29515653
29516026
29516964
29518210
29519165
29520102
29520305
29520609
29520610
29521523
29521593
29522834
29522936
29523123
29524050
29524243
29524309
29524715
29524717
29525720
29525892
29525972
29526082
29526937
29527330
29527387
29527430
29528443
29528867
29529299
29530027
29531161
29531296
29531326
29531533
29531967
29532035
29532260
29532523
29532996
29533108
29533842
29534028
29535142
29535421
29535541
29535551
29535630
29535786
29535822
29536011
29536305
29536729
29538296
29538610
29538621
29540202
29540359
29540489
29540809
29541392
29541421
29541490
29542059
29542410
29543559
29543748
29545335
29545552
29545965
29545977
29546530
29546682
29547090
29547092
29547938
29548051
29548052
29548775
29548818
29549165
29549168
29549271
29549621
29550762
29552044
29552127
29552147
29552282
29552420
29552579
29552752
29552779
29553850
29554126
29554345
29555603
29555610
29556339
29556340
29556607
29556836
29556846
29556922
29557060
29557480
29557506
29558382
29558959
29558961
29559295
29559744
29559776
29560793
29561308
29562225
29562589
29563957
29563997
29564490
29564591
29564594
29564746
29564747
29564749
29564886
29565460
29566069
29568378
29568933
29569163
29571067
29571296
29572254
29572492
29573206
29574193
29574250
29574252
29574277
29575236
29575602
29575677
29576419
29576531
29577186
29577457
29580626
29580805
29581022
29581041
29581140
29581766
29581794
29581866
29584591
29587298
29587824
29590461
29590646
29592812
29592882
29592883
29593027
29593309
29593424
29593960
29594036
29594041
29594237
29594548
29594656
29599000
29599372
29599413
29599982
29600296
29600313
29601946
29603080
29603594
29603739
29603794
29604357
29605294
29606504
29607865
29609142
29609505
29610069
29611298
29613896
29614416
29614978
29614985
29615337
29615461
29615633
29615749
29615902
29615913
29615917
29616127
29616908
29617135
29617282
29617395
29617713
29617843
29617848
29617963
29618054
29618055
29618087
29618103
29619003
29619517
29619520
29619649
29621137
29621181
29621542
29621607
29622771
29623275
29623552
29625062
29625067
29625108
29626238
29626472
29627902
29628192
29628799
29629229
29629572
29630818
29631083
29631084
29631562
29631935
29632053
29632085
29632727
29632728
29634349
29635363
29636115
29637509
29642018
29642043
29642232
29642372
29642484
29642487
29642535
29643433
29643471
29643989
29644003
29644004
29644006
29644394
29644485
29644711
29644808
29648580
29648968
29649215
29649742
29650288
29651419
29651429
29651966
29653366
29653579
29654062
29654522
29654590
29654835
29654958
29655085
29655301
29655792
29656021
29658588
29658772
29660005
29660006
29660021
29660022
29660374
29660689
29660900
29661831
29661844
29662057
29662304
29662612
29662624
29662659
29663738
29663743
29664032
29666004
29666934
29666969
29667068
29667764
29668317
29668342
29668458
29668679
29669002
29669288
29669750
29670017
29670020
29671196
29671197
29671226
29671486
29674394
29676844
29676849
29676997
29677490
29678196
29678219
29678575
29678708
29678715
29679017
29679199
29679380
29680243
29680441
29681812
29681995
29682141
29682433
29682554
29683097
29683372
29683790
29683891
29684521
29684592
29684697
29685176
29685415
29685418
29685705
29686388
29686400
29687002
29687244
29687258
29687323
29687495
29688039
29688510
29689253
29689399
29691293
29691296
29691776
29692265
29692354
29692710
29692731
29692957
29693015
29693188
29693242
29694413
29694664
29694897
29694955
29695070
29695515
29695906
29695934
29696074
29696364
29696502
29696530
29698579
29698587
29700308
29700310
29701546
29701571
29701680
29702145
29703472
29703483
29704503
29704527
29704691
29705182
29706655
29706656
29706750
29707104
29707108
29707160
29708004
29708252
29708435
29709612
29709748
29713042
29713567
29713762
29714164
29715082
29715088
29715089
29715102
29715460
29715532
29715541
29716531
29718126
29718366
29718398
29718432
29718569
29719265
29719596
29719610
29719613
29719627
29719741
29720725
29721096
29721184
29721204
29721393
29721688
29721752
29721771
29721785
29722661
29722878
29723631
29723732
29724193
29724813
29724999
29725063
29725461
29726109
29726704
29726772
29726787
29727741
29727799
29728237
29728514
29729291
29729901
29730191
29730279
29730415
29730475
29730791
29731795
29731893
29731959
29731997
29732319
29732524
29733087
29733389
29733521
29733920
29734672
29734739
29734808
29736738
29737395
29737461
29737636
29738914
29738972
29740075
29740146
29740218
29740437
29740486
29740538
29741106
29741737
29742608
29743287
29743446
29743557
29744393
29744614
29744935
29744991
29745082
29745982
29746255
29746665
29746930
29747239
29747444
29747600
29747666
29748285
29748620
29749469
29749540
29749548
29749579
29750281
29750582
29750673
29751640
29752716
29753116
29753641
29753893
29753958
29754163
29754199
29754406
29754968
29755294
29755678
29755681
29755901
29757276
29758120
29759570
29760085
29760150
29760190
29760465
29760590
29760596
29760976
29761244
29761249
29761573
29761922
29764852
29764866
29764999
29765109
29765540
29765554
29765555
29765626
29766937
29767255
29767307
29767308
29767813
29768063
29768997
29769005
29769044
29769134
29769307
29769444
29769450
29769456
29769617
29769662
29770114
29770193
29771007
29771386
29771423
29772361
29772845
29773872
29773903
29774119
29774125
29774132
29774180
29774872
29774910
29775303
29777137
29777390
29777418
29777576
29777870
29777944
29777945
29778285
29779086
29779087
29780166
29780826
29780878
29781781
29782366
29782850
29783757
29784026
29784452
29784746
29785566
29785863
29786075
29787607
29787762
29788114
29788332
29788497
29788727
29788733
29789572
29790314
29792360
29793116
29793210
29793318
29793956
29794775
29794826
29796358
29796615
29796723
29796740
29797180
29798906
29798907
29799137
29799188
29799523
29800921
29801515
29801876
29801989
29802247
29803091
29803092
29803727
29803991
29804534
29805076
29805498
29805603
29805753
29805974
29807183
29808316
29808321
29809131
29842815
29843152
29843599
29843746
29843811
29844123
29844863
29844869
29844871
29844891
29845122
29845297
29845423
29845796
29846098
29846701
29846705
29848067
29848664
29848672
29848673
29848683
29848907
29848919
29848970
29849102
29849920
29849945
29850380
29850889
29852183
29852299
29852759
29852760
29852763
29852767
29852771
29852773
29852776
29854309
29854316
29855630
29855771
29856660
29857516
29857862
29858087
29858681
29859696
29860315
29860889
29860942
29861416
29861635
29862267
29863600
29863805
29864155
29864158
29866190
29866745
29867331
29867351
29867979
29868247
29868469
29869314
29869356
29869489
29869778
29871587
29871908
29872504
29872555
29872570
29872625
29872714
29872742
29872770
29876004
29876787
29876930
29878277
29880026
29880059
29880393
29881948
29882028
29882044
29882045
29882211
29883824
29884885
29885671
29885857
29886297
29886801
29886836
29887596
29888103
29888201
29888503
29888966
29889468
29890277
29890472
29890617
29890725
29890731
29890994
29891395
29892208
29892240
29893017
29893067
29893279
29893335
29893906
29894307
29894332
29894665
29894708
29895501
29897522
29897562
29899179
29899215
29899381
29899407
29899827
29899831
29899865
29900059
29900065
29901110
29901177
29901201
29901350
29901353
29902200
29902298
29902340
29902537
29902607
29903919
29904470
29904818
29905460
29906532
29908275
29909500
29910795
29912004
29912767
29913253
29914265
29914619
29915361
29915951
29916012
29916277
29920319
29920451
29920782
29921422
29921582
29921698
29923139
29923272
29924716
29925764
29925966
29927251
29927604
29927689
29927716
29927955
29928345
29928705
29928783
29928884
29929115
29930746
29930759
29930877
29931168
29931585
29931708
29933086
29934058
29935053
29936383
29936695
29937212
29937354
29937714
29938005
29938265
29939324
29939339
29939953
29940755
29941152
29941484
29941984
29942135
29943102
29943122
29943666
29944105
29944671
29944980
29945963
29946469
29946775
29947027
29947810
29948068
29948550
29948615
29948641
29948845
29948952
29949049
29949238
29949469
29949979
29950117
29950651
29950856
29951334
29952031
29952319
29953371
29953622
29953649
29953855
29954445
29955818
29956460
29956673
29957763
29958537
29958636
29959057
29959665
29959694
29959764
29959965
29960096
29961065
29961376
29961380
29961791
29962083
29962275
29962860
29963047
29963228
29963232
29963263
29963264
29963265
29963268
29963768
29966045
29966347
29966430
29966699
29966936
29967261
29967262
29967352
29967607
29969452
29969678
29970196
29970480
29970543
29970705
29971187
29971562
29972178
29972272
29972326
29973092
29974014
29974335
29975720
29975751
29976510
29976574
29976632
29976640
29977042
29977208
29977365
29978325
29978834
29979390
29980193
29980414
29982329
29982740
29982805
29982845
29983575
29983870
29983895
29984907
29985389
29985441
29985475
29985733
29986882
29987450
29987746
29987920
29988316
29988358
29989652
29990498
29990642
29990749
29990969
29990971
29990984
29990993
29991107
29991124
29991446
29991527
29991528
29991742
29992076
29992434
29992724
29992790
29993289
29993291
29993848
29993870
29995176
29995568
29996106
29997212
29997250
29997438
30001801
30002055
30003755
30003942
30003979
30003999
30005851
30006486
30006630
30006993
30008259
30008798
30008822
30008884
30008885
30009411
30009488
30009575
30009775
30010063
30010995
30011045
30012524
30013630
30013633
30013951
30015470
30015801
30015847
30015853
30015879
30016377
30016590
30016965
30016974
30017732
30017760
30017818
30018514
30018517
30018520
30018734
30019697
30021339
30022047
30022431
30022509
30023990
30025493
30026384
30026674
30027430
30028222
30028275
30028342
30028961
30029001
30029034
30029668
30029885
30030559
30030619
30031037
30031763
30032322
30032692
30032756
30033329
30034397
30034480
30034588
30034612
30034643
30034690
30035459
30036367
30036602
30036741
30037290
30037456
30037656
30037767
30037819
30038102
30038284
30038414
30038703
30038719
30039343
30040423
30040884
30041669
30041899
30042044
30042118
30042406
30042965
30042977
30043319
30044378
30045780
30046342
30046513
30046941
30048904
30048972
30049044
30049045
30049046
30049047
30049282
30049387
30049538
30049883
30050733
30050899
30050935
30051424
30053126
30053149
30053213
30053266
30053799
30054278
30054311
30054337
30054476
30055226
30055382
30055402
30055482
30056170
30057404
30057540
30057673
30058478
30059037
30059495
30059726
30060600
30061180
30061266
30063965
30064027
30064229
30065025
30065155
30065256
30065314
30066053
30066909
30067910
30069053
30069093
30069164
30069427
30069631
30070662
30070837
30071292
30071380
30071868
30072067
30072121
30072578
30073642
30073866
30074469
30074599
30074852
30075980
30076584
30076585
30076898
30077752
30078005
30078108
30078202
30079478
30079884
30080277
30080686
30080691
30080989
30081068
30082680
30082792
30082860
30082910
30082911
30082913
30083233
30083276
30083469
30083664
30085274
30085661
30086267
30086759
30087232
30087349
30087560
30087578
30087932
30088191
30089425
30089841
30090145
30090984
30091290
30091580
30092003
30092165
30092219
30092408
30092720
30093961
30094046
30094475
30094499
30094640
30094718
30094990
30095224
30096248
30096569
30096755
30097214
30097823
30098205
30098396
30098794
30099179
30099343
30099442
30099909
30100728
30101359
30101388
30102196
30102197
30102952
30103155
30104292
30104766
30105001
30105205
30106109
30106127
30107033
30107336
30107597
30107606
30108175
30108403
30108706
30108715
30109743
30110914
30111643
30111946
30112328
30113792
30114377
30114544
30115078
30116160
30116397
30116729
30117104
30117406
30117678
30118375
30118510
30118847
30119081
30119208
30119215
30121566
30121967
30123054
30123089
30123112
30123135
30123426
30124334
30124908
30125355
30125556
30125657
30125974
30127603
30127865
30127875
30128037
30128062
30129426
30130132
30130258
30131010
30131377
30131387
30131513
30131676
30132163
30132165
30132519
30132538
30132879
30133046
30133120
30133493
30134184
30135192
30135216
30136593
30137556
30137606
30138705
30138731
30138733
30140041
30141195
30143053
30143669
30144594
30145790
30145821
30146703
30146921
30147849
30148015
30149161
30150298
30150434
30150597
30150691
30150718
30150753
30151081
30151353
30151703
30152087
30154652
30154718
30155798
30155931
30156013
30156929
30157683
30158599
30159429
30159779
30159798
30159829
30159893
30160798
30165229
30165233
30165405
30165526
30165850
30166100
30167084
30167811
30169876
30170108
30170409
30171048
30171377
30171737
30171879
30172063
30172110
30172378
30173091
30175027
30175049
30175510
30176167
30176243
30176701
30176744
30176826
30176837
30177373
30177766
30178604
30179612
30181388
30181543
30182159
30182330
30182849
30185625
30186163
30186853
30187047
30187121
30188626
30189035
30189044
30190555
30190576
30191323
30191488
30191601
30192821
30194077
30194078
30194149
30194665
30195713
30195736
30195869
30195875
30195884
30195896
30195927
30196171
30196284
30196423
30197047
30197329
30197342
30197675
30197793
30198338
30198785
30199037
30200187
30200299
30200302
30200436
30200644
30201631
30201736
30201763
30201826
30201893
30202036
30202050
30203110
30203165
30203320
30203362
30203400
30203459
30203716
30204064
30205042
30205050
30205139
30206106
30206363
30206545
30207834
30208561
30208949
30208958
30209569
30209685
30209740
30210550
30210684
30210815
30210988
30211003
30211113
30211116
30213000
30213051
30213208
30213795
30213984
30214378
30214632
30214634
30214639
30215510
30216048
30216501
30216763
30216765
30217088
30217722
30217967
30218214
30218594
30218625
30218799
30218855
30218952
30219612
30219696
30219706
30220830
30220979
30221069
30221846
30222149
30222164
30222900
30223091
30223117
30223473
30224769
30224928
30225487
30225760
30225774
30226551
30226603
30227438
30227679
30227891
30228024
30228192
30228241
30228844
30229291
30229380
30231881
30232280
30232517
30232806
30233795
30233797
30235708
30236647
30236892
30236994
30238350
30238378
30238427
30238754
30239058
30239840
30240060
30240152
30240496
30242200
30242665
30242995
30243056
30243186
30243220
30243464
30243796
30243823
30243878
30244167
30244172
30245296
30246385
30247210
30247945
30248181
30248541
30248944
30248992
30249594
30249919
30250190
30250195
30250198
30250248
30250299
30250528
30251117
30251659
30252101
30252484
30253908
30253992
30254183
30254296
30254823
30254985
30256055
30256068
30256570
30257000
30257595
30257867
30258108
30258190
30258477
30258667
30258889
30259273
30259794
30260647
30261233
30261346
30261373
30261490
30261501
30261624
30263016
30263017
30264838
30265855
30266571
30266634
30266751
30266892
30267146
30267383
30267942
30268825
30269745
30269995
30271057
30271342
30272052
30272276
30272350
30272353
30273182
30274242
30274258
30274295
30274984
30275213
30275445
30276440
30276529
30277442
30277536
30277538
30279232
30279244
30279734
30279739
30279958
30279961
30280197
30280620
30281640
30281978
30282933
30283085
30283316
30283503
30283530
30283557
30283558
30284228
30284233
30285808
30286133
30287364
30287549
30288057
30288344
30288347
30289729
30289954
30289977
30290022
30290761
30290821
30290990
30291269
30291676
30291923
30292037
30292065
30292900
30294416
30295979
30296054
30296359
30296373
30297868
30298047
30298595
30299157
30301182
30301187
30301554
30302016
30302130
30302275
30302777
30302806
30304561
30304701
30304810
30304861
30305059
30305138
30305382
30305414
30305602
30305647
30306125
30306271
30307407
30308226
30308311
30309842
30311408
30312433
30312580
30312684
30312732
30312826
30312827
30312846
30314361
30314897
30314994
30315146
30315970
30317322
30317361
30318081
30318121
30318217
30318506
30319274
30319923
30321641
30321676
30321868
30322013
30322114
30322656
30322863
30322879
30322894
30323224
30323558
30323678
30323683
30323892
30323898
30324390
30324510
30324522
30324525
30325005
30326163
30326653
30327548
30327749
30327856
30327956
30327965
30328157
30329087
30332289
30332627
30333031
30333036
30333046
30333481
30333482
30333528
30333749
30333910
30334671
30335178
30335243
30336060
30337536
30337641
30337660
30337838
30337846
30338243
30338715
30338939
30341039
30341098
30341282
30341739
30343205
30343277
30343637
30343896
30344046
30344705
30344733
30344758
30344765
30344926
30344944
30344949
30345080
30346600
30346623
30347220
30347300
30347301
30347783
30348136
30348798
30348936
30349053
30349114
30349365
30349820
30350219
30351133
30351464
30351897
30351999
30353164
30353265
30353492
30353649
30353767
30354145
30356407
30357214
30357568
30357574
30357833
30357839
30358415
30359477
30359578
30360511
30360539
30360807
30361254
30361791
30361826
30362154
30362161
30362459
30362722
30362815
30362859
30364660
30365062
30365126
30365968
30366000
30366424
30366472
30366515
30367041
30367810
30368483
30368528
30368636
30368972
30369074
30370863
30371540
30373115
30373123
30374421
30374424
30374718
30375429
30375848
30376874
30377558
30377570
30377935
30381394
30381921
30382083
30382482
30382873
30384117
30384227
30384595
30385181
30385468
30385712
30385717
30385739
30385804
30385821
30386245
30386738
30386740
30387043
30387845
30388142
30388586
30388862
30389143
30389317
30389373
30389510
30389699
30390175
30390336
30390339
30391484
30391621
30391622
30391707
30391771
30391801
30392087
30392757
30392759
30392789
30392959
30393372
30394013
30394124
30394221
30394225
30394686
30395440
30396648
30396819
30397180
30397533
30397684
30397742
30397828
30399494
30399528
30399573
30400281
30401502
30401645
30401716
30402261
30402263
30402669
30403486
30404060
30404102
30404191
30404651
30405045
30405766
30405885
30406029
30406030
30408234
30408555
30409424
30409553
30410163
30410360
30410682
30410731
30410775
30410840
30411433
30412780
30413113
30413179
30413356
30413431
30414096
30414097
30414098
30414099
30414100
30414187
30414476
30414495
30415385
30415456
30415717
30415766
30416849
30417588
30418623
30418668
30418749
30420787
30420941
30420967
30420973
30421019
30421158
30421160
30421720
30423766
30423822
30424921
30425057
30425242
30425514
30425519
30425818
30425948
30426158
30426531
30426720
30428628
30429893
30431125
30431130
30431207
30431227
30431695
30439396
30439622
30440528
30441441
30441761
30441775
30442596
30442884
30443141
30443443
30443448
30444735
30445362
30445646
30445947
30446316
30446589
30446901
30446903
30448308
30449002
30449497
30450051
30450148
30450396
30450987
30450997
30451371
30451884
30452544
30452663
30452905
30453033
30453142
30453459
30453847
30455594
30456343
30459364
30459443
30459896
30460615
30460627
30460629
30460633
30461197
30463513
30463803
30464169
30464207
30464508
30464524
30465075
30465076
30465276
30465922
30466783
30466987
30467536
30467920
30467961
30468697
30468988
30469352
30469467
30469529
30470262
30470264
30470504
30471391
30472144
30472185
30472340
30472587
30473444
30473962
30474719
30474756
30475084
30475349
30475580
30475990
30476237
30476325
30476666
30477419
30478409
30479695
30480488
30480778
30482222
30483309
30483476
30483744
30484948
30485180
30485234
30485278
30485503
30486274
30486451
30487127
30488111
30488294
30488830
30488843
30496014
30496526
30496766
30496796
30496882
30497054
30497066
30497210
30497337
30497369
30498082
30498094
30498402
30498897
30499047
30499457
30500939
30501030
30502475
30503550
30503830
30504225
30504543
30504574
30504627
30506043
30506499
30506500
30506802
30506943
30506951
30507090
30507932
30508486
30508902
30509096
30511935
30514230
30514244
30514777
30514778
30516606
30516675
30517013
30518123
30518425
30518750
30518782
30519355
30521347
30521749
30522967
30523605
30523606
30524896
30525219
30525581
30525602
30527302
30527806
30528048
30528229
30528352
30528355
30528778
30529153
30529802
30530053
30530503
30530588
30530966
30531003
30531692
30531701
30532024
30532175
30532595
30532951
30534418
30534421
30534564
30534602
30535026
30535035
30535312
30535476
30535593
30535594
30535596
30536325
30536544
30536597
30536819
30536880
30537355
30537486
30537658
30538199
30538217
30538287
30538838
30538840
30538967
30539341
30539526
30539531
30541499
30542117
30542120
30542347
30542515
30542625
30542636
30542699
30542720
30542975
30543115
30543907
30544336
30544353
30544362
30544611
30544723
30544833
30545158
30545764
30546006
30546829
30546954
30546966
30547198
30547676
30548097
30548670
30549224
30549269
30551687
30552330
30552476
30552865
30552990
30553462
30554401
30555741
30555755
30556009
30556932
30557172
30558449
30558539
30558637
30559168
30559405
30560246
30560724
30561164
30561734
30561851
30561869
30562000
30562194
30562483
30562549
30562739
30562758
30562956
30563038
30563094
30563098
30563227
30563357
30564303
30564626
30564636
30565029
30565681
30567306
30567592
30567605
30568233
30568303
30568305
30568753
30568917
30569026
30569180
30569620
30571666
30572435
30572543
30572904
30572911
30573361
30573757
30574020
30574827
30575081
30576421
30577488
30578297
30579113
30579274
30579279
30580328
30580645
30581134
30581774
30581816
30583248
30583471
30583528
30583549
30584325
30584371
30585246
30585634
30585960
30586549
30586898
30587803
30587839
30590317
30590711
30591440
30591448
30591460
30591679
30592774
30593413
30593514
30593971
30594071
30594658
30594748
30595165
30595704
30595797
30596096
30596429
30597288
30597867
30598111
30599804
30599912
30602079
30602369
30602451
30602457
30602536
30602587
30603114
30603157
30603216
30603431
30604393
30604962
30605703
30605825
30606241
30606477
30606517
30607705
30607803
30608405
30609203
30609263
30610041
30610409
30610508
30610982
30611004
30611146
30611160
30611946
30612162
30612289
30613151
30613154
30613765
30613910
30613962
30614625
30615171
30615449
30616755
30617655
30617715
30618167
30618619
30619047
30619758
30621053
30621209
30621226
30622004
30622045
30622231
30622348
30624699
30624711
30625226
30625996
30626092
30627007
30627060
30627327
30627438
30628650
30629778
30631275
30631751
30632067
30632715
30632816
30632857
30633222
30633585
30633952
30635952
30636030
30637789
30637843
30639216
30639261
30639501
30639532
30641498
30641835
30642021
30642878
30643153
30643174
30644008
30644009
30644073
30644143
30644426
30645699
30646013
30646519
30646520
30646599
30647121
30647839
30647842
30647847
30647912
30648757
30649461
30649646
30649790
30649824
30649826
30650397
30651067
30651087
30651332
30651352
30652024
30652553
30653774
30654126
30654213
30654536
30654687
30654849
30655676
30655764
30655832
30655854
30655863
30655978
30656846
30656894
30656973
30656982
30657566
30657584
30658136
30658672
30659021
30659023
30659115
30659268
30659446
30659523
30659892
30660472
30660649
30660689
30661061
30661977
30662352
30662373
30662577
30662593
30662831
30663430
30663695
30663767
30664150
30664175
30664951
30664966
30665893
30666698
30666875
30668384
30668768
30668814
30669284
30669316
30669455
30669546
30669568
30669581
30669623
30670496
30670698
30670876
30671112
30671385
30671709
30673344
30673844
30673883
30674502
30674534
30674838
30674979
30675060
30675243
30675312
30675347
30676111
30676239
30676438
30677075
30677141
30677574
30677772
30678085
30678211
30678307
30679164
30679227
30680070
30680509
30680510
30681320
30682492
30682505
30682795
30683134
30683653
30683859
30683885
30684707
30685341
30686263
30686972
30687086
30687642
30687753
30688095
30688393
30690491
30691162
30691320
30691465
30693152
30693511
30694423
30694558
30695232
30696911
30697499
30698349
30698450
30699910
30700502
30700544
30700763
30701019
30701185
30701354
30701538
30701669
30702785
30703492
30703501
30703513
30705084
30705370
30705404
30705592
30705757
30706010
30706176
30706241
30706338
30706396
30707277
30707500
30709011
30709059
30709339
30709621
30709652
30709929
30710114
30710121
30710203
30710631
30710720
30711662
30711932
30711935
30711955
30712777
30712887
30713473
30713788
30714532
30714673
30715630
30715649
30715851
30715997
30716120
30716494
30716716
30717050
30717206
30717309
30717372
30717376
30717385
30717801
30718358
30718520
30718547
30719107
30719212
30719230
30719499
30720218
30720470
30721028
30721527
30721979
30722781
30723234
30723577
30723695
30723703
30726300
30726533
30727742
30727779
30728039
30728735
30728876
30729665
30729822
30731398
30732527
30732550
30733620
30733667
30735871
30736342
30736462
30737083
30737375
30737615
30738224
30738388
30738431
30738578
30738865
30739221
30740109
30740232
30740290
30740911
30742119
30742120
30742122
30742128
30742682
30743027
30743057
30744436
30745581
30746035
30746749
30746964
30753211
30753579
30753611
30753637
30754150
30755240
30755443
30755456
30755636
30755732
30756069
30758983
30758984
30759340
30759398
30760294
30760571
30760737
30761302
30761522
30763249
30763736
30764570
30764633
30764859
30764877
30765189
30765449
30765502
30765850
30766479
30766509
30766748
30767394
30767775
30769863
30770161
30771196
30771200
30771780
30773189
30773842
30773888
30774553
30774763
30774826
30774992
30775090
30775317
30775418
30776413
30776504
30776641
30777055
30777100
30777198
30778149
30778332
30778375
30779712
30779783
30779920
30781428
30781445
30781807
30781871
30781903
30782343
30783384
30783513
30783874
30784279
30784283
30784292
30784896
30786916
30786920
30787206
30787232
30787993
30788103
30788413
30790064
30790133
30790732
30791418
30791455
30791546
30791889
30793789
30793846
30793921
30794467
30796030
30796037
30796088
30796178
30796273
30796690
30797218
30798125
30798132
30798142
30798512
30799490
30802527
30802686
30802872
30803231
30804019
30804471
30806888
30808679
30808902
30809632
30809720
30810437
30811476
30811978
30813043
30813245
30813461
30813533
30813636
30814514
30814573
30814660
30816179
30816427
30816477
30816483
30816497
30816520
30816530
30816613
30816684
30817178
30817495
30817682
30818875
30819144
30819441
30819771
30820430
30820715
30820974
30821221
30822432
30823646
30824583
30824700
30825580
30825636
30825711
30825962
30827889
30828079
30828724
30828968
30829611
30829867
30830269
30832246
30832616
30832617
30832691
30833431
30833542
30834619
30835007
30835219
30835701
30836187
30836216
30836243
30836600
30836703
30836914
30837231
30837348
30837577
30838212
30838335
30838489
30839135
30840157
30840356
30840664
30840759
30841521
30841564
30841565
30842215
30842276
30842654
30842671
30842728
30842790
30843345
30844389
30844410
30844476
30844730
30845286
30845654
30845661
30845786
30846550
30846719
30847170
30847191
30847586
30848102
30849144
30849522
30849636
30850588
30850602
30850678
30850928
30852975
30853911
30853980
30854062
30854231
30854331
30854442
30854449
30854451
30854456
30855176
30855281
30855574
30855705
30856536
30857197
30857221
30857276
30859343
30859392
30859746
30861589
30862693
30862709
30862806
30863720
30863846
30863889
30864102
30864499
30864699
30864703
30865625
30866031
30867058
30867254
30867317
30867410
30867411
30867563
30867786
30867843
30867924
30867991
30868340
30868892
30868970
30869664
30871073
30871215
30871240
30872378
30872474
30872592
30872624
30873456
30873889
30874284
30875346
30875688
30875963
30875975
30876808
30876988
30877099
30877103
30877463
30877636
30877769
30877905
30878526
30878548
30878553
30878561
30878754
30879160
30880204
30880453
30881035
30881038
30881112
30881126
30881689
30882547
30882787
30883079
30883662
30885023
30885118
30885763
30885764
30886683
30886866
30887242
30887267
30887411
30888031
30888082
30888463
30888558
30889203
30890548
30890698
30890717
30891467
30892657
30893594
30894197
30894200
30894629
30895167
30896862
30896865
30896873
30897774
30898167
30898756
30898840
30898893
30899088
30899304
30899372
30899443
30899638
30899826
30900024
30900029
30900116
30901212
30901858
30902128
30902129
30902155
30902769
30902924
30903640
30905762
30906492
30906654
30906984
30907150
30909186
30909395
30909436
30909495
30909628
30909682
30909720
30909789
30910753
30910997
30911439
30911536
30911935
30912292
30914782
30914876
30916923
30917077
30917320
30917521
30917849
30917935
30918838
30919157
30920104
30920523
30922391
30922839
30922921
30923085
30923616
30924128
30925064
30925470
30925722
30926634
30926639
30926752
30926789
30926929
30927313
30927935
30928438
30928478
30928596
30929126
30929234
30930246
30930834
30930929
30932010
30932289
30932358
30932478
30933776
30934097
30934632
30934929
30935585
30935831
30936198
30937002
30937031
30937268
30937698
30937703
30937892
30937985
30938091
30939350
30939793
30940290
30940658
30940662
30941001
30941158
30941997
30942157
30942162
30942445
30942446
30942453
30943372
30943404
30943446
30943748
30943868
30943918
30943920
30944201
30944404
30945069
30945128
30945284
30946477
30946500
30946839
30947000
30947475
30947476
30948314
30948344
30948373
30948495
30948731
30948873
30948997
30949114
30949446
30949483
30949502
30949746
30949900
30950355
30950447
30951627
30951900
30951915
30951926
30952038
30952620
30952719
30952748
30952930
30953361
30953555
30953587
30954746
30956729
30957234
30958159
30958226
30958558
30958800
30958802
30959272
30959276
30961616
30961775
30961828
30962415
30962446
30962630
30962658
30963664
30964111
30964431
30964684
30964868
30965373
30967140
30967592
30967630
30967634
30967859
30967876
30968107
30968276
30968718
30969129
30970642
30971889
30971896
30971917
30972284
30972297
30972500
30972513
30972664
30973372
30974104
30974270
30974271
30974296
30974322
30974966
30975504
30975602
30977058
30977997
30978253
30978441
30978987
30979702
30979965
30980242
30980364
30980539
30980849
30981160
30981767
30982199
30982493
30982841
30983488
30983966
30984099
30984267
30984333
30984336
30984989
30984996
30985227
30985412
30985435
30986516
30986607
30987208
30987226
30987454
30987661
30987862
30987996
30988626
30989383
30989436
30989437
30989622
30990380
30990849
30990881
30990907
30991024
30991141
30991214
30991648
30991681
30991848
30991885
30992025
30992429
30992437
30992459
30993088
30994173
30994843
30994848
30995489
30996048
30996066
30996239
30996288
30996326
30997093
31000070
31000415
31000958
31001003
31001122
31001471
31001929
31002346
31002372
31003026
31003211
31003476
31004009
31004262
31004710
31004738
31004829
31004858
31005211
31005212
31005645
31005653
31006040
31006910
31007066
31007847
31008529
31008688
31009169
31009513
31009624
31009783
31010029
31010146
31010692
31011672
31011879
31011934
31011939
31013620
31013784
31013819
31014363
31015365
31015768
31016107
31016891
31017239
31017266
31018124
31018151
31018580
31019097
31019448
31020343
31020489
31020985
31023376
31024240
31025086
31025151
31025274
31025400
31025405
31025851
31026358
31026557
31026613
31026822
31027305
31028138
31028395
31028540
31028823
31028838
31028986
31029333
31029351
31029822
31031209
31032367
31032735
31033049
31033488
31034050
31034096
31035045
31035344
31035417
31036031
31036078
31036696
31036715
31037147
31037157
31037246
31038238
31038851
31039537
31040150
31040154
31040265
31040671
31040930
31041561
31041803
31042598
31043429
31043589
31044081
31044160
31044422
31045268
31045274
31045469
31046428
31046478
31048057
31049070
31049368
31049419
31049574
31050315
31052281
31052505
31053733
31053883
31054101
31054489
31054516
31055681
31056285
31056286
31057101
31058154
31058280
31058365
31058900
31058901
31058968
31058980
31059035
31059108
31059794
31059805
31060588
31062076
31062400
31062525
31062527
31062528
31062529
31062530
31063493
31063549
31063861
31065566
31065957
31066280
31066391
31066622
31068075
31068339
31068674
31069135
31069599
31070539
31072204
31072237
31073193
31073373
31073693
31073903
31073965
31075138
31075260
31075964
31076534
31076963
31078521
31078687
31078963
31079324
31081046
31081099
31081138
31081711
31081973
31082191
31082814
31083587
31084193
31084218
31085358
31085547
31085976
31086759
31087038
31087206
31087625
31088401
31088402
31088577
31088835
31088845
31089607
31090213
31091655
31092064
31092378
31092387
31092421
31092561
31092847
31094363
31096221
31096313
31096609
31096725
31096773
31098995
31099015
31099037
31099446
31100066
31100099
31100529
31100543
31100944
31101126
31102038
31102349
31104122
31104273
31104962
31105189
31105869
31105997
31106264
31106292
31106423
31108342
31109098
31109310
31109382
31111534
31111555
31111564
31111685
31112151
31112344
31112812
31113492
31113618
31114156
31114250
31114328
31114334
31115583
31115714
31115733
31115870
31116627
31117166
31117370
31117874
31118262
31119097
31119110
31119150
31119182
31119318
31119998
31120149
31121035
31121373
31121380
31122294
31123186
31123407
31123624
31123687
31124078
31124760
31125013
31125275
31125418
31125770
31125970
31126978
31127329
31127507
31127957
31128261
31128300
31128911
31129756
31130597
31130731
31130992
31131831
31131906
31132447
31133366
31133966
31134492
31136972
31137238
31137462
31137733
31138115
31138312
31138764
31138900
31139325
31139410
31140277
31140754
31140757
31141785
31142339
31142380
31142630
31142741
31143257
31143291
31143308
31143512
31143523
31145289
31145643
31146471
31146757
31146910
31147008
31147176
31147232
31147872
31147892
31148455
31148598
31149044
31149165
31149644
31150499
31150854
31151189
31151295
31151327
31151460
31152217
31152846
31152883
31153146
31153463
31154345
31154346
31154438
31154523
31155679
31155685
31157866
31158532
31158542
31158746
31159876
31160012
31160353
31160393
31160587
31160907
31162269
31162708
31162799
31164078
31164082
31164145
31164645
31165039
31165845
31167364
31167470
31167648
31169033
31170245
31171720
31171738
31173153
31173217
31173298
31173727
31173881
31174561
31174567
31175098
31175262
31175579
31176262
31177611
31177992
31178130
31178471
31179686
31179753
31180187
31181312
31181639
31181660
31181772
31181803
31183364
31185211
31186237
31186364
31186379
31186414
31186453
31186776
31186810
31187267
31187466
31187495
31187913
31188028
31188064
31188499
31189077
31189613
31190814
31190868
31190874
31190889
31191251
31191605
31191680
31191825
31195027
31195298
31196126
31196258
31196351
31196485
31196742
31197238
31197266
31197598
31197678
31199023
31199673
31200289
31200435
31200581
31201181
31201406
31202362
31203071
31203420
31203532
31204210
31205101
31205150
31205490
31206012
31206614
31206646
31207154
31207345
31207546
31207928
31207930
31208813
31211411
31211412
31212086
31213505
31213800
31213842
31214505
31214915
31215106
31215437
31215469
31215502
31215632
31217496
31217780
31217909
31218139
31218281
31218293
31218299
31218383
31218569
31221203
31221981
31222112
31222512
31222722
31225500
31225516
31226325
31226519
31226687
31226744
31226836
31227406
31227723
31227783
31228139
31228703
31228852
31229353
31229576
31230743
31231208
31231419
31231472
31231613
31231853
31232425
31232447
31233190
31233712
31233827
31234707
31235578
31235603
31235820
31236818
31236819
31237849
31237985
31238064
31238504
31238763
31238807
31238897
31239710
31239863
31240240
31240667
31241130
31241171
31241175
31242188
31242427
31242696
31243260
31243585
31243671
31243804
31244224
31244443
31244524
31244973
31245170
31245283
31247000
31247312
31247374
31247400
31247559
31248184
31248863
31249064
31249133
31249342
31249831
31250154
31250881
31251475
31251755
31252036
31252080
31252301
31252311
31253732
31253799
31254065
31254264
31255690
31256047
31257517
31258628
31258684
31258744
31258848
31259320
31259527
31260781
31261783
31261921
31262047
31262396
31262726
31262865
31262876
31262884
31263123
31263189
31263453
31263673
31263962
31264484
31265172
31265310
31266784
31266817
31266951
31267007
31267022
31267313
31267741
31269424
31269723
31270134
31270152
31270223
31270955
31271539
31271823
31272074
31272093
31272122
31272759
31273577
31273578
31273934
31274552
31275377
31275378
31275753
31276594
31277685
31277942
31277954
31278288
31278746
31278917
31280337
31280432
31281087
31281481
31281497
31281953
31282108
31282311
31282745
31283707
31283714
31283793
31284051
31284441
31284524
31284571
31284665
31285369
31285671
31285946
31285949
31285960
31286678
31286796
31287950
31288238
31288448
31288488
31288857
31289362
31289507
31289510
31289563
31289592
31289674
31289886
31289907
31290002
31290055
31290679
31290692
31290966
31290996
31291988
31292163
31292202
31292299
31292802
31292803
31292914
31292920
31293169
31295040
31295606
31296788
31296889
31296906
31297044
31297242
31298508
31298733
31299065
31299161
31300060
31300386
31300704
31301145
31301441
31302222
31302299
31302391
31302496
31303549
31303966
31304590
31304776
31304976
31305216
31305527
31305702
31306580
31306660
31306678
31307242
31307653
31307887
31308765
31309072
31309383
31310365
31311166
31311580
31311653
31311947
31312534
31312669
31313083
31313265
31314551
31316099
31316100
31316136
31316378
31316555
31316566
31316603
31316623
31316906
31317002
31317441
31317456
31317577
31318172
31319548
31319814
31320597
31320621
31320671
31320900
31320993
31320997
31321384
31321614
31321645
31322245
31322259
31322308
31322832
31323404
31323657
31323957
31323961
31323993
31324990
31325144
31325145
31325146
31325903
31326657
31327527
31327593
31328883
31329636
31330178
31330259
31331510
31331747
31331912
31332251
31332324
31332647
31332810
31332862
31334441
31336733
31337028
31337872
31342060
31342232
31342436
31343422
31344410
31344424
31344432
31344499
31345255
31345356
31345573
31346129
31346326
31346613
31346710
31347685
31347720
31348581
31348875
31348965
31349079
31349699
31350684
31351207
31351210
31352310
31352311
31352465
31353322
31353435
31353436
31354487
31354846
31355493
31355623
31356114
31356980
31357480
31357555
31357584
31357616
31358880
31358997
31359240
31360067
31360068
31360109
31360198
31360969
31361512
31361777
31363754
31364025
31364126
31365524
31366977
31366997
31367244
31368054
31368257
31368305
31369016
31369092
31369321
31369680
31369881
31370279
31370300
31370384
31370819
31371189
31371348
31371360
31371825
31371989
31371994
31372193
31373379
31373686
31374284
31374479
31374545
31374547
31374860
31375115
31375748
31376079
31376345
31376551
31376553
31377205
31377744
31378572
31378785
31379707
31379887
31379971
31380272
31380286
31380388
31382374
31382985
31383285
31383287
31384764
31384862
31385362
31385957
31385961
31385965
31385967
31385972
31385982
31385984
31385987
31385992
31386006
31386010
31386014
31386017
31386018
31386024
31386036
31386039
31386043
31386050
31386064
31386084
31386093
31386094
31386097
31386098
31386654
31387280
31387808
31388723
31388924
31389193
31389961
31390427
31390546
31390677
31390792
31390836
31391321
31391882
31392595
31392596
31392597
31393033
31393709
31394931
31395346
31395792
31395852
31396334
31396362
31396432
31397331
31397594
31398290
31398406
31399318
31399568
31399589
31399645
31399936
31400035
31400163
31400201
31400262
31400274
31400279
31400805
31401659
31402274
31402940
31402948
31402957
31403483
31404556
31404694
31405017
31405148
31405159
31405268
31407039
31407144
31407522
31407727
31407920
31408511
31409816
31410064
31410187
31410248
31411929
31412547
31413318
31413876
31414186
31414267
31414301
31414377
31415601
31415891
31415896
31416549
31416731
31416846
31417117
31417238
31417281
31417550
31417555
31419008
31419058
31419797
31419987
31420675
31420805
31420951
31422171
31422371
31422498
31423196
31423223
31423235
31423255
31423262
31423264
31423502
31424440
31425631
31426278
31426573
31427235
31427282
31427569
31427735
31428092
31428519
31428674
31429038
31429199
31430050
31430155
31430337
31430423
31431370
31431463
31431787
31432186
31432189
31432278
31432377
31433156
31433983
31434323
31434712
31435428
31435500
31435923
31435963
31436000
31436248
31436296
31438847
31439570
31440081
31440166
31440465
31440502
31442061
31442413
31442649
31443071
31443114
31443404
31444232
31444292
31444412
31444413
31444579
31444719
31444982
31444999
31445229
31445799
31446307
31447061
31447391
31447494
31447588
31448051
31448207
31448714
31448801
31450721
31450822
31450905
31451090
31452060
31452174
31452706
31452820
31452869
31453007
31453319
31453379
31455674
31456217
31456318
31456594
31456963
31460783
31462285
31462429
31462642
31463571
31464076
31464386
31464538
31465815
31466109
31466300
31466399
31466914
31467175
31467533
31467641
31468161
31468188
31468686
31468706
31469371
31469566
31470825
31470874
31471491
31471790
31472673
31472853
31473399
31473463
31473668
31473880
31474305
31475119
31475440
31475543
31475547
31476621
31477833
31478117
31478121
31478154
31478223
31478435
31479414
31479731
31480372
31480530
31480854
31481405
31481662
31482066
31482067
31482151
31482242
31482266
31482267
31483918
31483942
31485367
31485480
31485609
31485668
31485826
31485921
31486038
31486047
31486876
31487014
31487431
31488360
31488423
31488817
31488827
31489102
31489145
31489457
31489579
31489879
31490283
31490641
31491006
31491450
31491820
31491891
31491945
31492002
31492191
31492588
31492635
31492748
31493190
31493405
31494330
31494931
31496223
31496301
31496889
31497204
31497348
31497354
31497709
31497713
31498567
31499479
31499527
31499542
31499714
31500197
31500285
31500384
31500569
31501045
31501459
31501494
31502574
31503386
31504251
31504670
31504797
31504812
31505164
31505280
31505292
31505812
31506386
31507132
31507398
31508283
31508366
31508369
31508371
31508966
31509308
31509337
31510109
31510944
31512439
31512637
31512638
31513636
31514200
31515159
31515215
31515278
31515460
31516582
31516607
31516649
31517118
31518391
31518741
31519376
31519377
31519690
31519750
31519988
31520357
31520369
31520765
31521143
31521589
31521694
31522595
31523189
31523853
31524269
31524272
31524276
31524860
31527549
31527881
31528214
31528375
31528379
31528459
31528472
31528666
31528699
31528921
31529407
31529454
31530200
31530290
31530559
31530567
31530630
31531022
31531023
31531345
31531788
31532058
31532757
31533034
31533041
31534165
31534206
31534331
31534499
31534527
31534534
31536342
31536810
31537460
31537527
31538015
31540485
31540507
31540977
31541175
31541181
31541350
31541799
31541850
31541887
31542481
31542643
31542863
31543278
31544490
31544900
31545240
31545270
31545550
31546010
31546124
31546717
31546749
31547056
31547263
31547462
31547492
31547570
31547758
31548426
31548728
31548811
31549086
31549535
31549596
31550353
31550737
31550738
31551765
31552189
31552420
31553622
31554327
31554364
31554641
31555204
31555450
31555451
31555453
31555584
31556016
31556442
31557949
31558474
31558707
31558800
31559554
31560005
31560705
31560714
31561040
31561044
31561550
31561595
31561889
31561896
31563286
31563962
31564120
31564969
31564976
31565453
31565488
31565489
31565645
31566074
31567312
31567548
31568682
31568700
31568907
31569420
31569701
31570001
31570484
31570704
31570734
31571113
31571861
31573817
31574953
31575848
31575897
31577603
31578804
31579072
31579077
31579088
31579520
31580908
31581005
31581215
31582045
31582283
31582380
31583003
31583120
31583565
31584071
31584593
31586022
31586101
31586211
31586452
31587474
31588686
31588710
31589963
31590360
31591377
31591460
31592000
31592732
31592790
31593305
31593323
31594837
31594994
31595570
31596391
31597643
31598150
31600167
31600898
31601050
31601097
31601895
31601918
31602000
31602219
31603255
31603723
31603915
31604713
31604779
31605013
31605777
31606796
31607216
31608195
31608231
31608326
31608328
31609000
31609738
31610157
31611741
31611911
31611967
31612107
31612183
31612313
31612721
31612863
31612875
31613002
31613698
31614149
31614431
31614872
31614999
31615806
31616011
31616160
31616182
31616474
31616629
31616641
31617054
31617063
31617104
31617173
31618420
31618458
31618844
31618934
31619292
31619389
31619667
31619751
31619949
31619962
31620245
31620548
31621041
31621387
31623667
31624103
31624332
31624472
31625482
31626111
31626289
31626787
31628071
31628092
31628288
31628293
31628715
31629402
31629553
31629966
31630356
31631402
31632393
31632439
31632497
31632537
31632919
31632968
31633244
31633435
31633695
31634381
31634400
31634769
31635307
31637159
31637166
31637414
31637628
31637999
31638255
31639020
31639630
31640252
31641031
31641331
31642111
31642559
31643011
31644262
31645049
31645679
31645884
31646100
31646241
31646435
31648104
31648967
31649250
31649891
31649956
31650201
31650515
31652556
31652994
31653017
31653034
31653091
31653130
31653965
31653969
31654541
31654711
31654752
31655362
31655421
31655917
31656985
31657112
31657621
31657679
31658576
31658771
31659157
31659527
31660951
31660979
31661039
31661470
31661771
31661894
31662513
31662972
31663592
31663868
31664073
31664714
31664860
31665239
31665343
31665443
31666247
31666668
31667475
31667535
31667714
31667733
31668814
31669083
31669746
31670889
31670900
31671279
31671414
31671624
31671850
31672491
31672557
31672763
31673030
31673738
31673920
31674203
31674730
31675094
31675152
31675644
31676314
31677015
31677361
31677594
31677819
31678282
31678680
31678994
31679081
31679112
31679687
31680298
31680589
31680858
31681134
31681570
31681595
31683628
31683640
31683669
31685892
31686436
31686437
31686440
31687320
31687840
31689481
31689562
31689591
31689995
31690341
31690954
31691120
31691127
31691527
31691953
31692451
31692479
31692772
31692882
31693607
31693905
31694585
31694905
31695152
31695222
31695490
31695618
31695769
31695779
31697592
31697921
31698752
31698775
31700049
31701343
31701625
31702057
31702627
31702782
31703057
31703822
31704036
31704823
31704826
31704835
31705405
31706107
31706255
31706351
31707116
31707687
31708732
31708781
31710121
31710183
31710622
31711239
31711496
31712311
31712430
31713017
31713115
31713587
31713889
31714064
31715330
31715381
31715522
31717924
31717973
31718063
31718568
31718669
31719653
31719831
31719901
31720536
31721021
31721715
31723000
31723002
31723547
31724666
31725331
31726199
31726206
31726354
31726800
31726894
31726966
31727131
31727471
31727590
31727689
31727756
31728314
31728884
31728942
31729541
31729991
31730561
31730913
31731490
31733287
31733404
31734137
31734424
31734545
31735281
31736002
31736437
31737102
31737567
31737793
31738894
31738948
31739155
31739779
31740732
31740814
31741780
31742351
31743054
31743584
31744121
31744235
31745090
31745126
31746080
31746135
31746226
31746375
31746408
31746438
31747009
31747383
31747788
31748682
31748891
31749828
31749885
31749934
31750239
31750243
31750250
31750274
31751860
31751869
31752169
31752824
31753028
31754093
31754113
31754127
31754832
31754919
31754956
31755385
31755397
31755915
31756059
31756732
31757678
31758030
31758290
31758617
31758921
31759122
31760532
31760595
31760651
31761233
31761532
31763067
31763674
31764814
31766326
31766430
31766580
31767628
31769546
31769726
31771104
31771235
31771791
31772153
31772327
31772693
31772751
31773303
31773434
31773440
31773466
31774199
31774721
31776899
31776900
31776931
31777202
31777271
31778016
31778600
31779126
31779130
31780768
31780915
31781213
31781503
31781832
31781904
31783387
31783653
31783691
31783910
31784096
31784531
31784666
31784984
31785437
31785440
31786558
31786560
31786561
31786887
31787452
31787462
31787534
31787897
31788085
31788092
31788553
31788870
31789416
31790459
31790777
31791385
31792003
31792122
31792837
31793036
31793158
31793634
31794887
31794896
31795071
31795330
31797142
31797180
31797235
31797610
31797612
31798343
31798527
31798595
31798765
31798837
31799256
31799672
31800087
31800712
31801111
31801254
31801317
31802036
31803626
31803680
31803736
31804140
31804699
31804930
31805126
31805879
31806377
31806595
31806641
31807022
31807027
31807171
31807694
31807732
31808923
31808968
31810002
31810452
31810928
31810938
31810939
31811117
31811943
31812927
31812931
31814223
31815044
31815141
31815182
31815646
31815888
31817833
31818017
31818127
31818130
31819317
31819508
31819533
31819537
31821913
31821983
31822636
31822682
31822894
31823158
31823165
31823663
31824472
31824836
31824861
31824916
31825557
31825658
31825829
31826955
31827085
31828065
31828428
31829033
31829777
31830049
31830525
31831026
31831598
31831863
31832018
31832068
31832212
31832215
31832217
31832220
31832685
31833081
31834256
31836442
31836713
31838183
31838735
31839905
31841506
31841816
31842391
31842413
31842792
31843430
31843432
31843727
31843869
31843897
31844032
31844735
31844886
31844890
31844909
31844979
31845161
31845844
31846350
31846454
31846696
31847192
31847227
31847543
31847658
31849489
31849498
31850228
31851783
31852112
31852284
31852831
31852834
31853198
31853695
31855120
31856384
31856394
31856423
31856602
31857847
31857855
31858216
31858290
31858556
31858693
31859178
31859574
31861092
31861134
31861603
31861636
31862900
31862933
31863022
31863352
31863639
31863651
31864830
31865145
31865193
31865216
31865327
31865479
31865606
31865735
31865777
31865806
31865908
31866539
31866547
31866614
31866995
31867293
31868967
31868973
31869655
31869660
31870319
31870376
31871298
31873309
31873964
31874375
31875306
31875307
31875354
31876107
31876683
31876821
31876829
31879345
31880005
31880372
31880401
31882118
31882480
31882946
31882968
31883489
31883794
31884342
31884798
31885094
31885374
31885471
31886082
31888004
31888172
31888244
31888886
31889095
31889236
31889239
31889897
31890800
31890868
31891240
31891366
31891876
31892569
31893093
31893527
31894251
31894296
31894333
31894517
31894970
31896079
31896084
31896088
31896490
31896509
31896544
31897155
31897171
31897867
31899397
31899468
31899873
31900072
31900275
31900278
31901251
31901951
31903167
31903645
31903699
31905135
31905171
31905221
31905344
31905745
31905747
31905754
31905849
31906023
31906036
31906065
31906280
31906320
31907277
31907278
31907355
31908526
31908585
31908598
31908666
31910628
31911154
31911200
31911775
31911779
31911881
31912278
31914038
31914660
31914904
31914946
31915175
31916100
31916238
31917294
31918259
31918686
31918786
31918907
31919052
31920302
31920606
31920609
31920679
31920928
31921679
31921684
31921808
31922313
31922391
31922633
31923345
31923709
31923988
31924041
31926117
31927212
31927312
31927403
31927631
31928355
31929367
31929384
31929892
31930277
31931429
31933259
31933806
31933858
31933927
31934080
31934130
31934134
31934277
31934644
31934685
31935881
31936544
31936587
31936835
31937477
31938047
31938069
31938239
31938301
31938662
31938681
31938968
31939089
31939525
31939728
31940589
31941461
31941467
31941901
31941916
31941933
31942068
31942177
31942189
31942443
31944147
31944314
31944406
31944768
31945318
31945443
31945545
31945745
31947384
31947448
31947771
31948038
31948569
31948749
31949244
31949612
31949725
31949827
31950039
31951159
31952173
31952211
31953095
31953259
31953312
31953610
31953672
31953818
31954052
31954330
31954519
31954716
31954770
31956038
31956073
31956964
31957033
31958485
31959027
31959133
31959491
31960233
31960992
31961592
31962251
31962357
31963414
31963499
31963507
31963825
31963881
31963897
31964274
31965010
31966054
31966740
31966862
31966927
31968687
31969095
31969097
31969174
31969757
31969990
31969991
31970404
31970625
31971966
31973030
31973059
31973233
31973919
31974803
31975767
31975773
31977207
31977252
31977259
31977462
31978452
31978780
31978877
31979088
31979318
31979394
31980562
31980567
31980975
31981140
31981762
31981923
31982279
31982898
31983122
31983428
31984581
31984871
31985002
31986121
31987636
31987922
31987963
31988035
31988196
31988455
31988460
31988476
31989037
31989117
31989402
31989489
31989507
31991805
31992200
31992226
31992516
31992716
31993371
31993498
31993801
31994757
31996281
31996845
31999549
31999936
32000032
32000296
32000638
32000653
32000671
32001415
32001707
32001819
32002029
32002519
32002547
32002651
32002804
32003089
32003397
32003661
32003678
32003685
32003704
32003759
32004492
32004571
32004711
32005270
32005411
32005873
32006162
32006166
32006189
32010368
32010528
32010632
32010790
32012954
32013066
32013452
32014051
32014107
32014969
32015336
32016497
32016946
32017068
32019099
32019288
32019882
32019907
32019988
32020210
32020219
32020230
32020379
32020470
32020472
32020473
32020475
32020477
32020478
32020479
32021172
32021258
32021272
32021566
32022242
32023324
32023813
32023985
32024010
32024090
32024211
32024367
32024457
32024816
32025013
32025326
32025728
32025750
32025832
32026479
32027343
32027536
32027939
32028649
32029440
32029822
32030510
32030558
32030651
32031360
32032522
32032648
32033611
32034072
32034079
32034261
32034306
32034446
32034707
32034712
32034713
32034716
32034717
32034719
32035622
32036239
32036474
32036576
32037183
32038644
32038792
32038995
32039032
32039232
32039443
32039732
32040858
32041222
32041307
32041837
32042327
32042342
32042800
32043779
32044289
32044521
32045717
32045997
32046132
32046188
32046730
32046773
32047170
32047544
32047722
32047723
32050104
32050461
32050972
32051271
32051286
32051289
32051553
32051890
32051891
32053182
32053655
32054632
32054826
32055129
32055849
32056374
32057098
32058110
32059077
32059178
32059880
32060102
32060103
32060308
32060367
32060379
32060706
32060762
32060840
32061839
32063857
32064038
32064048
32064499
32065471
32065482
32066449
32066626
32066745
32066879
32066906
32067422
32067518
32067544
32067893
32067938
32069381
32069807
32070274
32070670
32070707
32073402
32073826
32074192
32074974
32075104
32075134
32075239
32075424
32075484
32075753
32075924
32076934
32077034
32077389
32078014
32078016
32079047
32079108
32079173
32079293
32079590
32079652
32079743
32080088
32080119
32080744
32080830
32081041
32081833
32082376
32082381
32082975
32083009
32083568
32083978
32084631
32085455
32085671
32086739
32087464
32087559
32088084
32088190
32088292
32088718
32088728
32089384
32089685
32089739
32089990
32091031
32091665
32092088
32093151
32093304
32093414
32094297
32094299
32095084
32095689
32095788
32096068
32097763
32098194
32098270
32098295
32098401
32098627
32099363
32099402
32099410
32099472
32100578
32100784
32101278
32101537
32101575
32101725
32102350
32102932
32102991
32103382
32103527
32103982
32104080
32107549
32107555
32107712
32108290
32108294
32109370
32110947
32111042
32111087
32111229
32112540
32112904
32112907
32114264
32115576
32116185
32116674
32116702
32117235
32117272
32117316
32117422
32117445
32117743
32117750
32118205
32118206
32118710
32119915
32120183
32120790
32121471
32121554
32122555
32123087
32124265
32124270
32124953
32126150
32126620
32127912
32128914
32129540
32129626
32129893
32131407
32131411
32131421
32132028
32132216
32132403
32133292
32133512
32133779
32134157
32134362
32135040
32138190
32139403
32139428
32140683
32140793
32140889
32141394
32142659
32142806
32143288
32143717
32144360
32144597
32145324
32145416
32146793
32147549
32147765
32147864
32148493
32149081
32149465
32151286
32151711
32151942
32152743
32152825
32152926
32153327
32153581
32153627
32153727
32153729
32154167
32154590
32154775
32154928
32155938
32156119
32156166
32157551
32157552
32158049
32158359
32159271
32160197
32160396
32160544
32160708
32162012
32163830
32163836
32164385
32164575
32164579
32165211
32165236
32165363
32165861
32165998
32166004
32166308
32167589
32167637
32168477
32168910
32169363
32169805
32169889
32170186
32170633
32171051
32172060
32172201
32172413
32172480
32172728
32172799
32172947
32173479
32173672
32174197
32176624
32176627
32178267
32178271
32178275
32178454
32179921
32180054
32180085
32180229
32180814
32180897
32181351
32181806
32182224
32182452
32182759
32182968
32183227
32183406
32183903
32183951
32184164
32184591
32185647
32186270
32186345
32186433
32186874
32187449
32188434
32188609
32188907
32189093
32190011
32190469
32190486
32190845
32190946
32191139
32191542
32193547
32193690
32193895
32193951
32194412
32194436
32194542
32194691
32194864
32195176
32195242
32195378
32195924
32196609
32197031
32197147
32198351
32198420
32198487
32198817
32199197
32199316
32199932
32200460
32200532
32201313
32201424
32201436
32202233
32202316
32203214
32203223
32204072
32204544
32205867
32206320
32206327
32206426
32206976
32207347
32208341
32209106
32209363
32209439
32209694
32210117
32210625
32210803
32210929
32211242
32211315
32211330
32213162
32213460
32213961
32214002
32215786
32215936
32216192
32217989
32218162
32218600
32218815
32218834
32219069
32219100
32219470
32220051
32221316
32221741
32221785
32221847
32221963
32222898
32222932
32223240
32226941
32227096
32227282
32228929
32229691
32230857
32231148
32231534
32232249
32232385
32233347
32233996
32234056
32234332
32234828
32234897
32235296
32235483
32235752
32236632
32236779
32236901
32236902
32237064
32238056
32238359
32238578
32238705
32239089
32239429
32239430
32239431
32239647
32239921
32240177
32240464
32240807
32242067
32242786
32243127
32243933
32244208
32244221
32244528
32244981
32246025
32246395
32246865
32248003
32248188
32248843
32250161
32250189
32250339
32251831
32252441
32252517
32253265
32253638
32253714
32253787
32253832
32253959
32254336
32254485
32254809
32255252
32255604
32256206
32256704
32256768
32257050
32257248
32257281
32257284
32257287
32257553
32257565
32258065
32258244
32258388
32259073
32259365
32260145
32260999
32261593
32261611
32261723
32262958
32263487
32263495
32263994
32264002
32264239
32264844
32265156
32265293
32265299
32265938
32266103
32266797
32267172
32268863
32269065
32270710
32270715
32271286
32271288
32272554
32273346
32273388
32274629
32274630
32274718
32275350
32276468
32277103
32277520
32278517
32278653
32278699
32279420
32279523
32279815
32280134
32280303
32280574
32280748
32281244
32282510
32283739
32284788
32285369
32285998
32286085
32286266
32286688
32286953
32287174
32289469
32289884
32290213
32290231
32290386
32290733
32290821
32291242
32291386
32291451
32291589
32292341
32293127
32293798
32295255
32295275
32296458
32296580
32296583
32296841
32296843
32297889
32297954
32298818
32298824
32299465
32299815
32300059
32300137
32300151
32300599
32301015
32302695
32302735
32303258
32303613
32303958
32303975
32305004
32305131
32305969
32307022
32307112
32308563
32308772
32309325
32309386
32309389
32309604
32309805
32310229
32310827
32311510
32312627
32312953
32313150
32313731
32314457
32314777
32315193
32315286
32316096
32316186
32316275
32316566
32316617
32316783
32316814
32317280
32317528
32317623
32319316
32319527
32319552
32319596
32319715
32319728
32320427
32320860
32322196
32322199
32323769
32323804
32323826
32323832
32324311
32324631
32325703
32325867
32326020
32326230
32326318
32326583
32326742
32328180
32328184
32328470
32328477
32328646
32328653
32328662
32329150
32329422
32330214
32330620
32331482
32331940
32332306
32332819
32334273
32334471
32334892
32335153
32335505
32337072
32337956
32338647
32338864
32339057
32339235
32339634
32340173
32340197
32340319
32340843
32341747
32342332
32342992
32343904
32344261
32344293
32346064
32346919
32347433
32347934
32348209
32348734
32349217
32349263
32349320
32349327
32349342
32349641
32350000
32350590
32351215
32352379
32352518
32354013
32354046
32354122
32354338
32354708
32355162
32355537
32355727
32355741
32355905
32356882
32357567
32358191
32359215
32360673
32361246
32361863
32361864
32361907
32361941
32361984
32362913
32363050
32363159
32363311
32363470
32365033
32365185
32365781
32366418
32366424
32366479
32366675
32366676
32366879
32366909
32366915
32367425
32367437
32367506
32368051
32368055
32368056
32368136
32368287
32368392
32369244
32369552
32369601
32371586
32372061
32372400
32373508
32373516
32373607
32373649
32374045
32374446
32375387
32375830
32375839
32375876
32378450
32378973
32379380
32380385
32380584
32380730
32381732
32382477
32382838
32383063
32383351
32383980
32384458
32384802
32385699
32386320
32387352
32387862
32388501
32388695
32389001
32389029
32389265
32389863
32390004
32390230
32390293
32390351
32390353
32390354
32390602
32391122
32391260
32391559
32391807
32392097
32392704
32392739
32393192
32393964
32394100
32394305
32394325
32394470
32394767
32394847
32394995
32395201
32395666
32395825
32396873
32398076
32398685
32399740
32400117
32400953
32401342
32401608
32402245
32404045
32404931
32405577
32405668
32405996
32406277
32407064
32407116
32407745
32408220
32408287
32409605
32409902
32409944
32410111
32410137
32410409
32410451
32410622
32410920
32411235
32411606
32411756
32412599
32413077
32413511
32413951
32414213
32415008
32415029
32415500
32417407
32417652
32417712
32417714
32417936
32417949
32418115
32418155
32420340
32421821
32421988
32422022
32422211
32422304
32423968
32424176
32425525
32425605
32425792
32425795
32426045
32426265
32426288
32427712
32428723
32428795
32429463
32429869
32430486
32430779
32430842
32431501
32431795
32432031
32432753
32432847
32433536
32433555
32435158
32435367
32435368
32435414
32436060
32437039
32437507
32437694
32437800
32437982
32438456
32439230
32439412
32439916
32440151
32440157
32440565
32440969
32441504
32442398
32442903
32442975
32443516
32443610
32443613
32443649
32443749
32443824
32444772
32444980
32445058
32445532
32445778
32446118
32446294
32446354
32446712
32447005
32448602
32448603
32448605
32448607
32448608
32448609
32448611
32448613
32448614
32448615
32449315
32451414
32451770
32452133
32452511
32452588
32454937
32455066
32455176
32455831
32456359
32457126
32457755
32457905
32458986
32459082
32459347
32459682
32461552
32462934
32463457
32463592
32463836
32464090
32464096
32466170
32466280
32466430
32466657
32466770
32467990
32468002
32468038
32468039
32468052
32469121
32469390
32469935
32470336
32470396
32470780
32470985
32471688
32471970
32472029
32472122
32472274
32472393
32473180
32474411
32476651
32477324
32477929
32477944
32477945
32478203
32478280
32478924
32480195
32483429
32483596
32484019
32484210
32484211
32484293
32484299
32484308
32485087
32486108
32486205
32486489
32487617
32487621
32487635
32488056
32488114
32488372
32488404
32488924
32488994
32489434
32489510
32490080
32490189
32491994
32492056
32492217
32492547
32492707
32492985
32493186
32493189
32493226
32494198
32494988
32495005
32495692
32495889
32496029
32497183
32498400
32498727
32499560
32500034
32500035
32500277
32501772
32502918
32503118
32503676
32504326
32505021
32506168
32506247
32506304
32506355
32507878
32508030
32508533
32508561
32508744
32509069
32509389
32510090
32510239
32510582
32510957
32512365
32512407
32512726
32513205
32513276
32513296
32514049
32514239
32514649
32514886
32514998
32515015
32516884
32517054
32517326
32518098
32518375
32518380
32518546
32519286
32519463
32520501
32521263
32522584
32522719
32523045
32524791
32524814
32526366
32526700
32526957
32527113
32527552
32527840
32527943
32528036
32528131
32528726
32528758
32528873
32528967
32529352
32529410
32529538
32530473
32531377
32531614
32532329
32532977
32533054
32533126
32533385
32533688
32534425
32534703
32535723
32535833
32536682
32537176
32537178
32537179
32537180
32537433
32540484
32540630
32541784
32542110
32542437
32542524
32543030
32545241
32545380
32545571
32545574
32545852
32546157
32546647
32546790
32547058
32547542
32547705
32548285
32548290
32548292
32548326
32548582
32549188
32549357
32549758
32550606
32550861
32551496
32552287
32553924
32554164
32554237
32554435
32554515
32555332
32555746
32556179
32556522
32556864
32557339
32557428
32558704
32558721
32559056
32559414
32560244
32560384
32560489
32561044
32561529
32561881
32562246
32562247
32562591
32563269
32564774
32564972
32565597
32565725
32565808
32565936
32565959
32566124
32566694
32566921
32567728
32567735
32568625
32570988
32571024
32572354
32572951
32573435
32573857
32575464
32575495
32575506
32575541
32575632
32575784
32575820
32575884
32576130
32576255
32576681
32577206
32577629
32577848
32578135
32578137
32578272
32578777
32578964
32579262
32579932
32581558
32581699
32582531
32583309
32584547
32585241
32585274
32585958
32587256
32587392
32588772
32589560
32590068
32590095
32590159
32590393
32590878
32591091
32592373
32592484
32592588
32593138
32594232
32594352
32595038
32595202
32596388
32597394
32598273
32598442
32598977
32599030
32599834
32599896
32600076
32602020
32602029
32602292
32602487
32602743
32603616
32603676
32603860
32604718
32604996
32605068
32605100
32605563
32606015
32606667
32606784
32606802
32606887
32606935
32607953
32608372
32608373
32608374
32608376
32608558
32610506
32610626
32611734
32611766
32612203
32612606
32612655
32614759
32615261
32615600
32615647
32615889
32615943
32616845
32617133
32617167
32617293
32617722
32617871
32618153
32618209
32618517
32620268
32620753
32621117
32622951
32623215
32623467
32623617
32623917
32625208
32626582
32626584
32626585
32626586
32626587
32626942
32626960
32627023
32627128
32628089
32628466
32628487
32629176
32630166
32630235
32630308
32630542
32631482
32632040
32632447
32632605
32632894
32632898
32633375
32633376
32634050
32634135
32634544
32634555
32635204
32635272
32635336
32635403
32637221
32637857
32638092
32638822
32639068
32640746
32641768
32641990
32642649
32642651
32642655
32642656
32642657
32642658
32642659
32642660
32642662
32642668
32642673
32642674
32642675
32642678
32642679
32642682
32642690
32642692
32642694
32642695
32642697
32642699
32642700
32642703
32642706
32642707
32642708
32642713
32642716
32642717
32642719
32642720
32642723
32642724
32642725
32642726
32642801
32643066
32643440
32643507
32644145
32644826
32644843
32645394
32646187
32646271
32647151
32647207
32647587
32647861
32647886
32647893
32648211
32648384
32648735
32648779
32649888
32650210
32650387
32650473
32650495
32650527
32651364
32651730
32653731
32654112
32654140
32657085
32658268
32658431
32658776
32659303
32660379
32661186
32661549
32661826
32662042
32662157
32663453
32663774
32664214
32664581
32664747
32664839
32665022
32665311
32666048
32666049
32666415
32666673
32666844
32667033
32668248
32668280
32668356
32668709
32668808
32669109
32669424
32669604
32669844
32670013
32670826
32670884
32672118
32672125
32672127
32672481
32673194
32673519
32674143
32674977
32675337
32676458
32676954
32677340
32677981
32678153
32678261
32678438
32679017
32680476
32681151
32681181
32682409
32682428
32683297
32683533
32683647
32684847
32684859
32684910
32685991
32687571
32687679
32688042
32688383
32689873
32690400
32691026
32691190
32692766
32693062
32693289
32693671
32694155
32694637
32695001
32695745
32695752
32696543
32696617
32696872
32698368
32698744
32699236
32699356
32699526
32700037
32701224
32702086
32702467
32702656
32702667
32703405
32703494
32703610
32704022
32704621
32705169
32705436
32706829
32706934
32707073
32707243
32707539
32707662
32707672
32707876
32708046
32708312
32708610
32708613
32708846
32708903
32709853
32710211
32710727
32711096
32711429
32712410
32712753
32713306
32714096
32714316
32715002
32715738
32715947
32716208
32717025
32717623
32717825
32718037
32718288
32719000
32719739
32720120
32720593
32720870
32721120
32721125
32721218
32722427
32723137
32723256
32723561
32724355
32724403
32724428
32725378
32725495
32725633
32726986
32727112
32727404
32727419
32727750
32728395
32728617
32728970
32729088
32729188
32729189
32729241
32729254
32729303
32729474
32729637
32730365
32730775
32730969
32731171
32731514
32731530
32731804
32731839
32732911
32732914
32733437
32733763
32734509
32735611
32736562
32736607
32736787
32737157
32737433
32737955
32738030
32738078
32739528
32739663
32741855
32742768
32742812
32743161
32743548
32743549
32743562
32744059
32744518
32744979
32745649
32745657
32746229
32746640
32747371
32748120
32748499
32749402
32749435
32749536
32749624
32750039
32750435
32750703
32750811
32752193
32753475
32753598
32753612
32753727
32753949
32754353
32754366
32754441
32754723
32755077
32755686
32756332
32758279
32758285
32758604
32758634
32759988
32761533
32761562
32761642
32762134
32762688
32762776
32763139
32763386
32764266
32764319
32764562
32764958
32765065
32765489
32765498
32765650
32765662
32765895
32766140
32767111
32767939
32767960
32768091
32768650
32768950
32769982
32770097
32770294
32770454
32770935
32771050
32774161
32774372
32775785
32775868
32776753
32777397
32777408
32777750
32779022
32779363
32781747
32782416
32782566
32782671
32783258
32783743
32784071
32784466
32784588
32786523
32787379
32788653
32789014
32789494
32791079
32791096
32791527
32791861
32792639
32792906
32793494
32793502
32793818
32793872
32793884
32793885
32794373
32794473
32795682
32795847
32795915
32796101
32796143
32796527
32796700
32798453
32799576
32799864
32800223
32801336
32801770
32803659
32804726
32806051
32806596
32806623
32807003
32807793
32807803
32807842
32810491
32811146
32811569
32811600
32811667
32811879
32812637
32813021
32813186
32813242
32813247
32814114
32814835
32814880
32816328
32817015
32817393
32818721
32819127
32819307
32820151
32820343
32820907
32820914
32821246
32821452
32821583
32821962
32822001
32822744
32822957
32823081
32823182
32823532
32823572
32823792
32823815
32823915
32823925
32823939
32824670
32824974
32825103
32825452
32825553
32826234
32826244
32828423
32828740
32828948
32829381
32830856
32830969
32831193
32831922
32832595
32832624
32833103
32833131
32833346
32838739
32838835
32840682
32841306
32843056
32843091
32843133
32843668
32845414
32845503
32847614
32847977
32848201
32848452
32848682
32848734
32850156
32850308
32850434
32850441
32850858
32851059
32851510
32852310
32852937
32853017
32853728
32854219
32854321
32856872
32857271
32857727
32858062
32860047
32860048
32860072
32860413
32860544
32860571
32860670
32860853
32861131
32861192
32861705
32861903
32862352
32862485
32862615
32862726
32863770
32864609
32864825
32866424
32866544
32866816
32867190
32867513
32867643
32867814
32867815
32868813
32869317
32869334
32870037
32870144
32870410
32872288
32872409
32873152
32874133
32874505
32874573
32874597
32874989
32875483
32875565
32875734
32877743
32878114
32878880
32878945
32880872
32881418
32881880
32882336
32882515
32882599
32882831
32883128
32883290
32884262
32884345
32884997
32885530
32885540
32885649
32887179
32887267
32887296
32888020
32888084
32888124
32888253
32888480
32889798
32889892
32890850
32890893
32891861
32892468
32894144
32895736
32896197
32896613
32896760
32897363
32897418
32897465
32898474
32898795
32899203
32899427
32899528
32900357
32900596
32901889
32902291
32903240
32903405
32903717
32904984
32904996
32905473
32905502
32905582
32905832
32906067
32906592
32906832
32907497
32908225
32908231
32909116
32909137
32909947
32910542
32911104
32913465
32913504
32913540
32913543
32914038
32914293
32914406
32915353
32915403
32916600
32917269
32917630
32918360
32918970
32918998
32919004
32919113
32919304
32920368
32921406
32922902
32922954
32923111
32923113
32923139
32923170
32923403
32923886
32924014
32925205
32925290
32926734
32926916
32927361
32927610
32927743
32927769
32928486
32928633
32928918
32929407
32929611
32930879
32930995
32931431
32931454
32931740
32931941
32932560
32932941
32934719
32934745
32935366
32935422
32935821
32936191
32938221
32938326
32938364
32938908
32938997
32941004
32942121
32942564
32942573
32942636
32943100
32943183
32943424
32943609
32943655
32943658
32943928
32944390
32944398
32944619
32945180
32945231
32945237
32945397
32945485
32945654
32946235
32946518
32947258
32947822
32948061
32948765
32949176
32949636
32952656
32953333
32953407
32953408
32953978
32954276
32954312
32954439
32954643
32954880
32956761
32956884
32956911
32957084
32957513
32957607
32957732
32957941
32958546
32958777
32960116
32960603
32962073
32962742
32962858
32963318
32963945
32964397
32964440
32964983
32965590
32967184
32967361
32967367
32967696
32967939
32968119
32968155
32968457
32969157
32969381
32969571
32970185
32971031
32971103
32971907
32971943
32972114
32973101
32973540
32973662
32974124
32974206
32974274
32974985
32975234
32975900
32976869
32976881
32977400
32977496
32977526
32977537
32977591
32978171
32978390
32978492
32979059
32980365
32980505
32980937
32981013
32981991
32982226
32982278
32982297
32982309
32982310
32982428
32982596
32983474
32984016
32984040
32984316
32984905
32986348
32987140
32987354
32987550
32987955
32988908
32989283
32989398
32989634
32989681
32990028
32990192
32990542
32990651
32990800
32990861
32990903
32991321
32991668
32991787
32993166
32993564
32994332
32995109
32995948
32997991
32998285
32998960
32998997
32999164
33000268
33000639
33001012
33001014
33001310
33002018
33002103
33002779
33002815
33002860
33002863
33002864
33002866
33002867
33003586
33004792
33004830
33005016
33005195
33005897
33006335
33006658
33007434
33007757
33007830
33007959
33007988
33008000
33009892
33009951
33009979
33010295
33010685
33013390
33014057
33014387
33014392
33014393
33014395
33014596
33014832
33014842
33014989
33015072
33015162
33016067
33016927
33019761
33020420
33020459
33020472
33020527
33020565
33020596
33021050
33021886
33022290
33022469
33023187
33023892
33024247
33024813
33025416
33025417
33026209
33027717
33027815
33027976
33028341
33028364
33028594
33028660
33028706
33028729
33029127
33029363
33029531
33029912
33033175
33034890
33035204
33035343
33035996
33036204
33036292
33036421
33036650
33037945
33038582
33038999
33039428
33040087
33040444
33040565
33040807
33041828
33041980
33042422
33042784
33042807
33042963
33044746
33045247
33045388
33047639
33047886
33047898
33048079
33048309
33049091
33049294
33049542
33049683
33049795
33049911
33050088
33050158
33050332
33050631
33051600
33052493
33052913
33053208
33053763
33053907
33054467
33054725
33057597
33057845
33057920
33058754
33059737
33059753
33059952
33060122
33061366
33061380
33061429
33061435
33061843
33062157
33062270
33062411
33062725
33063012
33063013
33065197
33065226
33065465
33066171
33066172
33066251
33066460
33066689
33067319
33067480
33068415
33068687
33068736
33069101
33069137
33069197
33069926
33071533
33072070
33072547
33072581
33073206
33073693
33074121
33074125
33074386
33075233
33075591
33076453
33076484
33076708
33077704
33077834
33077835
33077924
33078252
33078909
33079558
33080445
33080774
33081024
33081106
33081585
33082482
33082744
33082953
33083356
33083659
33083661
33083736
33085022
33085656
33085922
33085938
33086019
33086550
33086722
33086908
33087049
33087132
33087745
33087842
33088371
33088531
33088902
33088928
33089408
33090181
33090636
33090806
33091717
33092032
33092261
33092495
33093452
33093453
33093573
33095064
33095069
33095353
33095564
33096634
33096667
33096814
33097778
33098832
33099328
33099354
33099481
33099901
33099952
33101285
33101867
33102241
33102518
33103073
33103125
33103128
33103282
33103926
33104022
33104955
33105603
33105661
33106291
33106333
33106534
33106885
33107762
33108906
33109049
33109342
33109536
33109547
33109560
33109586
33109851
33110073
33110138
33110873
33111629
33111989
33112134
33112545
33112686
33113136
33113214
33113511
33113890
33114250
33114573
33115448
33115946
33116181
33116479
33116485
33116576
33116637
33116640
33117094
33117267
33117364
33117675
33117706
33118056
33118182
33118340
33119048
33119295
33119883
33120534
33121278
33121351
33122397
33122451
33122919
33122991
33123243
33123479
33123485
33123592
33123732
33123736
33124191
33124467
33124620
33125151
33126227
33126474
33126510
33126881
33127573
33128011
33128583
33128598
33128777
33129924
33130315
33130316
33130321
33130858
33130898
33130929
33131342
33131697
33132437
33133100
33133514
33134000
33134160
33134175
33134322
33134829
33134920
33134923
33134977
33138032
33140095
33140187
33140310
33140689
33141183
33142244
33142709
33143170
33144118
33144698
33145204
33145669
33146078
33147518
33147797
33148330
33148506
33150334
33150335
33151388
33151394
33151442
33152495
33152608
33153019
33153768
33154193
33154670
33154756
33154941
33154952
33155104
33155138
33155337
33156423
33156716
33156945
33157564
33158243
33158628
33158630
33158907
33159308
33159592
33160234
33161102
33161132
33161487
33161654
33162468
33162811
33162824
33163122
33163284
33163308
33165445
33166495
33166626
33167048
33167941
33168106
33168454
33168845
33169003
33169458
33169799
33171060
33171216
33171326
33171539
33171577
33171763
33171819
33171886
33172155
33172899
33173024
33173156
33173731
33173935
33173941
33173943
33176185
33176632
33176788
33176854
33177376
33177493
33177572
33177991
33178180
33178210
33178594
33179373
33179520
33180957
33181035
33182324
33182346
33183594
33183734
33184096
33184225
33184423
33184448
33186253
33186787
33187081
33187135
33187334
33187588
33188296
33189686
33190170
33191399
33193310
33193404
33193439
33193654
33193845
33193857
33193932
33194573
33194592
33194631
33195193
33195221
33196039
33196952
33196965
33197633
33198244
33198289
33198511
33199490
33200034
33200709
33201054
33201284
33201894
33202642
33203454
33203798
33203845
33203955
33204002
33204301
33204365
33205044
33205959
33206320
33207321
33207694
33208156
33208369
33208625
33208727
33210143
33210828
33211090
33212041
33212778
33215088
33215339
33215340
33215341
33215342
33215343
33215344
33215345
33216206
33216326
33216331
33216820
33217047
33217976
33218150
33220287
33220382
33220448
33220823
33221711
33221748
33221817
33222472
33222904
33222931
33222957
33223018
33223019
33223020
33223021
33223022
33223023
33223024
33223025
33223026
33223029
33223030
33223031
33223243
33223826
33223847
33224149
33224218
33224311
33224404
33227487
33227622
33227903
33228806
33229627
33229732
33229903
33230136
33230229
33231254
33231805
33231813
33232299
33232712
33232818
33233585
33233698
33234347
33234937
33235327
33235909
33235923
33235994
33235995
33235998
33236861
33236888
33237080
33237547
33237934
33238230
33238452
33238630
33238647
33239229
33239389
33239433
33239887
33240424
33240428
33240468
33240762
33241106
33241214
33241215
33243756
33244057
33244317
33245115
33245508
33245897
33245930
33245946
33246167
33246463
33246490
33248202
33249294
33249476
33249487
33250643
33250738
33251119
33251147
33251331
33251771
33251778
33252666
33253355
33253788
33254027
33255358
33255632
33256086
33256106
33257429
33260088
33260137
33260155
33260244
33260340
33260892
33261052
33261225
33261657
33261897
33263448
33266110
33266255
33267888
33268551
33268695
33268783
33268796
33271550
33271924
33272183
33273168
33273375
33273550
33273574
33274196
33274245
33274251
33274255
33274287
33275233
33276105
33276155
33277589
33277782
33278485
33279655
33279959
33281548
33281564
33281826
33281969
33282092
33282325
33282452
33282523
33282737
33282910
33283409
33283497
33283529
33284237
33285202
33285240
33287379
33287670
33288573
33288598
33288605
33288734
33289503
33289525
33290796
33291321
33291409
33291443
33291680
33292136
33292598
33293375
33293383
33293590
33294266
33294714
33296794
33297404
33297601
33297605
33298057
33298587
33299501
33299816
33299973
33300361
33300867
33301849
33302412
33302912
33303632
33304303
33305269
33307200
33307249
33307416
33307529
33307833
33307944
33308315
33310292
33310940
33311449
33311477
33312060
33312949
33312955
33313992
33314398
33315125
33315406
33315914
33316289
33316976
33317545
33317554
33317715
33317719
33318498
33318517
33320195
33320612
33320703
33321181
33321738
33321953
33322048
33322337
33322363
33322379
33322413
33322454
33322507
33322712
33323548
33324155
33324446
33324551
33325210
33325513
33326131
33326254
33327966
33328215
33328224
33328742
33328867
33328869
33328891
33329328
33329349
33329573
33329578
33329583
33329750
33330081
33330101
33330446
33330479
33330847
33333291
33333716
33333810
33333830
33334686
33334766
33335215
33336045
33336271
33336310
33336392
33336584
33338098
33338381
33338858
33339404
33339439
33339831
33341039
33341046
33341368
33341678
33341703
33342811
33342818
33343496
33343679
33344248
33344253
33346092
33346791
33348707
33349075
33350785
33351787
33352931
33353180
33353198
33353366
33354474
33354667
33354749
33356607
33356619
33358091
33358904
33360093
33360829
33360951
33361259
33361384
33362799
33363006
33363021
33363033
33363039
33363136
33363617
33363787
33363854
33364071
33364191
33364198
33364504
33364820
33365061
33365087
33367832
33367885
33368262
33369441
33369511
33370605
33370626
33370846
33371210
33371470
33372254
33372258
33372372
33373797
33374196
33374253
33374542
33374689
33374813
33374979
33375034
33375286
33375505
33375517
33375627
33376095
33376532
33376536
33376548
33376561
33377068
33377073
33377401
33378126
33378554
33378895
33378970
33378984
33381018
33381038
33382206
33382650
33383467
33385022
33385735
33386004
33386012
33386579
33386640
33387196
33387197
33388016
33389014
33389563
33389564
33389566
33389825
33390137
33390587
33390879
33391387
33391410
33391433
33391492
33391498
33391535
33391732
33391905
33392065
33392085
33392096
33392504
33392505
33392506
33392507
33392508
33392634
33394011
33394232
33394262
33394264
33394310
33394574
33395185
33396280
33396284
33396457
33396668
33396712
33396774
33398522
33398536
33399488
33399987
33400009
33400072
33400685
33400743
33402457
33402483
33402500
33402568
33402574
33402733
33402862
33403039
33403451
33403936
33404912
33405048
33405205
33405212
33405722
33405881
33406399
33406417
33406475
33406529
33407478
33408780
33408906
33409188
33409495
33409619
33410111
33410948
33411093
33412003
33412531
33413577
33414520
33414584
33415070
33415111
33417456
33417503
33418005
33418530
33419226
33419230
33419291
33419811
33419834
33420027
33420045
33420169
33420194
33420370
33420375
33421769
33422981
33423377
33424801
33425026
33425712
33425727
33425732
33425734
33425764
33425885
33426526
33426529
33426580
33426900
33427315
33427645
33428134
33428275
33428749
33428854
33429364
33429945
33429981
33430434
33430494
33430813
33430870
33432111
33432320
33432597
33432978
33433610
33435205
33435218
33435537
33436285
33436575
33436690
33436737
33438013
33438023
33438373
33440492
33440687
33440712
33441062
33441071
33441172
33441554
33442748
33442873
33443405
33443570
33444827
33445425
33446260
33446281
33446690
33447034
33447056
33447350
33447892
33448078
33449451
33449801
33450263
33452454
33452462
33453403
33453427
33453646
33454185
33454497
33454902
33455101
33455102
33455274
33456558
33456573
33457478
33458617
33459377
33460239
33461384
33461388
33461766
33462212
33462507
33462763
33463157
33463176
33463272
33463324
33465324
33465922
33466110
33466745
33467126
33468026
33468109
33468252
33469002
33469379
33469671
33469841
33470039
33470396
33470499
33471197
33471569
33471748
33473259
33474805
33475572
33476735
33476782
33476784
33476956
33476981
33477420
33477529
33477536
33477555
33477757
33477796
33478021
33478031
33478100
33479772
33479794
33480233
33481149
33481176
33482415
33482430
33482697
33482822
33483373
33483471
33483477
33484758
33485591
33485604
33486006
33486040
33486440
33486472
33486637
33486679
33488726
33489102
33489510
33489775
33489866
33489908
33489915
33491154
33491677
33491752
33492602
33493139
33494271
33494694
33495310
33495932
33496065
33496357
33496806
33496872
33497479
33498369
33498427
33498463
33498466
33498680
33498872
33499000
33499103
33499365
33499370
33499813
33499874
33499886
33499924
33500356
33500664
33500706
33500708
33501422
33501743
33502104
33502198
33502214
33502678
33504445
33504618
33504762
33504881
33504897
33505307
33505440
33506004
33506187
33506200
33506201
33506202
33506208
33506210
33507136
33507729
33508126
33508300
33509214
33509238
33509780
33509914
33509972
33511508
33511509
33512855
33513131
33514835
33514986
33515019
33515535
33515650
33515701
33516864
33516867
33517175
33517280
33517305
33517558
33519431
33520365
33520717
33520720
33520994
33521636
33521638
33523674
33524046
33524546
33524871
33524942
33524943
33524944
33524945
33524946
33524947
33524949
33525064
33525329
33525655
33525678
33526430
33526713
33526838
33528916
33529367
33529962
33530311
33530325
33530486
33531390
33531774
33532581
33532584
33532672
33532673
33533273
33534038
33534142
33534374
33535436
33535555
33535955
33535988
33536079
33536499
33537802
33537891
33538191
33538729
33538838
33539351
33539787
33540001
33540090
33540096
33540099
33540681
33540759
33540875
33541421
33541891
33542075
33542848
33543029
33543032
33543145
33543339
33543625
33543653
33543833
33544109
33544472
33544755
33545223
33545332
33545929
33546098
33546239
33546301
33546324
33546531
33546642
33547073
33547324
33547949
33547950
33548533
33548537
33550185
33550492
33551616
33551949
33551965
33552257
33552279
33552543
33552590
33552592
33552963
33552990
33553434
33554293
33555537
33555560
33556161
33556379
33556960
33557069
33557101
33557152
33557650
33558989
33559079
33559302
33559658
33559759
33560373
33561443
33561551
33561608
33561993
33562146
33562358
33562724
33562819
33563548
33564720
33566263
33566625
33566821
33567313
33567368
33568479
33568520
33568870
33569615
33569932
33570383
33571109
33571503
33571801
33572092
33572111
33572301
33572631
33572835
33573093
33573473
33574084
33574085
33574616
33575065
33575080
33575081
33575089
33575206
33575218
33575336
33575478
33575479
33575628
33575659
33575786
33575970
33576062
33576212
33576706
33577785
33577867
33578358
33578746
33579282
33579378
33579439
33579899
33579912
33579922
33580181
33580506
33581134
33581502
33581781
33581785
33582558
33583134
33583293
33584142
33584801
33585220
33585240
33585252
33585565
33586217
33587967
33588367
33588605
33588926
33589792
33590411
33590799
33592174
33592194
33592329
33592498
33593392
33594116
33594536
33594589
33594762
33595778
33596115
33597238
33598358
33598819
33599048
33599263
33599755
33599882
33600097
33600888
33600944
33601133
33601293
33602305
33602719
33602784
33603461
33603467
33603920
33604286
33604291
33604294
33604574
33604990
33606172
33606385
33608513
33608526
33609154
33609337
33609743
33610185
33610863
33610867
33610872
33610914
33611566
33611705
33611708
33611709
33611710
33611714
33612837
33613198
33613432
33613529
33613746
33614284
33614290
33614399
33614476
33614641
33614649
33614912
33615184
33615222
33615225
33617612
33618763
33619017
33619805
33620748
33621203
33621205
33621350
33622229
33622704
33623076
33623077
33623931
33624687
33626378
33627401
33627737
33627949
33628587
33628600
33628737
33628783
33629090
33629929
33630180
33631004
33631116
33631540
33632732
33632870
33633561
33634023
33634032
33634034
33635305
33635622
33636228
33636591
33637068
33637089
33638562
33639204
33639669
33640445
33640720
33642283
33643183
33643817
33643898
33644550
33644767
33645009
33645231
33646525
33646740
33647551
33647972
33649774
33649781
33649803
33649805
33649836
33649855
33650155
33650649
33651248
33651273
33652086
33653502
33655831
33656766
33657198
33657365
33657924
33657989
33658069
33658457
33659042
33659213
33659221
33659301
33659717
33660052
33660528
33661424
33661425
33663520
33663593
33663953
33664496
33664574
33664816
33664964
33665208
33665615
33665625
33665742
33667282
33667657
33667959
33668183
33668200
33668356
33668807
33668856
33669033
33669321
33669324
33669350
33669639
33669859
33670487
33670551
33670862
33670924
33671112
33671675
33671796
33671799
33672398
33673104
33673213
33673490
33674562
33674992
33675391
33675893
33679686
33680080
33680090
33680961
33680971
33681764
33681765
33681822
33684100
33684289
33684406
33684574
33685296
33685321
33685470
33685995
33686241
33686953
33687284
33687670
33688998
33689536
33689701
33689795
33689847
33690665
33692132
33692205
33692222
33692446
33692626
33692747
33692826
33692846
33692860
33692867
33692940
33692942
33692944
33692947
33693693
33693781
33693962
33694250
33694259
33704822
33705498
33706019
33706131
33706745
33706886
33707311
33707466
33707647
33707748
33708035
33708196
33708242
33709330
33710606
33710615
33710763
33711419
33711579
33712038
33712524
33713248
33715270
33716589
33717235
33717809
33718112
33718116
33718122
33718145
33718149
33718170
33718185
33718217
33718225
33718332
33718649
33719423
33720050
33720119
33720339
33722713
33722850
33723235
33723244
33723248
33723286
33725213
33726654
33726710
33726796
33727583
33727611
33727660
33727827
33728154
33728181
33728771
33729002
33730153
33730493
33732001
33732379
33732456
33732649
33734003
33735110
33735443
33735760
33735913
33736874
33737268
33737270
33738447
33738509
33740164
33740172
33740435
33740472
33741083
33741417
33741903
33742279
33742394
33743008
33743014
33743072
33743128
33744285
33744690
33745058
33745072
33746099
33746333
33746577
33746770
33746981
33747045
33747284
33747696
33747903
33747938
33747971
33748101
33748283
33748720
33749106
33750464
33751161
33752729
33752745
33753720
33753869
33753997
33754006
33754075
33754151
33755120
33755138
33755378
33755877
33756171
33758097
33758101
33758825
33759171
33759174
33759984
33760205
33761391
33761401
33761616
33761934
33762015
33762019
33762574
33763160
33763172
33763361
33763373
33763397
33763472
33763840
33765226
33765907
33766119
33767415
33767436
33767690
33767729
33767859
33768139
33768871
33768906
33769170
33770375
33771703
33771989
33772427
33772646
33775313
33775329
33775339
33775712
33776729
33776738
33777094
33777177
33777210
33777782
33778723
33779510
33779848
33779920
33779926
33780024
33781498
33781499
33781500
33781502
33781503
33781505
33781506
33781507
33781508
33781509
33781841
33781855
33781856
33781950
33782334
33782530
33782572
33782623
33783250
33784495
33784592
33785646
33786397
33786695
33787635
33787971
33788386
33788424
33788708
33788709
33788813
33788825
33789112
33789726
33789767
33790740
33790946
33791160
33791169
33791198
33791212
33791952
33793202
33794576
33795013
33795261
33795383
33795521
33795588
33795756
33795849
33796463
33796887
33796911
33796946
33798233
33798683
33799297
33799381
33799798
33800135
33800183
33800261
33800301
33800561
33800593
33800655
33800703
33800955
33801093
33801334
33801580
33801659
33801941
33802060
33802282
33802571
33803224
33803359
33803414
33803856
33803885
33803924
33803955
33803967
33804169
33804286
33804433
33804473
33804636
33804731
33804873
33804958
33805316
33805518
33805663
33806042
33806195
33806345
33806549
33806782
33806891
33807050
33807183
33807243
33807400
33807423
33807786
33807899
33807997
33808106
33808150
33808435
33808494
33808766
33809019
33809262
33809462
33809510
33810154
33810170
33810532
33810611
33810617
33811473
33811494
33811540
33811837
33811842
33812612
33812759
33813386
33813391
33815021
33815468
33816228
33816244
33816313
33817216
33817811
33817893
33819710
33819718
33821685
33824275
33824564
33824700
33825602
33826739
33827387
33828082
33828084
33828310
33828444
33828996
33829259
33829340
33829411
33830123
33830926
33832517
33834020
33834418
33835015
33835149
33835742
33836152
33837065
33838014
33838795
33839406
33839757
33839760
33841333
33842321
33842373
33842889
33843470
33843936
33845443
33846235
33846242
33846316
33846838
33847044
33847913
33848564
33850013
33850536
33850982
33853073
33853673
33853689
33854293
33854602
33854635
33854822
33854970
33854975
33854978
33855166
33855339
33856615
33856743
33857203
33857425
33857857
33858848
33859738
33859933
33859946
33860346
33861592
33862117
33862563
33862619
33863293
33863389
33863521
33863808
33863878
33864039
33864076
33864086
33864561
33864598
33865978
33867829
33868245
33868481
33868684
33868837
33869004
33869025
33869033
33869050
33869184
33869223
33869741
33871698
33871770
33872660
33876327
33876628
33877437
33877554
33877719
33879666
33880212
33880359
33880619
33880999
33881725
33881971
33881978
33883939
33883986
33884377
33885243
33885817
33885910
33886036
33886292
33887086
33887254
33887544
33887712
33887763
33888112
33888691
33888736
33889541
33889755
33889875
33890147
33890149
33890494
33891264
33892052
33892056
33892537
33892666
33893093
33893670
33893983
33894112
33894347
33894774
33895155
33896384
33896885
33898048
33898050
33898053
33898054
33898087
33898460
33899118
33900018
33900081
33900414
33900495
33901809
33902430
33902757
33903225
33905055
33906300
33906305
33906875
33907639
33907968
33908968
33909741
33909956
33910005
33910646
33910740
33910930
33910979
33911148
33911899
33913265
33913492
33913501
33913502
33915151
33915852
33915983
33916317
33916370
33916466
33916593
33916643
33916739
33917013
33917080
33917116
33917207
33917421
33917452
33917598
33917660
33917880
33917954
33918043
33918086
33918235
33918637
33918666
33918704
33918794
33918823
33918828
33919029
33919192
33919246
33919420
33919447
33919483
33919596
33919694
33919701
33919732
33919846
33920278
33920984
33921157
33921354
33921676
33921905
33921978
33922073
33922214
33922443
33922649
33922652
33923299
33923334
33923337
33923454
33923767
33924308
33924599
33925221
33925455
33925641
33925821
33926002
33926680
33926682
33927198
33927308
33927352
33927688
33928021
33928040
33928077
33928568
33928823
33930294
33931443
33931589
33931944
33932065
33932524
33932931
33933551
33933624
33933637
33933945
33935286
33935695
33935707
33936223
33937017
33937022
33937035
33937133
33937225
33937253
33937809
33937837
33939204
33940081
33940275
33940776
33940780
33940787
33941064
33941107
33941364
33942556
33942941
33945216
33945569
33945833
33947409
33947535
33947699
33948346
33948351
33948353
33948363
33948402
33948562
33948872
33949939
33950317
33950471
33952458
33953466
33953611
33953843
33954107
33954328
33954857
33955499
33955598
33956061
33956158
33956203
33957633
33957923
33959491
33959496
33959715
33959716
33959717
33959771
33959982
33960104
33960636
33960680
33962209
33962750
33963441
33964937
33965389
33966367
33966944
33967177
33967620
33969068
33969368
33969526
33969682
33969782
33970702
33971263
33971402
33972312
33972520
33972663
33974079
33974184
33974987
33975256
33975634
33976133
33976264
33976653
33976881
33976938
33977107
33977360
33977943
33978041
33978204
33978540
33978549
33979572
33980169
33980886
33981211
33981597
33981827
33983042
33984151
33984327
33984349
33986138
33986188
33986256
33986870
33986995
33987093
33987112
33987240
33987269
33987411
33987681
33987994
33989408
33989707
33990551
33990838
33990845
33990905
33991013
33991126
33991550
33991589
33991621
33991848
33992170
33992673
33994523
33995499
33995529
33995658
33996228
33996255
33996536
33996563
33996815
33996900
33997269
33997581
33997763
33997782
33998389
33999386
34000060
34001635
34001790
34003350
34003424
34003586
34004331
34004586
34006134
34006525
34006893
34007068
34007379
34009080
34010660
34010694
34010715
34011400
34012510
34012924
34012987
34013207
34013362
34014383
34014534
34015321
34015380
34015961
34016002
34016221
34016725
34017393
34018316
34018447
34018505
34018532
34018679
34019093
34019587
34020723
34021236
34021259
34021868
34022185
34022221
34022224
34022255
34022681
34022786
34024034
34024193
34024251
34025646
34026647
34026655
34027092
34027660
34028419
34028660
34029218
34030435
34031054
34031057
34032976
34033081
34033870
34034044
34034224
34036378
34036399
34036669
34036721
34036906
34039636
34039842
34039959
34041034
34041176
34041811
34042101
34042102
34042753
34042961
34044336
34044551
34044932
34045642
34045730
34046356
34046358
34046412
34046605
34046952
34047431
34047477
34047676
34047805
34047878
34048811
34048896
34049406
34050041
34050115
34050676
34050881
34051217
34051646
34051685
34052625
34052717
34053034
34054424
34054867
34054873
34055379
34055380
34055603
34055608
34055646
34055768
34056302
34056479
34056603
34056605
34056607
34057732
34058204
34058258
34058385
34059134
34059921
34060283
34061534
34061731
34062187
34062242
34062295
34062746
34062758
34063518
34064122
34064291
34064637
34064748
34065020
34065350
34065652
34065960
34065977
34065991
34066132
34066147
34066606
34066818
34066996
34067120
34067543
34067658
34067714
34067762
34067871
34068110
34068300
34068501
34068528
34068720
34068749
34068767
34068775
34068954
34069377
34069550
34069945
34070023
34070493
34070698
34070746
34070799
34070840
34071132
34071170
34071306
34071393
34071761
34071918
34072003
34072348
34072607
34072831
34072937
34073157
34073209
34073216
34073238
34073840
34074038
34074252
34075008
34075570
34076419
34077449
34077757
34078608
34078827
34079759
34079762
34079819
34079902
34080022
34080124
34080646
34080964
34081269
34082239
34082401
34082676
34082742
34082988
34083417
34085043
34085058
34085182
34086170
34086947
34087162
34087163
34087417
34087459
34087795
34090991
34091114
34091301
34092362
34093386
34093788
34093802
34093814
34093944
34094032
34094902
34094916
34094927
34094937
34094939
34094969
34094981
34094991
34095835
34096701
34096810
34097097
34097315
34097422
34097975
34099027
34100216
34100604
34100981
34101090
34101093
34101353
34102146
34102526
34103351
34103370
34103524
34103668
34103915
34105205
34105224
34105245
34106270
34106489
34106685
34106749
34107029
34107127
34107413
34108959
34109007
34109119
34109727
34110568
34111103
34112916
34113233
34113392
34114063
34114434
34115613
34115910
34115934
34116459
34117039
34117475
34118380
34118792
34118826
34119265
34119276
34119648
34119657
34119698
34119825
34119900
34120192
34120800
34121995
34122231
34123356
34123575
34123793
34123831
34125307
34125375
34127674
34128111
34128586
34128837
34129862
34129988
34130108
34130353
34131149
34131250
34131646
34131647
34131648
34132932
34132942
34135109
34135908
34136065
34136195
34136486
34136522
34136814
34138164
34138753
34138894
34139437
34139673
34140524
34141429
34142085
34142341
34144066
34144129
34144141
34144167
34145791
34145792
34146171
34146775
34147518
34148105
34149360
34150029
34150184
34150629
34150645
34150756
34151209
34151268
34151269
34151393
34151673
34151678
34152528
34152549
34153339
34153779
34153803
34154559
34155465
34156076
34157951
34158078
34158343
34158391
34158478
34158842
34160196
34160432
34160519
34162346
34162730
34162860
34162919
34163162
34163334
34165342
34165350
34165414
34165617
34165725
34166228
34166771
34166830
34166911
34168003
34168123
34168461
34168916
34170383
34171459
34171601
34172082
34172531
34172533
34173008
34174546
34175548
34178638
34178658
34178684
34178691
34178693
34180073
34180136
34180218
34181595
34181729
34182476
34185258
34185283
34185351
34186205
34186275
34188042
34188113
34188596
34188680
34188703
34188710
34188712
34188980
34189581
34189679
34189812
34191134
34191225
34193272
34193285
34193567
34193614
34194627
34194761
34195079
34195190
34195200
34195355
34195892
34196172
34196308
34196474
34196517
34197897
34198978
34198987
34198989
34199151
34199376
34199460
34199968
34200139
34200229
34200693
34200799
34200955
34201021
34201219
34201260
34201962
34202262
34202286
34202449
34202555
34202589
34202711
34203660
34203727
34203979
34204169
34204214
34204248
34204289
34204510
34204594
34204789
34204877
34204931
34204997
34205043
34205123
34205192
34205341
34205450
34206775
34206856
34206986
34207114
34207158
34207360
34207434
34208088
34208139
34208653
34208864
34209035
34209106
34209254
34209342
34209471
34209513
34209555
34209584
34209611
34209790
34210107
34210109
34210246
34211069
34211498
34211612
34211843
34211860
34211870
34211890
34212046
34212424
34212539
34212784
34212819
34212969
34213079
34213679
34213687
34214174
34214250
34214442
34214495
34214730
34215066
34215656
34216174
34216310
34216549
34216667
34216850
34216991
34217892
34219576
34220791
34220951
34221559
34221578
34221611
34222002
34222022
34222249
34222733
34224318
34225581
34225723
34227895
34228647
34229001
34229024
34230129
34230597
34231121
34231927
34232318
34232320
34232949
34234350
34234357
34234410
34234562
34234984
34234998
34235085
34235925
34236262
34236314
34236519
34237299
34237399
34237448
34238111
34238116
34238171
34239013
34239070
34240624
34241729
34241789
34242365
34243150
34243672
34244307
34244439
34244461
34244484
34244779
34245160
34245265
34246124
34246306
34246782
34248623
34248642
34249474
34249684
34249709
34249718
34249742
34250760
34251002
34251584
34252964
34253243
34253592
34253928
34254870
34254911
34255747
34256854
34257532
34257541
34257620
34257808
34258182
34258581
34259035
34259424
34262079
34262647
34262659
34266234
34266344
34266885
34267246
34267303
34267555
34267749
34268110
34268181
34268651
34268961
34269180
34269536
34269865
34271165
34272893
34273059
34273404
34274381
34274384
34274537
34275579
34277021
34277164
34277624
34277786
34277823
34278445
34278448
34278449
34278721
34281518
34281842
34281988
34282187
34282238
34282761
34282810
34284076
34284472
34284546
34284982
34285509
34286111
34286275
34286278
34286445
34287648
34288252
34288811
34289030
34289034
34289367
34289841
34289850
34290229
34290231
34290904
34291282
34292672
34293392
34293536
34294864
34295351
34295445
34295472
34295500
34295809
34295824
34295825
34296963
34297308
34297838
34298055
34298615
34298631
34298634
34298643
34298658
34298681
34298694
34298721
34298735
34298774
34298788
34298790
34298797
34298824
34298846
34298946
34299008
34299435
34299530
34300986
34301201
34301218
34301276
34301924
34301977
34302204
34302977
34303065
34303851
34304559
34305530
34305573
34305618
34305772
34305910
34306344
34307121
34307130
34307160
34307170
34307171
34309232
34309720
34310223
34310246
34310994
34311461
34311746
34312463
34313137
34313526
34314381
34315764
34316686
34316689
34316702
34316711
34318731
34318887
34319055
34319293
34319405
34319509
34320218
34320350
34320710
34320929
34321130
34321569
34321837
34322829
34322848
34323181
34323284
34323631
34323701
34325031
34326482
34326872
34326882
34327133
34327141
34328678
34329919
34332293
34332627
34335021
34335025
34335175
34335936
34335972
34336676
34336690
34336705
34337348
34337411
34338949
34341009
34342203
34342561
34343153
34343821
34344865
34344873
34345234
34345451
34345478
34345539
34345547
34345995
34347079
34347086
34347144
34347201
34347223
34347774
34348160
34348563
34348785
34348993
34349251
34350124
34350240
34350258
34350832
34350982
34351978
34352316
34352809
34353213
34353329
34354095
34354225
34354698
34354860
34354945
34355170
34355171
34355173
34355174
34355460
34356331
34356348
34356645
34356844
34356864
34357080
34357362
34359018
34359046
34359048
34359346
34359588
34359590
34359606
34359621
34359651
34359668
34359673
34359676
34359681
34359707
34359751
34359800
34359896
34359952
34360564
34360836
34361013
34361055
34361082
34361090
34361649
34361668
34362400
34362656
34362683
34363007
34363319
34363936
34365219
34365956
34366423
34366665
34367044
34367317
34367482
34367866
34367992
34368351
34368812
34369622
34370591
34370752
34371011
34371744
34371760
34371781
34372501
34372567
34373029
34373090
34373670
34373835
34374034
34374800
34375656
34375691
34376038
34376733
34376966
34376999
34377594
34377985
34377986
34377989
34378977
34380347
34380479
34381355
34381724
34381734
34381789
34382251
34382631
34383057
34383073
34383858
34383938
34384796
34384944
34385405
34385850
34385872
34386415
34388515
34388730
34390075
34391836
34392090
34393714
34394072
34394954
34395286
34395289
34395626
34395790
34395855
34396487
34397322
34398358
34398393
34399363
34399888
34400301
34401149
34403074
34403371
34403847
34405064
34405338
34405533
34407687
34407932
34408546
34408813
34408922
34408982
34409211
34409854
34411567
34411568
34411639
34412639
34412691
34413288
34415143
34415720
34416733
34417833
34418770
34418999
34419071
34419533
34419674
34419838
34419956
34421912
34422641
34422657
34422673
34422883
34422906
34423116
34423267
34423581
34424147
34424777
34424812
34424841
34425860
34426161
34426254
34427071
34427100
34427324
34427771
34427888
34428555
34430627
34431435
34431732
34432197
34433354
34433652
34433753
34433903
34434233
34434499
34434564
34434898
34435542
34435883
34436445
34436734
34436751
34438012
34439156
34439159
34439213
34439271
34439278
34439380
34439595
34439613
34439644
34439854
34439975
34439999
34440169
34440646
34440745
34440798
34440820
34440835
34441246
34443829
34444824
34445128
34445175
34445990
34446747
34447243
34447744
34448057
34448641
34450218
34450587
34452076
34452156
34452180
34452219
34452234
34452948
34453413
34454068
34454340
34454479
34454558
34455717
34456249
34456566
34457284
34458150
34458247
34458259
34458297
34458648
34459917
34459971
34460616
34461019
34461111
34461201
34461214
34461927
34462321
34462635
34462698
34462884
34463194
34463226
34465594
34465813
34466221
34466804
34467991
34468052
34469205
34469737
34470582
34470587
34470658
34470947
34471141
34471502
34472337
34472496
34472849
34473298
34473337
34474342
34474460
34474820
34474862
34474881
34475100
34475101
34475254
34475426
34475984
34475988
34476009
34477324
34477946
34478013
34479957
34480020
34480318
34481020
34481841
34482308
34482513
34482818
34483843
34483932
34484744
34484870
34485134
34485142
34485282
34485908
34485909
34486380
34487222
34487301
34487816
34488577
34488821
34489164
34489494
34490082
34490096
34490097
34490102
34490744
34490940
34491042
34493595
34494550
34494844
34495981
34495991
34496239
34496248
34496417
34496598
34497154
34498062
34498213
34498344
34498720
34500231
34500342
34500463
34500575
34500622
34502484
34503065
34503072
34503102
34503167
34503293
34503460
34504133
34504233
34504304
34504307
34504831
34505421
34506292
34506909
34507401
34507408
34508971
34509823
34510238
34512004
34512336
34512973
34513051
34513200
34513256
34513462
34513675
34513696
34513840
34513918
34514102
34514469
34514517
34514585
34515325
34516348
34516577
34516894
34517001
34518039
34519220
34519578
34519960
34520103
34521764
34521765
34522215
34522446
34522456
34522709
34523017
34523353
34523696
34524448
34525361
34525976
34526778
34526856
34527020
34527446
34527594
34528563
34528760
34529907
34530115
34530675
34531451
34531507
34531651
34531751
34531868
34531954
34532286
34533110
34533167
34533233
34533835
34533964
34534335
34534565
34534627
34534673
34535655
34535874
34536314
34536367
34536977
34537290
34537445
34539578
34539661
34539820
34539842
34539851
34539863
34540176
34540489
34540691
34540695
34540893
34540896
34541135
34541234
34541340
34541385
34541704
34543006
34543427
34543701
34544426
34545087
34545754
34548318
34548489
34549181
34550511
34552822
34553031
34553034
34554211
34554269
34554405
34554497
34555175
34556124
34556138
34556535
34556813
34557507
34557553
34558656
34558873
34559423
34559979
34560927
34560928
34561269
34561270
34561301
34562072
34562087
34562497
34564026
34565408
34566988
34567429
34568006
34568031
34568049
34569985
34570451
34570452
34570455
34570661
34571345
34571588
34571747
34571905
34571991
34571996
34572014
34572040
34572134
34572171
34572430
34572751
34572759
34572775
34572782
34572900
34572958
34575110
34575183
34575402
34575486
34575653
34575669
34575827
34575840
34575921
34575998
34576008
34576098
34576141
34576168
34576182
34577576
34577582
34577604
34577802
34577831
34578228
34578259
34578472
34578550
34578920
34578970
34580063
34581280
34581817
34581882
34581904
34582975
34583500
34583727
34584066
34584069
34586240
34586548
34586728
34587579
34588144
34588781
34588983
34589042
34589347
34589481
34589580
34589592
34590434
34590472
34591282
34591434
34591980
34592195
34592361
34592385
34593527
34594037
34594111
34594566
34594571
34594572
34595061
34596120
34597618
34598138
34598998
34599019
34599028
34599235
34599479
34599480
34600240
34601164
34601197
34601657
34603316
34603399
34604635
34604741
34604752
34605186
34605345
34605602
34606108
34606325
34606414
34607064
34607197
34607260
34608049
34608074
34608482
34608945
34609441
34609723
34609773
34610309
34610950
34610959
34611412
34611628
34611858
34612714
34613525
34613567
34613775
34614303
34615413
34615656
34615941
34616182
34616877
34617027
34617029
34617129
34617969
34618380
34620004
34620861
34621499
34621584
34621669
34621677
34622193
34622774
34623599
34624316
34624509
34624862
34625382
34625564
34625582
34625658
34626238
34626296
34626397
34626605
34626606
34627029
34627193
34628166
34628469
34628653
34629436
34629735
34630114
34631278
34631352
34631441
34631798
34632135
34632866
34633681
34635112
34635636
34635819
34635965
34636967
34638219
34638384
34638437
34638460
34638471
34638512
34638586
34638714
34638742
34638754
34638791
34638796
34638842
34638872
34638956
34638961
34638987
34639060
34639220
34641347
34641541
34641594
34642295
34642308
34643775
34644115
34645095
34645618
34645788
34645858
34646141
34646273
34646310
34646367
34646393
34646647
34646764
34646780
34646781
34646821
34647022
34647026
34647709
34647945
34648046
34648115
34651215
34651289
34652553
34653676
34654395
34654402
34654721
34655006
34656236
34656258
34656266
34656900
34656940
34657158
34657723
34659510
34659551
34659907
34659911
34660111
34660174
34660258
34660288
34661110
34662898
34663921
34664236
34665170
34665390
34665646
34666393
34667022
34667077
34667108
34667275
34667950
34670119
34670781
34671019
34671241
34671307
34671342
34671565
34672208
34672682
34673240
34674228
34675100
34675201
34675514
34676001
34676050
34676344
34677048
34677344
34677383
34677796
34678093
34678408
34678775
34678977
34679763
34680198
34680199
34680261
34680264
34680268
34680293
34680306
34680338
34680461
34680468
34680569
34681583
34681605
34681618
34681642
34681654
34681758
34681783
34681827
34681839
34681862
34681943
34681949
34683083
34683540
34683572
34683891
34683911
34683961
34684688
34684788
34685042
34685455
34685601
34685606
34685640
34685742
34685761
34686325
34686327
34686993
34687357
34687375
34687390
34687436
34687671
34687775
34687790
34687850
34687852
34687963
34688602
34688637
34689169
34689306
34689859
34690007
34690680
34690699
34690733
34691087
34692470
34692535
34692557
34692698
34693039
34693288
34694564
34694565
34694566
34694567
34694742
34695769
34696577
34696786
34697421
34697897
34698304
34698992
34700192
34700227
34702277
34702733
34702773
34702798
34703878
34704036
34704089
34704697
34705606
34705895
34707035
34707068
34707087
34707174
34707175
34707200
34707896
34708417
34708541
34710207
34710276
34710981
34711154
34711299
34712045
34712077
34712325
34713302
34713474
34713508
34714432
34714696
34715143
34715258
34715591
34715662
34715855
34716691
34716726
34716958
34717631
34718782
34719645
34719887
34720271
34721530
34722280
34722631
34723509
34723551
34724914
34725986
34726120
34726266
34726310
34728525
34728682
34729484
34731610
34731767
34732244
34732404
34732716
34733320
34733854
34734364
34734551
34735442
34735466
34736172
34737115
34737577
34737968
34738084
34739319
34739635
34740186
34740322
34740374
34740519
34740765
34740973
34741724
34742152
34742684
34743250
34744281
34744391
34745324
34745848
34746949
34748120
34748129
34748333
34749092
34750208
34750434
34751042
34751617
34751990
34752969
34753395
34753441
34753770
34753903
34754567
34754607
34754630
34754642
34756799
34756924
34757231
34759954
34761232
34761331
34761619
34761620
34762492
34762897
34763232
34763394
34763650
34764359
34764361
34764440
34764443
34765300
34765972
34765974
34765975
34765977
34766380
34766555
34767325
34767534
34768941
34768951
34769063
34769089
34769339
34769368
34771425
34771433
34771447
34771476
34771501
34771522
34771532
34771533
34771555
34771583
34771592
34771696
34771731
34771741
34772911
34773180
34773369
34773808
34773811
34774874
34775238
34775771
34777837
34777839
34778080
34778086
34778089
34781885
34781889
34781973
34782372
34782726
34783229
34783762
34784267
34784707
34785318
34785698
34786053
34786068
34786152
34787378
34787626
34787778
34787852
34788006
34790574
34790767
34790810
34790962
34791565
34791597
34791695
34791710
34792128
34792724
34793898
34794152
34794192
34794398
34795007
34795675
34796114
34797524
34797525
34797526
34798868
34799992
34800085
34800915
34801162
34801163
34801589
34801617
34802389
34802981
34803608
34804012
34804035
34804371
34804926
34804949
34804975
34805370
34806001
34806012
34806745
34806746
34807310
34808227
34808376
34808377
34810139
34811601
34811795
34812552
34813169
34813936
34813961
34815502
34815700
34815803
34815821
34817376
34818027
34818184
34818553
34819252
34819319
34819791
34819875
34819930
34820004
34820776
34821027
34822927
34824133
34824583
34825085
34825187
34825292
34825319
34825610
34825635
34825724
34826036
34826438
34827117
34827152
34827559
34829395
34829745
34829791
34829821
34829932
34830041
34830286
34830491
34830766
34830769
34830775
34830908
34830935
34830943
34830952
34830972
34831020
34831142
34831159
34831193
34831287
34831416
34831440
34831480
34832864
34832943
34832965
34832975
34833139
34834292
34834395
34834399
34834497
34835657
34835694
34836966
34837412
34837452
34837760
34837919
34838156
34839570
34841881
34842264
34842805
34843522
34843982
34844498
34844502
34845420
34845438
34845571
34845868
34846137
34846678
34848192
34848461
34848827
34848854
34849760
34850045
34850166
34850183
34850894
34851666
34852278
34852845
34852856
34853344
34853347
34853725
34853814
34854022
34855366
34855660
34855773
34856725
34857027
34857810
34858180
34858308
34858846
34858847
34858853
34859046
34859149
34859225
34859404
34859824
34861601
34862227
34862245
34862404
34862525
34862526
34862535
34863065
34863298
34863438
34863458
34864338
34864449
34864812
34865129
34865985
34867089
34867197
34867700
34867723
34868236
34868634
34868922
34868948
34868955
34869017
34870191
34871801
34871928
34872125
34872569
34873473
34873478
34873606
34873928
34874499
34875075
34875133
34877207
34878367
34878541
34878619
34878733
34878824
34880375
34881248
34881489
34882581
34882724
34883030
34883212
34883617
34884508
34884511
34884607
34884739
34884812
34884869
34884965
34885051
34885110
34885141
34885222
34885224
34885226
34885227
34885686
34886858
34886886
34887423
34888226
34889072
34890014
34890290
34892107
34892148
34892804
34894431
34894950
34895074
34896001
34896853
34896933
34897360
34897615
34897892
34898238
34899179
34899305
34899350
34899553
34899682
34899705
34899760
34900016
34900190
34900530
34900728
34900732
34900736
34901388
34901856
34901858
34902093
34902452
34902524
34903133
34903607
34904103
34904839
34905060
34906021
34906194
34906547
34906554
34906772
34909046
34909948
34910240
34910361
34911188
34911992
34912636
34912807
34912844
34913076
34914736
34915180
34917020
34917090
34917417
34917708
34917902
34918964
34919147
34919784
34921016
34923029
34923043
34923423
34923780
34924904
34924945
34925034
34925992
34926042
34926045
34926242
34926281
34926298
34926307
34926438
34926577
34929638
34929640
34929651
34930368
34931127
34931516
34931630
34932099
34933181
34934358
34934580
34935759
34936211
34936240
34936368
34938610
34938774
34939129
34939551
34940063
34940255
34940263
34940899
34940951
34941573
34941741
34942386
34943091
34943518
34943886
34943910
34943948
34944036
34944485
34944514
34944565
34944625
34944776
34944779
34944790
34944798
34944906
34944926
34944938
34944987
34945808
34946664
34946686
34947930
34948010
34948016
34948147
34948178
34948224
34948346
34948433
34949839
34950595
34950658
34951690
34952000
34952135
34952436
34952462
34952640
34953010
34953698
34954129
34954380
34955744
34956900
34957471
34958403
34958684
34958993
34959279
34959382
34959480
34959641
34959693
34961052
34961499
34963193
34963195
34963556
34963559
34963686
34964241
34964899
34965097
34966669
34966832
34967073
34967104
34967536
34967581
34967582
34968484
34968631
34969741
34969742
34970146
34970298
34970477
34970698
34971836
34972059
34972087
34972967
34973000
34973444
34973534
34973653
34975408
34975495
34976006
34976153
34976195
34976305
34976314
34976783
34976798
34978693
34979392
34979640
34979651
34980260
34980994
34981301
34981417
34981554
34982269
34982371
34982879
34982917
34983539
34984467
34984951
34985720
34985972
34987109
34987553
34987650
34987657
34987659
34987700
34988073
34988153
34988166
34988331
34988450
34988453
34988454
34988720
34989626
34989724
34989964
34990616
34991512
34991647
34992215
34992419
34992903
34992912
34992924
34993619
34994746
34995395
34995824
34996478
34996736
34997355
34997441
34997451
34997858
34998092
34998172
34998488
34999054
34999255
34999971
35000429
35001007
35001153
35003348
35003394
35003470
35003774
35004326
35004643
35004666
35004842
35006549
35006712
35006730
35006781
35007982
35008218
35008238
35008268
35008275
35008284
35008294
35008426
35008590
35008722
35008740
35008787
35008959
35011468
35011545
35011678
35011711
35012690
35013227
35013528
35013529
35013838
35014687
35014818
35016005
35016330
35016359
35016881
35017149
35017150
35017570
35017630
35018162
35018234
35018523
35018664
35019142
35020009
35020109
35021084
35021359
35021411
35021418
35021932
35022057
35022089
35022322
35022385
35022811
35023138
35023543
35024179
35024442
35024984
35025252
35025376
35026626
35027542
35029641
35031547
35031599
35031693
35032284
35032707
35032716
35032738
35033060
35034191
35036121
35037107
35038460
35038937
35039475
35039898
35039931
35040364
35041398
35042538
35043276
35043377
35043686
35044082
35044783
35045773
35045869
35045874
35046546
35046955
35047379
35047819
35047820
35047931
35047971
35048517
35048565
35049227
35049434
35049649
35049706
35050491
35050710
35050747
35051115
35051704
35051786
35052405
35052681
35052687
35052688
35052701
35052776
35052791
35052804
35052809
35052813
35052830
35053068
35053377
35053392
35053408
35053455
35053475
35053478
35053502
35053529
35053532
35053575
35053605
35053842
35053852
35054111
35054114
35054765
35054779
35054787
35054798
35054871
35054889
35054927
35055109
35055167
35056889
35057010
35057020
35057766
35057796
35057886
35058300
35058574
35058869
35059468
35059640
35059733
35059903
35060826
35062175
35062307
35062885
35062946
35063732
35063776
35063798
35064112
35066764
35067847
35068151
35069091
35069135
35069252
35069587
35069595
35069850
35070171
35071070
35071073
35071077
35071225
35071498
35071746
35071748
35072291
35073955
35073960
35074084
35075119
35075231
35076181
35077636
35077680
35077821
35077889
35078492
35078552
35078713
35079457
35079479
35079510
35079518
35079543
35079791
35081104
35083859
35084413
35085099
35085407
35085722
35086552
35087132
35087137
35087713
35088050
35088051
35088971
35090340
35090496
35091107
35091195
35091793
35092731
35093115
35093451
35093870
35094201
35094344
35094645
35095732
35096401
35096403
35096404
35096487
35096558
35096619
35098099
35098127
35098162
35098369
35098656
35099172
35099769
35100373
35101778
35102191
35102626
35102681
35103180
35103816
35103827
35103907
35104643
35104792
35104793
35104794
35104798
35105355
35105718
35105853
35106509
35106909
35107784
35108202
35109816
35109908
35111196
35111223
35111386
35111402
35111665
35111678
35111679
35111901
35112158
35112216
35112217
35112226
35112514
35113235
35113693
35113813
35114371
35114375
35115587
35115817
35116021
35116059
35116085
35116278
35116328
35116434
35116461
35116473
35116570
35116612
35116653
35116690
35116820
35116946
35116948
35117257
35117343
35117350
35117417
35117507
35117910
35118381
35118382
35118383
35118384
35118385
35118842
35118843
35119498
35119629
35119837
35119915
35120529
35121373
35121864
35121889
35121903
35122055
35122077
35122529
35122621
35122635
35123435
35124385
35124461
35126059
35126346
35127205
35127492
35127517
35127700
35129718
35130421
35130447
35130969
35131603
35131870
35131877
35132615
35132626
35133042
35133980
35134576
35134610
35135123
35135556
35135603
35136034
35137327
35137919
35138812
35138911
35138915
35139491
35140124
35140400
35140474
35140796
35141013
35141023
35141227
35141400
35142277
35142565
35143148
35143927
35143991
35144007
35144031
35144430
35145270
35145836
35148070
35148413
35148845
35148992
35149717
35150198
35150325
35150865
35151062
35151819
35151844
35151865
35151899
35152910
35153659
35154083
35154254
35154340
35154433
35155292
35155681
35156038
35157689
35157758
35158070
35158751
35158753
35158774
35158782
35158845
35158868
35158885
35158953
35158983
35158994
35159002
35159037
35159079
35159171
35159387
35159838
35159842
35159938
35163043
35163067
35163139
35163235
35163269
35163279
35163465
35163563
35163601
35163633
35163706
35163730
35163938
35164071
35165100
35165339
35166019
35166128
35167620
35167936
35168244
35171349
35171358
35171681
35171829
35172317
35173295
35173406
35173408
35173528
35173600
35173846
35174084
35174088
35174096
35175428
35175545
35175798
35175879
35176144
35177209
35177622
35177675
35177985
35178355
35178643
35178826
35179533
35179776
35180489
35180887
35181534
35181585
35181800
35182941
35182954
35183162
35183197
35184277
35184606
35185770
35185876
35186504
35187044
35187163
35187599
35187626
35187760
35189327
35189545
35190642
35190826
35191072
35191501
35191554
35191804
35191808
35192120
35192123
35192890
35192971
35193635
35193644
35194440
35194724
35194846
35195819
35196495
35196588
35197283
35197928
35198102
35198895
35199359
35199647
35199829
35199870
35199915
35200077
35200574
35201470
35202487
35202726
35202813
35202840
35203105
35203272
35203292
35203456
35203493
35203505
35203521
35203526
35203541
35203609
35203636
35204257
35204436
35204583
35205059
35205179
35205289
35205617
35205632
35205750
35205800
35205842
35207340
35207484
35208642
35209084
35209812
35210306
35210369
35211394
35211579
35211690
35211702
35212145
35212929
35212938
35213602
35214012
35214041
35214059
35214076
35214085
35214126
35214173
35214183
35214188
35215229
35216098
35216113
35216153
35216175
35216387
35216426
35216629
35217189
35217483
35217600
35217798
35218719
35219647
35219686
35219772
35220010
35221890
35221898
35222252
35222518
35223330
35223453
35223477
35223836
35223842
35224353
35225010
35225352
35225840
35226341
35227054
35227898
35228062
35228161
35228525
35228815
35229030
35229396
35231064
35231103
35231616
35232398
35232976
35233862
35234137
35236349
35237295
35237758
35239512
35240726
35241019
35242096
35242409
35242765
35243037
35244015
35245627
35246144
35246769
35247256
35247437
35247801
35247893
35248814
35249013
35249119
35249328
35250361
35250826
35251000
35251352
35251956
35251957
35252015
35254598
35255304
35255456
35255831
35256538
35256690
35256946
35257388
35258403
35259554
35260183
35260196
35260879
35261469
35261810
35261885
35261910
35261976
35262202
35262365
35263886
35264067
35264242
35264604
35265074
35265085
35265626
35266889
35267132
35267139
35267171
35267432
35267433
35267434
35267463
35267480
35267482
35267518
35267531
35267577
35267591
35267623
35267626
35267650
35267981
35268667
35269397
35269594
35269652
35269752
35269755
35269788
35269915
35269968
35270016
35271755
35272197
35274101
35274102
35274103
35275197
35275335
35275512
35275520
35276302
35276655
35277681
35277895
35278143
35278406
35278815
35278900
35279540
35280749
35280754
35280801
35280828
35281003
35281087
35281458
35281606
35281864
35281871
35281946
35282417
35282478
35282510
35282758
35282762
35283086
35283227
35286463
35286926
35287174
35287551
35289001
35291535
35291620
35292358
35292619
35292934
35293640
35293659
35293920
35294208
35295158
35295367
35295612
35295905
35296145
35296443
35298293
35298961
35299997
35300149
35300151
35300350
35300372
35301087
35301393
35303162
35303420
35303704
35305088
35305106
35305420
35306146
35307470
35308582
35309147
35309323
35309946
35309947
35310188
35311140
35311239
35311451
35311459
35311589
35312010
35312755
35312789
35312942
35312943
35313638
35314408
35314634
35314637
35314680
35315512
35316217
35316518
35316699
35316703
35316978
35317283
35317513
35317516
35318299
35319171
35320251
35323686
35323988
35324138
35324668
35324793
35324914
35325210
35325218
35325296
35326280
35326526
35326535
35326549
35326565
35326570
35326580
35326600
35326626
35326650
35326702
35326718
35326730
35327366
35327445
35327529
35327631
35327982
35328072
35328270
35328369
35328420
35328529
35328558
35328618
35328638
35328780
35330402
35330864
35331119
35331160
35331339
35332262
35332268
35332309
35332410
35335261
35335403
35335886
35335927
35335947
35335981
35335982
35336006
35336029
35336625
35336734
35337122
35337344
35337938
35338570
35339615
35340676
35340697
35341001
35341522
35341901
35341902
35342027
35342443
35344682
35345329
35345331
35345493
35346332
35346767
35347123
35347588
35350840
35350869
35351131
35351608
35351656
35351965
35352739
35353498
35354845
35355536
35356807
35358594
35358697
35358733
35359381
35359402
35359410
35359414
35359607
35359663
35359993
35360199
35360507
35362874
35364220
35364590
35364709
35364762
35365623
35366135
35366268
35366348
35367643
35367747
35367758
35368196
35368464
35368609
35368869
35368876
35370480
35370869
35371036
35371087
35371308
35371528
35371714
35371977
35371980
35371987
35372061
35372355
35372497
35373268
35377001
35377127
35377875
35378003
35378463
35379142
35380198
35380294
35380741
35381133
35381210
35381525
35381788
35381798
35382436
35384084
35384315
35384518
35384530
35384872
35386309
35386327
35386566
35387112
35387222
35387234
35387307
35387643
35388070
35388124
35388745
35388757
35390275
35392088
35392230
35392912
35393392
35393406
35393416
35393432
35393545
35395080
35395232
35395355
35395677
35397073
35397478
35397674
35397757
35397901
35398178
35398261
35399707
35399905
35401175
35401801
35401877
35402226
35402232
35402257
35402495
35402913
35402914
35402955
35403130
35403434
35404343
35404923
35405713
35406387
35406398
35406550
35406561
35406593
35406647
35406690
35406737
35406760
35406768
35406779
35406793
35407338
35408257
35408449
35408478
35409086
35409166
35409289
35409420
35410293
35410993
35411230
35411245
35411434
35413115
35413821
35414102
35414673
35414964
35416232
35416251
35417255
35417530
35417708
35418059
35418162
35418179
35418212
35418687
35419027
35419153
35419275
35419292
35419364
35419476
35419519
35419607
35419733
35420333
35420744
35422419
35422631
35423951
35424684
35425993
35426370
35426875
35427571
35428347
35429149
35429411
35430209
35430703
35431866
35431869
35432168
35432496
35432534
35432550
35432684
35432942
35433185
35433432
35433447
35434025
35434031
35434136
35434521
35434864
35435383
35435463
35435536
35436514
35436915
35437259
35437687
35437688
35438378
35438391
35438509
35439178
35440003
35440300
35440702
35441567
35441674
35441690
35441887
35442129
35442634
35442747
35443151
35445240
35445737
35446393
35446963
35447113
35447855
35447948
35448002
35448004
35448029
35448032
35448204
35448512
35448764
35449515
35449680
35452708
35453150
35453488
35453502
35453544
35453557
35453692
35453892
35454080
35454156
35454804
35454814
35454848
35454863
35454889
35454935
35455071
35455961
35456027
35456075
35456540
35456611
35456975
35456984
35456993
35457233
35458018
35458581
35458626
35459228
35459780
35459783
35460331
35460555
35460557
35461073
35463313
35463721
35464424
35464443
35464460
35464672
35464837
35465115
35465178
35465419
35465885
35467128
35467234
35468023
35468038
35468205
35468210
35469013
35469026
35469666
35470866
35473984
35474089
35474131
35474499
35474540
35475061
35475275
35476314
35476930
35477752
35477828
35478054
35478774
35479010
35479408
35479670
35480692
35481189
35481625
35482133
35482146
35483906
35484633
35485596
35485702
35485864
35486213
35486306
35486560
35487282
35488036
35488347
35488675
35488886
35489645
35489652
35489746
35489774
35490305
35490357
35490433
35490991
35493189
35494018
35494031
35494033
35494067
35494072
35494079
35495383
35496054
35496779
35498822
35499760
35501237
35501312
35503190
35503461
35503582
35505020
35505129
35505351
35505371
35505674
35506168
35506455
35506469
35507403
35507919
35508671
35508789
35508804
35509325
35509452
35509529
35509540
35509569
35509848
35511042
35511454
35511473
35512545
35513094
35513291
35513790
35514731
35515112
35515137
35515578
35517425
35517667
35518520
35521558
35521600
35523170
35525406
35525732
35525840
35525907
35526519
35526592
35527777
35527881
35528303
35529392
35530272
35530303
35530328
35531099
35532155
35532657
35533562
35533670
35534356
35535034
35535802
35535866
35535984
35536165
35537264
35538218
35538227
35538281
35538499
35538578
35538663
35538679
35539761
35543534
35543797
35544684
35545820
35545894
35547992
35548329
35549164
35549968
35550147
35550184
35550513
35550532
35551405
35551657
35551659
35552391
35552425
35552677
35554754
35557894
35558043
35558067
35558220
35558340
35558515
35559019
35559231
35561185
35561695
35561787
35561836
35562130
35562131
35562134
35562862
35562901
35562953
35562993
35563388
35563452
35563520
35563529
35563629
35563635
35563787
35563823
35563863
35565200
35565263
35565282
35565337
35565340
35565362
35565425
35565432
35565433
35565435
35565451
35565854
35566113
35566308
35566381
35567901
35568001
35568649
35568721
35568790
35569489
35569742
35570219
35570396
35570553
35570582
35570844
35571016
35571123
35571403
35571491
35571635
35571655
35571988
35572197
35572545
35572786
35573444
35573726
35573835
35574033
35574309
35574370
35574375
35574382
35574391
35574600
35575067
35578056
35578228
35578840
35579261
35579267
35579288
35579480
35579893
35580289
35581292
35582008
35582046
35582145
35582224
35582280
35582442
35582450
35582585
35582627
35582896
35583721
35584220
35584378
35585690
35585804
35586188
35586496
35587830
35589724
35591978
35592314
35592625
35592742
35593350
35593700
35594003
35594221
35594842
35595082
35598381
35599058
35599254
35600367
35600392
35600398
35600402
35600639
35601473
35601813
35601827
35601940
35601966
35601969
35601970
35602791
35603165
35603195
35603364
35603567
35603818
35604495
35604627
35606353
35606527
35606654
35606674
35608370
35608632
35608757
35609054
35609320
35609569
35609635
35610201
35610333
35611269
35611270
35612318
35612598
35613589
35614539
35615029
35615280
35615769
35615860
35616289
35616621
35616700
35616801
35616833
35618000
35618424
35618812
35618981
35619544
35620262
35621135
35621670
35622118
35623362
35624002
35624211
35624227
35624931
35624942
35624954
35625011
35625018
35625037
35625061
35625673
35625705
35625706
35625723
35625738
35625843
35625967
35625997
35626018
35626024
35626029
35626060
35626112
35626134
35626148
35626167
35626255
35626719
35628206
35628289
35628432
35628503
35628507
35628596
35628623
35628643
35628668
35629107
35629359
35631376
35631381
35631429
35631512
35631588
35631612
35631616
35631639
35632759
35633167
35633866
35634306
35636976
35637250
35637600
35637733
35637821
35638868
35639236
35639414
35639831
35641277
35641731
35641844
35642054
35642112
35642785
35644286
35644288
35644621
35644835
35645204
35645718
35646111
35647354
35647833
35647839
35648306
35648307
35648828
35649412
35649682
35650594
35650916
35651605
35651787
35651802
35652106
35652182
35653194
35654242
35654889
35656311
35656789
35657693
35658305
35658846
35658888
35659255
35659339
35659617
35659918
35659972
35660939
35661403
35661925
35662260
35662275
35662744
35662785
35663977
35664063
35664553
35664555
35664765
35664781
35665621
35666326
35668225
35669791
35669882
35670018
35670093
35670420
35670711
35671254
35673564
35673568
35674873
35675414
35675780
35676251
35676615
35676737
35676813
35677036
35677045
35677164
35677429
35677741
35677890
35678690
35678876
35678909
35678918
35679032
35680010
35680784
35681545
35681612
35681635
35681710
35681780
35681782
35681794
35682578
35682658
35682670
35682694
35682709
35682991
35684322
35684445
35684498
35685428
35686548
35688290
35688846
35690021
35690717
35690784
35691247
35692054
35692752
35692797
35692808
35692827
35693015
35693089
35693093
35693140
35693250
35693633
35693929
35694191
35694267
35695190
35696011
35697228
35697594
35698739
35699848
35700581
35700707
35701472
35701666
35701983
35702059
35702116
35702951
35703267
35703405
35704146
35704157
35704275
35704796
35706800
35706804
35707158
35707399
35707751
35708480
35708896
35710493
35710828
35711434
35711459
35712497
35712977
35713127
35714611
35714825
35715607
35715634
35715639
35715666
35715796
35715912
35716200
35716231
35716310
35716311
35716323
35716369
35717443
35717510
35717613
35718749
35718975
35719378
35719803
35719945
35719947
35720126
35720420
35720478
35720489
35721477
35721833
35721900
35722462
35722640
35723032
35723276
35723427
35724820
35724837
35725846
35726130
35726234
35727735
35728871
35730472
35731869
35732092
35732128
35732848
35733517
35734265
35735084
35735092
35735454
35737702
35738390
35738587
35738865
35739971
35740307
35740330
35740406
35740562
35740641
35740680
35740965
35741006
35741094
35741332
35741596
35741603
35741652
35741672
35741816
35742966
35743016
35743039
35743108
35743401
35743468
35744938
35745616
35745698
35745762
35747192
35747832
35749573
35750880
35752701
35753023
35753439
35754074
35754162
35754362
35754387
35754466
35754725
35755807
35756603
35756918
35757013
35757727
35757736
35758844
35760272
35760324
35760350
35760886
35761505
35761950
35762105
35762336
35762526
35762580
35762826
35763242
35763587
35764297
35764612
35764885
35765095
35765277
35766205
35766985
35767314
35767937
35768159
35768633
35768943
35769410
35769676
35769877
35770335
35771091
35772506
35772703
35772710
35772723
35772731
35773253
35773327
35774599
35774612
35775188
35775774
35776379
35776390
35776775
35776791
35777079
35777316
35778411
35778451
35778892
35779193
35779207
35779480
35779712
35779821
35780181
35780772
35781094
35781280
35781641
35782043
35782058
35782068
35782736
35782741
35782977
35783254
35783263
35783579
35784281
35784400
35784402
35784465
35785151
35785200
35785203
35785334
35786935
35787058
35787387
35787922
35788055
35788133
35788194
35788291
35789505
35790583
35790735
35791688
35791795
35792226
35792402
35792620
35793579
35794867
35795092
35795093
35795095
35795469
35795471
35796017
35796398
35796457
35797221
35797855
35798069
35799789
35800763
35800795
35801464
35802230
35802287
35802478
35802502
35802605
35802656
35803910
35803912
35804888
35804908
35804909
35804911
35804921
35804936
35804940
35804970
35804976
35804989
35805021
35805116
35805138
35805884
35806051
35806055
35806153
35806160
35806205
35806212
35806253
35806337
35806478
35806945
35807217
35807435
35808822
35809064
35809490
35810776
35810802
35811067
35811093
35811101
35811900
35812042
35812228
35813230
35813426
35813817
35814428
35814475
35814563
35815721
35815750
35815848
35815979
35816089
35817046
35817235
35817279
35820885
35821139
35821676
35821678
35821679
35821680
35821920
35822134
35822692
35830573
35831908
35832140
35832194
35832263
35832394
35832625
35834923
35834966
35835399
35835978
35836243
35836521
35837107
35837324
35838116
35838338
35838532
35838757
35839284
35840697
35840786
35841593
35841667
35842773
35842871
35843865
35844028
35844784
35845613
35846075
35847231
35847267
35847381
35847482
35847506
35848447
35849035
35849271
35849309
35849320
35849415
35850307
35850580
35850753
35851726
35851769
35851857
35852487
35852738
35852867
35852875
35853933
35854453
35854630
35854858
35854906
35854955
35855012
35855458
35855654
35855914
35856448
35856555
35856716
35856894
35857070
35857248
35857445
35857642
35857926
35858227
35858579
35859543
35859544
35860560
35861406
35861413
35861778
35862252
35864093
35864115
35864254
35864494
35864610
35864624
35864629
35864633
35864763
35865002
35865015
35865089
35865114
35868246
35868257
35868483
35869047
35869291
35869424
35869574
35870781
35871016
35871061
35871072
35871232
35871249
35872226
35872698
35872860
35873032
35873312
35873480
35873494
35873570
35873825
35873847
35874504
35874629
35874663
35874698
35874843
35874989
35875065
35875139
35875673
35875691
35876679
35876685
35876874
35877430
35877711
35877760
35878674
35878729
35879332
35880017
35881182
35882116
35882630
35883571
35883575
35883576
35883585
35883615
35883641
35883716
35883797
35884454
35884457
35884475
35884502
35884545
35884571
35884608
35884700
35884733
35884836
35884887
35884903
35885046
35885047
35885058
35885067
35885569
35885982
35886952
35887088
35887313
35887547
35888045
35888608
35889527
35889596
35889829
35890083
35890137
35890294
35890298
35890344
35890345
35890360
35890400
35890738
35891479
35892046
35892047
35892048
35892430
35892635
35892697
35892832
35894136
35894779
35895752
35896237
35896309
35896589
35896929
35897656
35897674
35897747
35897773
35897776
35897839
35898250
35898880
35898934
35899587
35900527
35901132
35901163
35901337
35901345
35901838
35901926
35902728
35903366
35903619
35903678
35904341
35904670
35904698
35905276
35905671
35906203
35906241
35906273
35906549
35907033
35907197
35907913
35907960
35908161
35908277
35909283
35910232
35910247
35910677
35910786
35910792
35911278
35911333
35911637
35911664
35912166
35912242
35912955
35913110
35913556
35913916
35914327
35914528
35915159
35915160
35915983
35916672
35916797
35917090
35917200
35917342
35917833
35918402
35918603
35918659
35919070
35919238
35919498
35919821
35919979
35920986
35921410
35921473
35921477
35921662
35921994
35922583
35922651
35922758
35923217
35923561
35923675
35924152
35924820
35927233
35927251
35927323
35928314
35928321
35928327
35928926
35929110
35929112
35929116
35929169
35929292
35929507
35929750
35930599
35930955
35931016
35931120
35931301
35931958
35932265
35932560
35932588
35932892
35932958
35933567
35933701
35935021
35936722
35936749
35936755
35938932
35939198
35939683
35939803
35939916
35940825
35941215
35942174
35942769
35943065
35944845
35945192
35945463
35945579
35945679
35946547
35948010
35948225
35948420
35948423
35948494
35949590
35949611
35949909
35950086
35950469
35950477
35951174
35951724
35952817
35952993
35953476
35953681
35954323
35954334
35954362
35954365
35954371
35954407
35954411
35954433
35954503
35955533
35955624
35955670
35955682
35955765
35955806
35955917
35956937
35957076
35957872
35958479
35958979
35959193
35959642
35960012
35961053
35961653
35961983
35962317
35962621
35963891
35963984
35964845
35965511
35965517
35965529
35967100
35967394
35968275
35969108
35969754
35970825
35971187
35971647
35971955
35972377
35972438
35973285
35973687
35973991
35974001
35974468
35974956
35975048
35975300
35976319
35976451
35977679
35977725
35977996
35978012
35978439
35978522
35979103
35980802
35980938
35981750
35981900
35982032
35982038
35982322
35982398
35982414
35982888
35982954
35983068
35984129
35984538
35985181
35985455
35985493
35985661
35986677
35986882
35987089
35987165
35987351
35988090
35988422
35988818
35989351
35990011
35990696
35990703
35990704
35990705
35990706
35990742
35991754
35992092
35992105
35992802
35992852
35992881
35993417
35993557
35994146
35994220
35994777
35994815
35995211
35996545
35996739
35997089
35997850
35999374
35999629
36000488
36000612
36001125
36001203
36001382
36002559
36003032
36003400
36003762
36005097
36005160
36005623
36005659
36006639
36006934
36007293
36007522
36008944
36009005
36009010
36009036
36009075
36009432
36009473
36009491
36009577
36009578
36010578
36010607
36010664
36010673
36010884
36010891
36010960
36010996
36011015
36011024
36011049
36011350
36012105
36012149
36012235
36012307
36012529
36012581
36013056
36013225
36013284
36013403
36013437
36013445
36014483
36015186
36015199
36015252
36015322
36015626
36015874
36016609
36017117
36018877
36027997
36029079
36029403
36029935
36030720
36031034
36031762
36032137
36032633
36032798
36033440
36033456
36033522
36034083
36034219
36034290
36034581
36034873
36035122
36035134
36035145
36035213
36035640
36036582
36037143
36037304
36038698
36038950
36039052
36039055
36039063
36039767
36040842
36042143
36043525
36043552
36043987
36044040
36044130
36044788
36044789
36045467
36045502
36045715
36045933
36046037
36046049
36046228
36046652
36046687
36046842
36047243
36047642
36048342
36050316
36050388
36050497
36050894
36051438
36052072
36052225
36052261
36052263
36053436
36053452
36054558
36054818
36054938
36055049
36055108
36055712
36056123
36056336
36056409
36056553
36056850
36057370
36057395
36057449
36058942
36059614
36059665
36059675
36059707
36059989
36059990
36060005
36060242
36060271
36060293
36061185
36061208
36062185
36062548
36062962
36064118
36064705
36064747
36064939
36065037
36065259
36066259
36066507
36067704
36067850
36068453
36068843
36069059
36069216
36069226
36069976
36071287
36071478
36071925
36071927
36072483
36072789
36075388
36076484
36076555
36076905
36076927
36076963
36077131
36077380
36077559
36077758
36077762
36077783
36078119
36079151
36079225
36081987
36082628
36082694
36083425
36085167
36085259
36086372
36087121
36087384
36087816
36087910
36088509
36088606
36088758
36088805
36089117
36089406
36090477
36090479
36090815
36091049
36091108
36091130
36091138
36091174
36091179
36091753
36092918
36093059
36093229
36093532
36093544
36093941
36094013
36094291
36094425
36095959
36096529
36097232
36098097
36098100
36098338
36098685
36099100
36100297
36100765
36100970
36101402
36102321
36102564
36103209
36103796
36103817
36104135
36104566
36105052
36105316
36105389
36105390
36105808
36106122
36106406
36107232
36107247
36107262
36107362
36108588
36108629
36109186
36109561
36109699
36109710
36109754
36110213
36110932
36112011
36112043
36112052
36112059
36113478
36114166
36114444
36115048
36115050
36115076
36115545
36115716
36115843
36116131
36116558
36116720
36116745
36116760
36118855
36119333
36119496
36119523
36119813
36120213
36120611
36120638
36120909
36121088
36121385
36121548
36122307
36122609
36123163
36123372
36123598
36124685
36125064
36126163
36127890
36127891
36127892
36128116
36128156
36128673
36129048
36130310
36130485
36130570
36131011
36131569
36131972
36132155
36132308
36132681
36132909
36133522
36133563
36133698
36133951
36134015
36134016
36134017
36134018
36134370
36134697
36135560
36136350
36136867
36136913
36137100
36137710
36138881
36138922
36139366
36139652
36139694
36139696
36140245
36140265
36140275
36140392
36142158
36142326
36142368
36142474
36142729
36142793
36143001
36143389
36143915
36144488
36145228
36145553
36145687
36145722
36146527
36147490
36147751
36147918
36148206
36148235
36148499
36149588
36151773
36152319
36152905
36153202
36154345
36155478
36156329
36157351
36158493
36159398
36159777
36159811
36159816
36161411
36161412
36161947
36164551
36165227
36166198
36166961
36166963
36167468
36168628
36168940
36169178
36169772
36170831
36171180
36171338
36171505
36172139
36172160
36172499
36172668
36173528
36174572
36174804
36175084
36175487
36175702
36175921
36176197
36176385
36176387
36176914
36177003
36177093
36177265
36178522
36179653
36179688
36179821
36180956
36181021
36181110
36181764
36182834
36182941
36183123
36183290
36184621
36185245
36185361
36185622
36185623
36185858
36186734
36186781
36187350
36187469
36187921
36187930
36189858
36189936
36190235
36191126
36191188
36192008
36192632
36193059
36193062
36193073
36194288
36194351
36194373
36195571
36195584
36195821
36196363
36196364
36196416
36196752
36197842
36197973
36198483
36199581
36199696
36201899
36201945
36202175
36202547
36203027
36203193
36203443
36203458
36203525
36203599
36204252
36204543
36204592
36204684
36206382
36206964
36207608
36207657
36208433
36208651
36208821
36209275
36210227
36210377
36210648
36210836
36212394
36212415
36212457
36212657
36212721
36212740
36212741
36213002
36213748
36214413
36214714
36215227
36215231
36216148
36216817
36216850
36217021
36219319
36219689
36219917
36220288
36220835
36220936
36221088
36223489
36224354
36224471
36225241
36225424
36225626
36225650
36225898
36226069
36226235
36226349
36227125
36227357
36227862
36228153
36228516
36228934
36229835
36229880
36230481
36230525
36230692
36230719
36230732
36230775
36230833
36230839
36230843
36230865
36230883
36230918
36230961
36231019
36231065
36231068
36232604
36232951
36233525
36233722
36233828
36234217
36234681
36234755
36234882
36235115
36235141
36235203
36235222
36235232
36235456
36237307
36237552
36238156
36239185
36239313
36239338
36239603
36239836
36239858
36239995
36240081
36240647
36242578
36242633
36242636
36242713
36243020
36244332
36244542
36244672
36245000
36245009
36245060
36245828
36246075
36248827
36248907
36248972
36249013
36249274
36249289
36249290
36250346
36250985
36251833
36252188
36252189
36252190
36252191
36252203
36252775
36252867
36253116
36253572
36254536
36255058
36255060
36256589
36257220
36257277
36258238
36259473
36259566
36260096
36260138
36260267
36260789
36260825
36260832
36260995
36261010
36263173
36263203
36264067
36265362
36265473
36265493
36266243
36266311
36266731
36267274
36267388
36267699
36267880
36268388
36268515
36268939
36269130
36270249
36270731
36271359
36271846
36272139
36272241
36272462
36272958
36273031
36273072
36273161
36273376
36273377
36273544
36273738
36273862
36273867
36274147
36274954
36275671
36275718
36276136
36276147
36276163
36276276
36276282
36276454
36276488
36276638
36276866
36277543
36278207
36278391
36278433
36278690
36280019
36281913
36281939
36282234
36282354
36282445
36284039
36284061
36284580
36284581
36284588
36284595
36284648
36284838
36284861
36284931
36287282
36287914
36288884
36289477
36289717
36289852
36290315
36290387
36290736
36290793
36290858
36291099
36291166
36291290
36291557
36291588
36291841
36291865
36291914
36292019
36292183
36292767
36292985
36293545
36294373
36294763
36294809
36294938
36295107
36295510
36296083
36296440
36296679
36296713
36297416
36297506
36297507
36297590
36297618
36297647
36297660
36297663
36297678
36299385
36299794
36299858
36299937
36300002
36300592
36300643
36300690
36300870
36301458
36302088
36302993
36303481
36303507
36303712
36304371
36305130
36305295
36305649
36305723
36305901
36305981
36305994
36306728
36306925
36307808
36307810
36307882
36308276
36308592
36309097
36309223
36309485
36309495
36309895
36310164
36310375
36310833
36311014
36311556
36311702
36311781
36313298
36313633
36313669
36313679
36313683
36313687
36314076
36314174
36314541
36315258
36315652
36316307
36317475
36319818
36320176
36321132
36322096
36322100
36322102
36322115
36323652
36323805
36324293
36324626
36324813
36325060
36325371
36325372
36325374
36325375
36325388
36325660
36326944
36327792
36327817
36327821
36328086
36328088
36328132
36329288
36329899
36331281
36332475
36332509
36332551
36332566
36332774
36332834
36333093
36333286
36333468
36333718
36333778
36334293
36334859
36335201
36335869
36336897
36336899
36338147
36338688
36338705
36338708
36338715
36338734
36338742
36340958
36341396
36341428
36341916
36341927
36342229
36342588
36344626
36344676
36344852
36345944
36346010
36346112
36347463
36347634
36347635
36348001
36348014
36349191
36349615
36350001
36350002
36350010
36350492
36350682
36351022
36351894
36352046
36352177
36352613
36352795
36353301
36353365
36354283
36354455
36354672
36354675
36354788
36355137
36355258
36355259
36355260
36355265
36355361
36355491
36355528
36357498
36357622
36357661
36357700
36357822
36358353
36358391
36358398
36358594
36358597
36358624
36358647
36358754
36358762
36358793
36358795
36358803
36358853
36358892
36359238
36359318
36359474
36359862
36361543
36361680
36361720
36361783
36361793
36361811
36361831
36361838
36361947
36362284
36362294
36362359
36363571
36364024
36364644
36365077
36365241
36366531
36366808
36366959
36367046
36367159
36368135
36368284
36368458
36368560
36369424
36370303
36370829
36371024
36371225
36371938
36373493
36374720
36374883
36375777
36376167
36376978
36377508
36378421
36378796
36379185
36379303
36379652
36380219
36380368
36380859
36380861
36380862
36380864
36380866
36381305
36381313
36381650
36381721
36381781
36381868
36381874
36381939
36382088
36382105
36382106
36382109
36382110
36382346
36383914
36384039
36386035
36386155
36386486
36387186
36388414
36388417
36388418
36389748
36394567
36394717
36394718
36394838
36394953
36395526
36396110
36396681
36396726
36396930
36396965
36397164
36397358
36399574
36399643
36400360
36400694
36400876
36402025
36402232
36402744
36402997
36403059
36403686
36403784
36403983
36404434
36405078
36407484
36408158
36408162
36408180
36408341
36408899
36409625
36409826
36409838
36410047
36410106
36410614
36410688
36411657
36411942
36412091
36412391
36412419
36412420
36412450
36414151
36414381
36415014
36416908
36417792
36417870
36418240
36418306
36418769
36419823
36419904
36420140
36420703
36420828
36421846
36422293
36423418
36425394
36425533
36426604
36427266
36427309
36427388
36428520
36428546
36428586
36428604
36428615
36428617
36428642
36428704
36428706
36428755
36428772
36428797
36428804
36430152
36430206
36430293
36430394
36430415
36430641
36430659
36430704
36430705
36430793
36432068
36434955
36435047
36435313
36435833
36435971
36436150
36436416
36436567
36436590
36436726
36437723
36437931
36437944
36438954
36439089
36439464
36439690
36439914
36440540
36441209
36441253
36442619
36443477
36444381
36444602
36444681
36445396
36445551
36445697
36446306
36447028
36447874
36449138
36451044
36451503
36452274
36452494
36452509
36453390
36453577
36453704
36453877
36454444
36455228
36455236
36455271
36455273
36456149
36456153
36456159
36456600
36457281
36457294
36457514
36458201
36458202
36458803
36459288
36460606
36460775
36460932
36461108
36461120
36461822
36462734
36463205
36463703
36464682
36464713
36464967
36465345
36465369
36466552
36466844
36466873
36466914
36467419
36467585
36467776
36467888
36469009
36469540
36470174
36470393
36470898
36471242
36471347
36472478
36474171
36474245
36475525
36476408
36476649
36477472
36479136
36479381
36479695
36480032
36480937
36481442
36482221
36482387
36482431
36483042
36483050
36483451
36483545
36484392
36484477
36484975
36493392
36493901
36494005
36494582
36495079
36495628
36496387
36496976
36497175
36497232
36497269
36497276
36497287
36497392
36497400
36497413
36497426
36497454
36497459
36498880
36498941
36499054
36499256
36499275
36499683
36500334
36500428
36502651
36502844
36502877
36503396
36504469
36505340
36505426
36505741
36505786
36505805
36505856
36506514
36506527
36507190
36508391
36508395
36509700
36509746
36509907
36510843
36511618
36512593
36513058
36513631
36513873
36514188
36514578
36515327
36516189
36516432
36516696
36516884
36517590
36517594
36517865
36518906
36518977
36519680
36520196
36520928
36521007
36521011
36521103
36521332
36521710
36522344
36522372
36522582
36522586
36523292
36523295
36523299
36523816
36524115
36524501
36524700
36525711
36526047
36526122
36526227
36527013
36527092
36527817
36528210
36528757
36529256
36529434
36529439
36530080
36530132
36531012
36531780
36532035
36532767
36532860
36533634
36534419
36534626
36534630
36536187
36536420
36537034
36539501
36539587
36541697
36542194
36542317
36543376
36543759
36544023
36544242
36544486
36544659
36544672
36545090
36545220
36545566
36546222
36546859
36547116
36547486
36548694
36549438
36549916
36550391
36550546
36551529
36551609
36551664
36551679
36551708
36551961
36551972
36552781
36552827
36552831
36552871
36553127
36555253
36555352
36555359
36555518
36555598
36556130
36556948
36557302
36557829
36557987
36558941
36559069
36559087
36559105
36559106
36559255
36561336
36561526
36562002
36562717
36562881
36563706
36563751
36564758
36565784
36566187
36566214
36566230
36566624
36566697
36567302
36567397
36569956
36570441
36571986
36572188
36572323
36572873
36572880
36573683
36574137
36574362
36574919
36575317
36575552
36577183
36577547
36578038
36579028
36580003
36580017
36580721
36581779
36582429
36583064
36583266
36583472
36583853
36584682
36585203
36585413
36585418
36585482
36586579
36587095
36587379
36587381
36587382
36587388
36587390
36588388
36589241
36590948
36591276
36591464
36591531
36591625
36591633
36591942
36591963
36593389
36593538
36593927
36594037
36594465
36594466
36594473
36594507
36595192
36595908
36596004
36596356
36596853
36597408
36598325
36599004
36599143
36599974
36600754
36600767
36601313
36601479
36601965
36602058
36602390
36603398
36603438
36603576
36603687
36604366
36604465
36605216
36605383
36607853
36609238
36609243
36609807
36610073
36610643
36611806
36611824
36611945
36611949
36612079
36612085
36612127
36612140
36612169
36612214
36613601
36613750
36613792
36613947
36614002
36614073
36614191
36614294
36614980
36615024
36615487
36617262
36617427
36617554
36618381
36618405
36618786
36618798
36619857
36620521
36620850
36621024
36621191
36621846
36622089
36622190
36622331
36624090
36624550
36624633
36625355
36626296
36626518
36626752
36627101
36627633
36627786
36628013
36628286
36628997
36629962
36630218
36630883
36632307
36632438
36632568
36632749
36632887
36632958
36632979
36634201
36634606
36635757
36637258
36637349
36637626
36637940
36638331
36638785
36639156
36639654
36640127
36640350
36641119
36641567
36642831
36643842
36644133
36646712
36646875
36647049
36647073
36647156
36647288
36647335
36647441
36647599
36647700
36647729
36647828
36647967
36648706
36649030
36649032
36649564
36650171
36650519
36650768
36651322
36651583
36652089
36652263
36652537
36653382
36653410
36653554
36653583
36654527
36654589
36654750
36654773
36654821
36655634
36655866
36656388
36658088
36658114
36659967
36659968
36659973
36660193
36660336
36660431
36660707
36660824
36660948
36662064
36662405
36670072
36670466
36670529
36672156
36672409
36672428
36672480
36672636
36672665
36672722
36672991
36673007
36674623
36674747
36674927
36675073
36675126
36675237
36677608
36678636
36678667
36678688
36678833
36678846
36678917
36680137
36680551
36681858
36681953
36681993
36682028
36682245
36682790
36683086
36685274
36685446
36685556
36685592
36685705
36685974
36686121
36686309
36686310
36686797
36686829
36688618
36689332
36689342
36690204
36690453
36690859
36690946
36691100
36691538
36691859
36692952
36693216
36694044
36694264
36694322
36694348
36694362
36695968
36695974
36696426
36696484
36697401
36698225
36698265
36698501
36698778
36698900
36699318
36699618
36700043
36701930
36701998
36702831
36703629
36703794
36703992
36704230
36704640
36704922
36705309
36705341
36705543
36706198
36706959
36707424
36707425
36707509
36708653
36709315
36709667
36709726
36710875
36711038
36711062
36711497
36711961
36711964
36712018
36712042
36712881
36712947
36713360
36713584
36714540
36714975
36715827
36716660
36717283
36717781
36717819
36717836
36718644
36718723
36718820
36719016
36719022
36719614
36719787
36720920
36721107
36721529
36721749
36721840
36721854
36723895
36724187
36724255
36725316
36725935
36727260
36729074
36730349
36730613
36731799
36732025
36732634
36732754
36732815
36732906
36733195
36733305
36733367
36733371
36733710
36734532
36735492
36736309
36736432
36736531
36736621
36737540
36738464
36738710
36739909
36740041
36740985
36741707
36742066
36744131
36744246
36744263
36744875
36744904
36745272
36746036
36746338
36746676
36747529
36747841
36748348
36749103
36749445
36749723
36751054
36751450
36751672
36753401
36753513
36753549
36753564
36753955
36754566
36755291
36755314
36756387
36757811
36757917
36758146
36758549
36758772
36758825
36759014
36759517
36759763
36759881
36759969
36760384
36761257
36761386
36761752
36761958
36762036
36763486
36764526
36765531
36765551
36765553
36765590
36765632
36765669
36765673
36765718
36765787
36765806
36765840
36765898
36765904
36765908
36765909
36766715
36766769
36766848
36768201
36768257
36768267
36768320
36768342
36768392
36768432
36768456
36768471
36768736
36768820
36768856
36768870
36768923
36769158
36770373
36771057
36772804
36773669
36774352
36775955
36776000
36776298
36776369
36776713
36777499
36777618
36778117
36778450
36779991
36780194
36780330
36780420
36781008
36781461
36786336
36787514
36788070
36788350
36789106
36789113
36789262
36789415
36789966
36790010
36790653
36791206
36791582
36792723
36792756
36792805
36792990
36793608
36793838
36794351
36795488
36795563
36795646
36796229
36796878
36796938
36797543
36798364
36798479
36798692
36798872
36799362
36800340
36800573
36801645
36802616
36803465
36804058
36804437
36804490
36804924
36805210
36805257
36805391
36805688
36806722
36807999
36808076
36809318
36809538
36809974
36810209
36810326
36810898
36811543
36812768
36813366
36813928
36814267
36814293
36814733
36814898
36814929
36815076
36815878
36816802
36817432
36819132
36819190
36819221
36819302
36819318
36819516
36819551
36819578
36820060
36820395
36821013
36821432
36823172
36823554
36823671
36823756
36824969
36825022
36825105
36825203
36825341
36825454
36825709
36826000
36826108
36827763
36828374
36828379
36828381
36828931
36829235
36829578
36829778
36829908
36830276
36830847
36831002
36831098
36831117
36831183
36831202
36831214
36831248
36831355
36831372
36831378
36831383
36831418
36831427
36831536
36831580
36831591
36831595
36831620
36831643
36831670
36831702
36831729
36831759
36831773
36831791
36831869
36831894
36832282
36833428
36834486
36834514
36834607
36834608
36834653
36834778
36834933
36834974
36835043
36835175
36835252
36835414
36835628
36835877
36836422
36836456
36836511
36836827
36836912
36837531
36837779
36837790
36837918
36838582
36839067
36839664
36839682
36839692
36839769
36839775
36839777
36839889
36840009
36840626
36840741
36840822
36841018
36841424
36841772
36841851
36841881
36841898
36841906
36842341
36843002
36843258
36845098
36845633
36845736
36846716
36847383
36848613
36849306
36849748
36849859
36850002
36850247
36851761
36852494
36852624
36852650
36852794
36853018
36853330
36853912
36854309
36854532
36854806
36854924
36854987
36856115
36856182
36856519
36857517
36858930
36859639
36860730
36861130
36861587
36861832
36861990
36862886
36864784
36865128
36865164
36865270
36865302
36865549
36865670
36865803
36867264
36867864
36869038
36869410
36870690
36871221
36873300
36873545
36874083
36874094
36874120
36874157
36874201
36874405
36874501
36875096
36875647
36875988
36876943
36877162
36877775
36878845
36879101
36879662
36880757
36881002
36881610
36882523
36883121
36889026
36889597
36890859
36891012
36891114
36891437
36892124
36893156
36893436
36893468
36893814
36896953
36898299
36898379
36898734
36898958
36899139
36899203
36900109
36900177
36900205
36900254
36900311
36900341
36900346
36900348
36900352
36900355
36900358
36900417
36901713
36901782
36901897
36902168
36902314
36902447
36902456
36902848
36903253
36905560
36905695
36906086
36906091
36906326
36906333
36906590
36907105
36908326
36909128
36910644
36910646
36911368
36912553
36912819
36913260
36913879
36914086
36915128
36915208
36915736
36915911
36916401
36916430
36916606
36917020
36917314
36917367
36917648
36919343
36919423
36919564
36920664
36920774
36920905
36921098
36921538
36921767
36922013
36922353
36922509
36923251
36923402
36924564
36924683
36924806
36924815
36924995
36925051
36925699
36925708
36926006
36926402
36926687
36926815
36927729
36927978
36928698
36928699
36929001
36930648
36931030
36931032
36931346
36931470
36931535
36932101
36932402
36932454
36932792
36933380
36934350
36935087
36935629
36935903
36936016
36936439
36937320
36937406
36939557
36939886
36941554
36942262
36943605
36944160
36944737
36944954
36945490
36945517
36945572
36945620
36945944
36946454
36947447
36948181
36948276
36949040
36949068
36949071
36951027
36958430
36959214
36959606
36959798
36959804
36959858
36960210
36960410
36960857
36960859
36961225
36961307
36961473
36961958
36963368
36963438
36964121
36964665
36965286
36965857
36966049
36966152
36966611
36966665
36966667
36966981
36967520
36967887
36968221
36968222
36968223
36968241
36968288
36968291
36969058
36969167
36969457
36969985
36970171
36970605
36970613
36971192
36972629
36974606
36974836
36975416
36975447
36975539
36976235
36976494
36976507
36979157
36979306
36979717
36979758
36979865
36980172
36980184
36980235
36980238
36980325
36980355
36980562
36980563
36980600
36980615
36980633
36980659
36980765
36980783
36980804
36980923
36981589
36982186
36982211
36982616
36982740
36982845
36982952
36982984
36983564
36984801
36985576
36985680
36986469
36986502
36986607
36986790
36986829
36986856
36987665
36987739
36987772
36988300
36988488
36988745
36988764
36989359
36989893
36991081
36991174
36991198
36991262
36991271
36991274
36991304
36991305
36991306
36992317
36993173
36993266
36993337
36993520
36993539
36993772
36993983
36994107
36994936
36995369
36996894
36996926
36997048
36997101
36997627
36997943
36998239
36998241
36998447
36998700
36999511
36999945
37000153
37000452
37000897
37001186
37001387
37003022
37003488
37004267
37004712
37005748
37006062
37006286
37006466
37006833
37007074
37007113
37008514
37009846
37011206
37012085
37012245
37013057
37013916
37014179
37014551
37016713
37016714
37017374
37017512
37017885
37019647
37019937
37022791
37023333
37023472
37023792
37024000
37024057
37024746
37025206
37025534
37025673
37025749
37026351
37026354
37026932
37027809
37027952
37028110
37029364
37030479
37031335
37031346
37031458
37032344
37033630
37033803
37033822
37034076
37034584
37034592
37035164
37035210
37036151
37037396
37037400
37038154
37038232
37038636
37038773
37039659
37039952
37040257
37040416
37040529
37040569
37040820
37041350
37041907
37043555
37043844
37045903
37046332
37046668
37046685
37046689
37046694
37046777
37046844
37047153
37047365
37047442
37047726
37048096
37049820
37052249
37053197
37054466
37054539
37054732
37055222
37055469
37055826
37056065
37056288
37056349
37056564
37056894
37056907
37057281
37057706
37058255
37058271
37058273
37058447
37059179
37059335
37059730
37060055
37060318
37060448
37060774
37060903
37061119
37061120
37061146
37061195
37062676
37063077
37063901
37064879
37066109
37066184
37066523
37066699
37067005
37067339
37067922
37068138
37068881
37069134
37069338
37071249
37071295
37073998
37075875
37076410
37077066
37077370
37077830
37078100
37080958
37080989
37081051
37081231
37081259
37082255
37082446
37083045
37083136
37083881
37084148
37084728
37085490
37085538
37085569
37085663
37086272
37086918
37088298
37088416
37088950
37090571
37091137
37092448
37092563
37092793
37092846
37093199
37093251
37093461
37093708
37093732
37094238
37095802
37095995
37097165
37097672
37097811
37098055
37099121
37100086
37100267
37100336
37100399
37100462
37100731
37101060
37101376
37102792
37103080
37103101
37103675
37104141
37105068
37105112
37105273
37105343
37105676
37105945
37106775
37107298
37107600
37108161
37108181
37108208
37108511
37109434
37109493
37110201
37110700
37111564
37111608
37111620
37111654
37112900
37114036
37114043
37114074
37114125
37114595
37116172
37116364
37116368
37116915
37116917
37118754
37119295
37120033
37120317
37120445
37120454
37120556
37120837
37121053
37121239
37122327
37122693
37122703
37124134
37125510
37127284
37128507
37129167
37129737
37130058
37130338
37131108
37131433
37131675
37131745
37131829
37131875
37131996
37132437
37132598
37133228
37133853
37137173
37137304
37138086
37138197
37138430
37139163
37139547
37140883
37141410
37141415
37142373
37142416
37142563
37143361
37144386
37144620
37144653
37146061
37146725
37146851
37147437
37147894
37148198
37148304
37148696
37149563
37149862
37150259
37150844
37150856
37151153
37151155
37151445
37151848
37152011
37152808
37152810
37152811
37153033
37153654
37153685
37153896
37154101
37154886
37155843
37156977
37157205
37158834
37158962
37159233
37161052
37161257
37161450
37162647
37162666
37162667
37162706
37164253
37165457
37165998
37166370
37168303
37168329
37168341
37168355
37168365
37168664
37169803
37169842
37169948
37170070
37170286
37171492
37171617
37172094
37172438
37172473
37172581
37172748
37173306
37173373
37173662
37173675
37173965
37173969
37173975
37173979
37173980
37173996
37174040
37174068
37174078
37174113
37174618
37174646
37174677
37174691
37174724
37175205
37175219
37175410
37175412
37175448
37175636
37177086
37178276
37178383
37178618
37178770
37178944
37179387
37179459
37179515
37179961
37180667
37181186
37181451
37181827
37182017
37182181
37182666
37182806
37184912
37185327
37185442
37185746
37185758
37186014
37186374
37187346
37187610
37188165
37188737
37188783
37189112
37189270
37189627
37189651
37189700
37189766
37189838
37190034
37190089
37190125
37190181
37190200
37190275
37190280
37190283
37190318
37190507
37190598
37190788
37191188
37191805
37191815
37192001
37192181
37192967
37193506
37194207
37195369
37196069
37196077
37196148
37196870
37198486
37198490
37198722
37201024
37201322
37201539
37201660
37201790
37202382
37202469
37202625
37203264
37203371
37203547
37203841
37205197
37205435
37206147
37206213
37207119
37207587
37208361
37208656
37208730
37209160
37209777
37210528
37210579
37210829
37212470
37212598
37212749
37212969
37213298
37214285
37214394
37214395
37214463
37214705
37215950
37215952
37215955
37215957
37216120
37216650
37217139
37218733
37218937
37218946
37218976
37219874
37220137
37220818
37222229
37223681
37223958
37224224
37224228
37225786
37226933
37227179
37227648
37227789
37228120
37228393
37228396
37228401
37228582
37228702
37230028
37231247
37232020
37232831
37233762
37234776
37235895
37235999
37236196
37236575
37237151
37237166
37237462
37237548
37237642
37239035
37239133
37239234
37239243
37239289
37239843
37240159
37240324
37240419
37240478
37240536
37240878
37241903
37242036
37242425
37242454
37242505
37242574
37242625
37242673
37242681
37242743
37243172
37243590
37243860
37244287
37244298
37244463
37244635
37244884
37244935
37245011
37246211
37246342
37246417
37246516
37246885
37247021
37247274
37247720
37247904
37248320
37248422
37248629
37249604
37249862
37250469
37250621
37251413
37252795
37253096
37254878
37255362
37256133
37256526
37256535
37257245
37257338
37257422
37258452
37258577
37259295
37259375
37260294
37260505
37260822
37260971
37262345
37262394
37262998
37264256
37264811
37264960
37265788
37267436
37267769
37267858
37268188
37268192
37268762
37268862
37268981
37269332
37270097
37271069
37271222
37271257
37273722
37273792
37273917
37274223
37274309
37274924
37274933
37275361
37275898
37275902
37276119
37276534
37276998
37277066
37277265
37277603
37277696
37278280
37278298
37278683
37278858
37279147
37279645
37279651
37279781
37279819
37280108
37280112
37280243
37280303
37280571
37282471
37283311
37283447
37283464
37283489
37283490
37283493
37283935
37283963
37284062
37284148
37284445
37284619
37284857
37286866
37287692
37288604
37289203
37289266
37289281
37290721
37291120
37291277
37291545
37292180
37292196
37292239
37292284
37292394
37292799
37292803
37293592
37294124
37294214
37294422
37295189
37296207
37296610
37296661
37296865
37296870
37296942
37296988
37298093
37298208
37298284
37298317
37298405
37298673
37299315
37300719
37300942
37300955
37301271
37303464
37304294
37304305
37304538
37304796
37305160
37305445
37305747
37305785
37306427
37306690
37306887
37307155
37307766
37308686
37308741
37308956
37309294
37309632
37313501
37314567
37314704
37315065
37315129
37315184
37315748
37316351
37316499
37316802
37317692
37317914
37318567
37318572
37320864
37321378
37322389
37322413
37322433
37322622
37323350
37324152
37324216
37324217
37324218
37324244
37324489
37324556
37325047
37325516
37325609
37325825
37326042
37327319
37327702
37328883
37329341
37329708
37330006
37330579
37332560
37332990
37333072
37334166
37335084
37335107
37335714
37335787
37335831
37335907
37335916
37335962
37336070
37336284
37336288
37337814
37338006
37338326
37340151
37340980
37342189
37342224
37342484
37342577
37343897
37344258
37345009
37345035
37345039
37345097
37345177
37345179
37345193
37346933
37349374
37351164
37351805
37351960
37352128
37353182
37353350
37353377
37354459
37354488
37355636
37356755
37357383
37357610
37357634
37357990
37360159
37360350
37363535
37365560
37366177
37366303
37366648
37366874
37366956
37367654
37368789
37369132
37370649
37370741
37370767
37370783
37370848
37370860
37370866
37371047
37371109
37371347
37371348
37371349
37371613
37371615
37371674
37372103
37372185
37372326
37372456
37372982
37373038
37373179
37373242
37373295
37373314
37373391
37373411
37373484
37373988
37375208
37375742
37375743
37376095
37376138
37376146
37376150
37376821
37377608
37377888
37378557
37378911
37379253
37379365
37379380
37380154
37380755
37380778
37382159
37382331
37382594
37382632
37382663
37382731
37383437
37383757
37384093
37385078
37385265
37385320
37385378
37385633
37387444
37388754
37389023
37389038
37389090
37389689
37390278
37390775
37390859
37390902
37391090
37391787
37392861
37392899
37393609
37393992
37394009
37395278
37395282
37396309
37396310
37397356
37397378
37398090
37398280
37398551
37398563
37398678
37399061
37399132
37399141
37399360
37399981
37400666
37400678
37400829
37401481
37401940
37401985
37402043
37402091
37402102
37403006
37403078
37403389
37404077
37404487
37404500
37404501
37404752
37405214
37406957
37407632
37407723
37407848
37407888
37408007
37408275
37408568
37409023
37409721
37409959
37410095
37410628
37410629
37413708
37414347
37414973
37415005
37415171
37415222
37415556
37415736
37416308
37416766
37417289
37417769
37417930
37417948
37418389
37419285
37419318
37419413
37419612
37420122
37420311
37420326
37421513
37422516
37422706
37423037
37423335
37423479
37423755
37424770
37424781
37424800
37425921
37426236
37426439
37426447
37426811
37427111
37427338
37427339
37427343
37427368
37427593
37427669
37427703
37427920
37427961
37429378
37429718
37429858
37431620
37431722
37431808
37432454
37432527
37432628
37433146
37433817
37433987
37434262
37434432
37434823
37434921
37436895
37437806
37438387
37439405
37439870
37439934
37440097
37440907
37441589
37441590
37441593
37442619
37443050
37443071
37443750
37443804
37444417
37444448
37444452
37444478
37444498
37444537
37444568
37444623
37444634
37444635
37445633
37445721
37445794
37445835
37446273
37446288
37446515
37446710
37448296
37450588
37450666
37451079
37451151
37451265
37451272
37451363
37452786
37452916
37452933
37452954
37452991
37453204
37453243
37454179
37454482
37455146
37455598
37455945
37456028
37456651
37456742
37457011
37457220
37457228
37457643
37458120
37458412
37458534
37458855
37458988
37459661
37459849
37460135
37460404
37460467
37460561
37460871
37461511
37462385
37463671
37463675
37466022
37466094
37466394
37466833
37466884
37467314
37468750
37468961
37469132
37470216
37470575
37470973
37473527
37473719
37474548
37474746
37474775
37476052
37477398
37477938
37479733
37479756
37480215
37480499
37481592
37481865
37482138
37482342
37482563
37482922
37483487
37483593
37483607
37484272
37484760
37485377
37485452
37485655
37486388
37487027
37487449
37487809
37488051
37488176
37488293
37488996
37489571
37489660
37489777
37490233
37491377
37491696
37491836
37492166
37492371
37492687
37493258
37493865
37494327
37494539
37494541
37494859
37495214
37495706
37496822
37498407
37499046
37499302
37499452
37499520
37499741
37500171
37500578
37500619
37501565
37502321
37502698
37502699
37503239
37503321
37503329
37503551
37503770
37504350
37505130
37505182
37505240
37505379
37505981
37506854
37507199
37507371
37507404
37507483
37507883
37508338
37508520
37508554
37508570
37508585
37508967
37509010
37509211
37509226
37509230
37509277
37509281
37509289
37509372
37509400
37509494
37509518
37509520
37509598
37509607
37509628
37509679
37510895
37511000
37511044
37511047
37511289
37511403
37511445
37511480
37511496
37511730
37511936
37512060
37512530
37513474
37513708
37513826
37513870
37514117
37515387
37515540
37515669
37516146
37516148
37516675
37517217
37517698
37517779
37518874
37519559
37519736
37520713
37521036
37521711
37522264
37523046
37523113
37523556
37524847
37524903
37525108
37525259
37525401
37528157
37528172
37528716
37528719
37528722
37528810
37529045
37529690
37530945
37531222
37531290
37532182
37532585
37533331
37534227
37534529
37534821
37536020
37536182
37536737
37537607
37537630
37537946
37538172
37538176
37538397
37538752
37538768
37539436
37539622
37539935
37540408
37540444
37540556
37540752
37540804
37541243
37541303
37541723
37541751
37541997
37542119
37542241
37543066
37543196
37543361
37543966
37543970
37544033
37544475
37544603
37545052
37545696
37546426
37546917
37546972
37547266
37547458
37547724
37548850
37550054
37550258
37550679
37550815
37550818
37551308
37551556
37551745
37551766
37551838
37552107
37552311
37552362
37552992
37553300
37553578
37553713
37554158
37554221
37554222
37554223
37554224
37554225
37554468
37556355
37557011
37558643
37558923
37559514
37559587
37559682
37559877
37559985
37560473
37560880
37561356
37561833
37562166
37562802
37563091
37563351
37563568
37563692
37564083
37564196
37564635
37565732
37566001
37566013
37566307
37567906
37568042
37568598
37568606
37568616
37568620
37568645
37568659
37568715
37568717
37568723
37568734
37568738
37568773
37568818
37568909
37569432
37569654
37571174
37572455
37572644
37572655
37572856
37573607
37574078
37574192
37574500
37575282
37577659
37577782
37578350
37578554
37579078
37579831
37579976
37580710
37580817
37581329
37581946
37582160
37582322
37582381
37582395
37582426
37582760
37582846
37583388
37584216
37584250
37584729
37584750
37585199
37586203
37586277
37586918
37587203
37587289
37587449
37587807
37587895
37588207
37588263
37589312
37589665
37591452
37591790
37592783
37593069
37593674
37593751
37593885
37594082
37594087
37594103
37594930
37596322
37596951
37597083
37597188
37598220
37600236
37601668
37603323
37605497
37605553
37605630
37605807
37606187
37606566
37608093
37608748
37609003
37609137
37609424
37609818
37610648
37611077
37611371
37612499
37612610
37614213
37614263
37614373
37614505
37615875
37616578
37619245
37619660
37619809
37619813
37619857
37620304
37620381
37620410
37622695
37623749
37623893
37624529
37624530
37625215
37625322
37625631
37625928
37626360
37626511
37626524
37626597
37626712
37626757
37626873
37627079
37627083
37627089
37627098
37627190
37627528
37627957
37628853
37629320
37629816
37630276
37630284
37631318
37633323
37633836
37634280
37634285
37635346
37636361
37636435
37637066
37638345
37638346
37639844
37640160
37640198
37641156
37641212
37641236
37641451
37641495
37641727
37641946
37643497
37644332
37644421
37644431
37645427
37645667
37646057
37646615
37646650
37647213
37648174
37648371
37649234
37649594
37649709
37649945
37650275
37650276
37650407
37650991
37651124
37651185
37651228
37651614
37651618
37651725
37651879
37652019
37652263
37652287
37652472
37652540
37653141
37653631
37654190
37654726
37654948
37655012
37655659
37657097
37657099
37657463
37657520
37657684
37658972
37659993
37660127
37660569
37660885
37661178
37661255
37661832
37662251
37662685
37664337
37664524
37665021
37665387
37665391
37665396
37665740
37665776
37665980
37666072
37667051
37667984
37668299
37668687
37668941
37668944
37669106
37669963
37670022
37670402
37671050
37671475
37672093
37672340
37672566
37673167
37673235
37675821
37676393
37679322
37679652
37680485
37680915
37681417
37681444
37681903
37682326
37683456
37684373
37684435
37686020
37686065
37686085
37686092
37686093
37686114
37686121
37686174
37686218
37686276
37686355
37686501
37686533
37686550
37686553
37686579
37686584
37686587
37686652
37686698
37687081
37687158
37687252
37689115
37689557
37689596
37690668
37690885
37690904
37692102
37692522
37692727
37692824
37692853
37693056
37693136
37693142
37693163
37695389
37695758
37697045
37697210
37697237
37697350
37698887
37699601
37700186
37700206
37700319
37700844
37700873
37701849
37702792
37703902
37703903
37705109
37705739
37706017
37706203
37707752
37707987
37709490
37710025
37711136
37711611
37711787
37712615
37713930
37714337
37715122
37715423
37715711
37715782
37716115
37716612
37719366
37719696
37719847
37720174
37720347
37720348
37720387
37720392
37720395
37720399
37720687
37720935
37722087
37722299
37722495
37722850
37723574
37723588
37725593
37725880
37726303
37726387
37727644
37727789
37727953
37728367
37728571
37728779
37729687
37729723
37730565
37730820
37730879
37731450
37731483
37731694
37732531
37733448
37733943
37734574
37734869
37735434
37735892
37736236
37736545
37737212
37737247
37737249
37737691
37737713
37738677
37738842
37738997
37739173
37740463
37740942
37741340
37741885
37741941
37741952
37742129
37742812
37742885
37742933
37743598
37744266
37744349
37744696
37745204
37745358
37745469
37746257
37747032
37747231
37747443
37747595
37747720
37747775
37748098
37748218
37748366
37749143
37749236
37749605
37750323
37750452
37750502
37750639
37750905
37751102
37751857
37751870
37752061
37752289
37752578
37752997
37753084
37754172
37754483
37754516
37754534
37755062
37756163
37756182
37756465
37756466
37757768
37757910
37758718
37759202
37759283
37759500
37759505
37759620
37759808
37759870
37759908
37759950
37760399
37760448
37760538
37760589
37760604
37760811
37760812
37761239
37761255
37761833
37761927
37761989
37762000
37762065
37762371
37762486
37762559
37762972
37763026
37763083
37763096
37765208
37765224
37765385
37766136
37766843
37768109
37768451
37768844
37769152
37769206
37769323
37769657
37769841
37770109
37770465
37770709
37770851
37770937
37770968
37771434
37771443
37771444
37771465
37771771
37771979
37772090
37772388
37772815
37773315
37773476
37773633
37773782
37774317
37774771
37775264
37775599
37776502
37778056
37778425
37778694
37778715
37779078
37779195
37779445
37779588
37779953
37781246
37781367
37781382
37783027
37783335
37783555
37783878
37786718
37786890
37787188
37787273
37787332
37787906
37788099
37788737
37789677
37790408
37791212
37791581
37792220
37792606
37793125
37793310
37794336
37795600
37795794
37796104
37796680
37796692
37796789
37798728
37799492
37801128
37801959
37802286
37803333
37803478
37804108
37804509
37804639
37805108
37805877
37806896
37808543
37808779
37809020
37809064
37810022
37810983
37811538
37811539
37811942
37812288
37812369
37812513
37812740
37812956
37813981
37814403
37817700
37818043
37818053
37818684
37818692
37818983
37819314
37819535
37820848
37821355
37821547
37821870
37822160
37822583
37822669
37823053
37823569
37823694
37824714
37827087
37827111
37828724
37829051
37829391
37830090
37830128
37830163
37830470
37830570
37830597
37830634
37832581
37833281
37833349
37833879
37833934
37833993
37834096
37834154
37834227
37834393
37834408
37835433
37835434
37835469
37835499
37835552
37835579
37835592
37836018
37837521
37838642
37839641
37840492
37840845
37841022
37841273
37841695
37841696
37841921
37841928
37842182
37843719
37845349
37845388
37846139
37846176
37846229
37846543
37847405
37847481
37848773
37848823
37849559
37849763
37849813
37851927
37852473
37853052
37853118
37853341
37853371
37853449
37854309
37854575
37855183
37855702
37855826
37856053
37856381
37857248
37857377
37857607
37857647
37858339
37858622
37859717
37860820
37860940
37861004
37861443
37861921
37861929
37861963
37863263
37863960
37864150
37864422
37864646
37864881
37864899
37865172
37865602
37865836
37866557
37866725
37866784
37867521
37868410
37868696
37869505
37869710
37869765
37870091
37870293
37870755
37870760
37872607
37873200
37873730
37874704
37875819
37877961
37878712
37879937
37880432
37881322
37881491
37881606
37882243
37882631
37882836
37883060
37883754
37884280
37884304
37884531
37885806
37886397
37886538
37886555
37886584
37886714
37886958
37886967
37887005
37887342
37887529
37888319
37888374
37888767
37889394
37889402
37889443
37889502
37889970
37890196
37890269
37891325
37891669
37891828
37892142
37892181
37892820
37893026
37893144
37894279
37894287
37894289
37894340
37894355
37894405
37894430
37894446
37894461
37894479
37894718
37894731
37894767
37894830
37894860
37895074
37895420
37896134
37896182
37896189
37899660
37899749
37899778
37899918
37900496
37900820
37901257
37902550
37904254
37904570
37904739
37905107
37905113
37905142
37905329
37905655
37905835
37906374
37907716
37907876
37908159
37908718
37908736
37908765
37908961
37910281
37910282
37913538
37913635
37914076
37914930
37915230
37916157
37916170
37916174
37917281
37917583
37918288
37918325
37918959
37919325
37919354
37919784
37919875
37920781
37920878
37921057
37921704
37921922
37922359
37922523
37922916
37922934
37923828
37924213
37925150
37925381
37926270
37926786
37927089
37927114
37927232
37928397
37928438
37928546
37928547
37928731
37931154
37931176
37931834
37932833
37934369
37935104
37935665
37936247
37936324
37936455
37936683
37937301
37937394
37937690
37937991
37938193
37938214
37938973
37939020
37939133
37939504
37940552
37941134
37941632
37941656
37943358
37943817
37944044
37944591
37945736
37945743
37946962
37947182
37947601
37947625
37947640
37947667
37948301
37948308
37948367
37948373
37949785
37950039
37950066
37951450
37951777
37952042
37952224
37953242
37954131
37954329
37955063
37955154
37955637
37955979
37956418
37956929
37957765
37957904
37957910
37958374
37958415
37958423
37958481
37958662
37958683
37958776
37958846
37958913
37959784
37961149
37961385
37961475
37961484
37961582
37961626
37961689
37962027
37963207
37963463
37963582
37963635
37963919
37964785
37964983
37966120
37967105
37967599
37967656
37967726
37968257
37968655
37969370
37969372
37969636
37969678
37970030
37970361
37970610
37971886
37971942
37972206
37972737
37972835
37973489
37974198
37974422
37975516
37975846
37975957
37976504
37976832
37977349
37977889
37978079
37979586
37980347
37980454
37980704
37980830
37981063
37981873
37982173
37982374
37982809
37982875
37982961
37983646
37983866
37984008
37984200
37984506
37984525
37985291
37985768
37986801
37986881
37987252
37987713
37987802
37988165
37988705
37988745
37988746
37989987
37990341
37990994
37991020
37991252
37992211
37992407
37992680
37992690
37993145
37993665
37993907
37994040
37994751
37995190
37995317
37996449
37996600
37997289
37997374
37997616
37998351
37998380
37998723
37999122
37999758
38000075
38001340
38001721
38001908
38001999
38002009
38002496
38002539
38002561
38003396
38003399
38003507
38003512
38003585
38003656
38003754
38003967
38004326
38004384
38004399
38004464
38007271
38007705
38008681
38009115
38009116
38009896
38010378
38010491
38012322
38012713
38013438
38013908
38014161
38014170
38014191
38014234
38014332
38014992
38015376
38016363
38016610
38016693
38017340
38017538
38019450
38019838
38020501
38020665
38021027
38021132
38021584
38021881
38021884
38022194
38022620
38022656
38023152
38023264
38023712
38023754
38023817
38024242
38024244
38024978
38026572
38026582
38026584
38027362
38028540
38029345
38029531
38029695
38030050
38030188
38031775
38032110
38032426
38032493
38032496
38034009
38035044
38036153
38036173
38036978
38037172
38037768
38038221
38040444
38043455
38043888
38044279
38044793
38045037
38045043
38045044
38046107
38046795
38046964
38047207
38048635
38048782
38049204
38049682
38049893
38050252
38050515
38051559
38052257
38052308
38053567
38053639
38053701
38054015
38054226
38054227
38054228
38054695
38055673
38056897
38057447
38057698
38057925
38058802
38058808
38059120
38060213
38060340
38061540
38063241
38063269
38063340
38064156
38064969
38065059
38065968
38066037
38066255
38066404
38067099
38067141
38067186
38067218
38067240
38067243
38067258
38067354
38067356
38067387
38067401
38067430
38068493
38068712
38068880
38068922
38069130
38069593
38069906
38070079
38070086
38070619
38071213
38071304
38071912
38072160
38072311
38072365
38072669
38072677
38072894
38072944
38073235
38074393
38074665
38074682
38074687
38075240
38075323
38075363
38075490
38075671
38076515
38077209
38077210
38077211
38078513
38079020
38082745
38082788
38083047
38083627
38084701
38085056
38085571
38086292
38086498
38086808
38087889
38088856
38088935
38089093
38089111
38089638
38089750
38090060
38090503
38091186
38091240
38092144
38092145
38092725
38092755
38093312
38094843
38095773
38096267
38097874
38098041
38098117
38098169
38098850
38099057
38099059
38099947
38101281
38102219
38102738
38102824
38103622
38104126
38104152
38105501
38105543
38106258
38106259
38106701
38106809
38107346
38107534
38107562
38109296
38109407
38109442
38109948
38110398
38110626
38110895
38111796
38111798
38111846
38112295
38112893
38113891
38114801
38114959
38115126
38115695
38115820
38116063
38116103
38116137
38117774
38123840
38124768
38125027
38125538
38127301
38127403
38127790
38128884
38129059
38129228
38129565
38129732
38130149
38130419
38130900
38130902
38131643
38132142
38132354
38133518
38133553
38134929
38134933
38135704
38135816
38136258
38136323
38136330
38136335
38136352
38136371
38136381
38136398
38136401
38136613
38137175
38137388
38137456
38137514
38137520
38138888
38138986
38139100
38139302
38139350
38139457
38139462
38140005
38140508
38141226
38141254
38141552
38142662
38142852
38142965
38143440
38145594
38147206
38147655
38147831
38148047
38148892
38149153
38149301
38149454
38149579
38150033
38150627
38150891
38151699
38152506
38153083
38153426
38153582
38153842
38153923
38154290
38155481
38155632
38156907
38156932
38157203
38157540
38157945
38158149
38158714
38158760
38159203
38159261
38159337
38159819
38160299
38160415
38161192
38161202
38161802
38162484
38162492
38162904
38164182
38164487
38164612
38165369
38165868
38165944
38166029
38166331
38166651
38166698
38166900
38166949
38167030
38167318
38167429
38167948
38168332
38168377
38168422
38169560
38170016
38170191
38170343
38170429
38171329
38171932
38172338
38172959
38173078
38173735
38173775
38173841
38174322
38174463
38174679
38174685
38175460
38175748
38177502
38178143
38180008
38180613
38180686
38181251
38181444
38181717
38182147
38182566
38182643
38183103
38183424
38183651
38183840
38184226
38184227
38184514
38184649
38185013
38185057
38185333
38185384
38186025
38186026
38186310
38186314
38187044
38187045
38187871
38187909
38188151
38188300
38188361
38188666
38189433
38191799
38191954
38192123
38192141
38192446
38192614
38192626
38193798
38193979
38195076
38195220
38195678
38196738
38196955
38196976
38197324
38197423
38197800
38199118
38199238
38200255
38200284
38200387
38201248
38201434
38201453
38201456
38201471
38201490
38201492
38201528
38201588
38201621
38201622
38201646
38202090
38202510
38202860
38203181
38203185
38203299
38203308
38203331
38203506
38203783
38204175
38204269
38204968
38205056
38205335
38206472
38206510
38207106
38211582
38211641
38211651
38211815
38212481
38212785
38212807
38213031
38213096
38213319
38213329
38213575
38213834
38214211
38214322
38214828
38214842
38215153
38215500
38215747
38215754
38215936
38216554
38216766
38217255
38217295
38218171
38218875
38218977
38219019
38219188
38221545
38221546
38221979
38222046
38222052
38223456
38224404
38224589
38224761
38224798
38225354
38225549
38225589
38225605
38225939
38226619
38227144
38227740
38228970
38229014
38230206
38230292
38230757
38230855
38231003
38231039
38232389
38232703
38232937
38233319
38233331
38233791
38233838
38234042
38234228
38234609
38234734
38234778
38234786
38234840
38234841
38237157
38237710
38238463
38239396
38239626
38239850
38241776
38242083
38242087
38242182
38242220
38242271
38242327
38242535
38243318
38244080
38244670
38246990
38247816
38247970
38248297
38248304
38248305
38249077
38249808
38250045
38250376
38250397
38250874
38251153
38251196
38252207
38252427
38252936
38253025
38253179
38253970
38254183
38254201
38254206
38254768
38254845
38254850
38254886
38254893
38254897
38255198
38255255
38255293
38255327
38255746
38255833
38256021
38256047
38256140
38258110
38258112
38258133
38258589
38259614
38259678
38260034
38260214
38260400
38260497
38260701
38260852
38261141
38261142
38261143
38261253
38261876
38262125
38262269
38262933
38262954
38263015
38263339
38263411
38263486
38264122
38264455
38264522
38265392
38265405
38266592
38267500
38268001
38268923
38268976
38270917
38270934
38271403
38271956
38272115
38272357
38273014
38273075
38273190
38273249
38273986
38274814
38274817
38274828
38275022
38275102
38275289
38275409
38275817
38275876
38275897
38276486
38277015
38277747
38277995
38278031
38278156
38279060
38279087
38279111
38279417
38279763
38280033
38281303
38281626
38282486
38283752
38285005
38285244
38285511
38285679
38285688
38285799
38286976
38286983
38287054
38287149
38287266
38287297
38287397
38287522
38288092
38288102
38288282
38288307
38288615
38288941
38289696
38290230
38290467
38290657
38291182
38291266
38291439
38291540
38291976
38292171
38292240
38292534
38293093
38293107
38293652
38294637
38295144
38295147
38295315
38295649
38296645
38298111
38298193
38298333
38298556
38298707
38298866
38299146
38299393
38299428
38299594
38299670
38299748
38300392
38301181
38301236
38301244
38301393
38301843
38302615
38302832
38303029
38303058
38303726
38303922
38304137
38304784
38304870
38305824
38305926
38306361
38306388
38306846
38307194
38307564
38308299
38308568
38308708
38309500
38310461
38311053
38312227
38313256
38313377
38313959
38314794
38314829
38315329
38315541
38316107
38316783
38317491
38317817
38317968
38318180
38318212
38318319
38318504
38318849
38319555
38320988
38320994
38321173
38321773
38321856
38322284
38322292
38322416
38322570
38322729
38322836
38323623
38324181
38325210
38325586
38325925
38326078
38326661
38326861
38326875
38327681
38327839
38328202
38328849
38329732
38330148
38331340
38331629
38332576
38334610
38334638
38334650
38334668
38334907
38335383
38335855
38336902
38337036
38337543
38338649
38338677
38339227
38339334
38339340
38339353
38339374
38339384
38340195
38340430
38340682
38340693
38340694
38341010
38341123
38341408
38341418
38341584
38342325
38342629
38342925
38343660
38344102
38344517
38345073
38345134
38345457
38345637
38346200
38347045
38347095
38347462
38347567
38347794
38349201
38349213
38349234
38349262
38350065
38350361
38350413
38350599
38351343
38352223
38352843
38353396
38353806
38353859
38354228
38355000
38355655
38357209
38357405
38357955
38358441
38358804
38358885
38359293
38359612
38360292
38360888
38361752
38363490
38363895
38365636
38365809
38366847
38367313
38367671
38368287
38369003
38369937
38370421
38370687
38370784
38371127
38372901
38373215
38375030
38376284
38376452
38376766
38376848
38377189
38377734
38378075
38378180
38378721
38378853
38379858
38380331
38380497
38382724
38382811
38382968
38383492
38383756
38383861
38383875
38384013
38384073
38384234
38384384
38384458
38385046
38385248
38385470
38387809
38388726
38389103
38389401
38390032
38390330
38390494
38391701
38391718
38391949
38391963
38391974
38391976
38392317
38393158
38394389
38394444
38394536
38395990
38396016
38396134
38396172
38396320
38396677
38396720
38396757
38396771
38396785
38396911
38396962
38396993
38397112
38397870
38397908
38398008
38398118
38398126
38398131
38398205
38398225
38398231
38398592
38403632
38403964
38404571
38404715
38405180
38405202
38406061
38408343
38408368
38410123
38410136
38411299
38411438
38411896
38414005
38415699
38415901
38416133
38416679
38416830
38416873
38417178
38417223
38418476
38418494
38418614
38418842
38418880
38418976
38419527
38419943
38420614
38420615
38422610
38422837
38423052
38423245
38423407
38423634
38427238
38427490
38428068
38429268
38429294
38429367
38429428
38429759
38430519
38430913
38431436
38432637
38433701
38433919
38434266
38434278
38435201
38435477
38435479
38435502
38435669
38435962
38437666
38437669
38438167
38438346
38438348
38438374
38438420
38438773
38439154
38439715
38439834
38440121
38440376
38441553
38441561
38442508
38443336
38444223
38445166
38445445
38445882
38446410
38446884
38446982
38448290
38448295
38448392
38448914
38449509
38449858
38449965
38450887
38451958
38452225
38452245
38452695
38453044
38453642
38453659
38453813
38454126
38454344
38454465
38454614
38454929
38455242
38455403
38455415
38455669
38455766
38456152
38456228
38457018
38457785
38457839
38458072
38458331
38458555
38458736
38458809
38460167
38461458
38461500
38462406
38463066
38463813
38464047
38464338
38464470
38466468
38467049
38467357
38467843
38468049
38468051
38468052
38468932
38469283
38469638
38470096
38471271
38471504
38471603
38472293
38473223
38473231
38473403
38473439
38473623
38473710
38473776
38473812
38473989
38474106
38474197
38474265
38474286
38474373
38474428
38474491
38475864
38477051
38477507
38477966
38478328
38479191
38479552
38479560
38479741
38480275
38480528
38480922
38481068
38481255
38481314
38481938
38481999
38482619
38483541
38483585
38483655
38484859
38485749
38486856
38486935
38487014
38487087
38487309
38487525
38487713
38488530
38488900
38488994
38489314
38490327
38490374
38491408
38492191
38492275
38492734
38493204
38493668
38493731
38493899
38493942
38494066
38494858
38495199
38495835
38496540
38496580
38496908
38496909
38496910
38496912
38497174
38497657
38498065
38498279
38498766
38499440
38499808
38499965
38500293
38500668
38501006
38501121
38501768
38502031
38502052
38502281
38503731
38503765
38503772
38504248
38504984
38504986
38505170
38505467
38506099
38506351
38506960
38507437
38507464
38507470
38508081
38509074
38509672
38509761
38509884
38510250
38510602
38510620
38511060
38511935
38512448
38512819
38514030
38514775
38514913
38515994
38516034
38516394
38516683
38517048
38518642
38519492
38519786
38519889
38519901
38520025
38520250
38520571
38520591
38521933
38522316
38522697
38523150
38523646
38523673
38523681
38523840
38527238
38527981
38528135
38528608
38529380
38529661
38530160
38530545
38530629
38531616
38532150
38532602
38532825
38533063
38534215
38534332
38534769
38534921
38535775
38535801
38535989
38537581
38537717
38537746
38537773
38538274
38538643
38538691
38539424
38539447
38539563
38539663
38539683
38540119
38540704
38542190
38542198
38542389
38542426
38542508
38542863
38543151
38543187
38543308
38544410
38544831
38544840
38545061
38545063
38546749
38546908
38546941
38548041
38548064
38548408
38548413
38548420
38548421
38548655
38548752
38548861
38549381
38550039
38551747
38552239
38552622
38553549
38553638
38554116
38554298
38554307
38554946
38555740
38556451
38556454
38556768
38557942
38558132
38558596
38558670
38559056
38559823
38559983
38560048
38560348
38560349
38560566
38560572
38561051
38561331
38561565
38561591
38561623
38561797
38562049
38562665
38562795
38562826
38562886
38563164
38563293
38563427
38563585
38563851
38563855
38563988
38564342
38564815
38565061
38565404
38566075
38566120
38566128
38567448
38567475
38568805
38568950
38569065
38570528
38570823
38571355
38571415
38571445
38571468
38571508
38571509
38571555
38571593
38572065
38573401
38575062
38575072
38575630
38576069
38576724
38577900
38578405
38578714
38579343
38580093
38581292
38581527
38581674
38582393
38582394
38582396
38582500
38582787
38583854
38584542
38584878
38585372
38585739
38585839
38585856
38585888
38586048
38586090
38586213
38586710
38586815
38587542
38588475
38588881
38589034
38590763
38590799
38592330
38593439
38593817
38594444
38594690
38594769
38595969
38595980
38596030
38596241
38596290
38596362
38596714
38596716
38597418
38597984
38598087
38598311
38599661
38600891
38600951
38601083
38601561
38601620
38603650
38604733
38604814
38605367
38605477
38605523
38605930
38606090
38606198
38606460
38606513
38607010
38607036
38607056
38607071
38607073
38608304
38608433
38609422
38609860
38609948
38610944
38610954
38610968
38610979
38611052
38611071
38611962
38612480
38612755
38612758
38612777
38612788
38612890
38612892
38612900
38612910
38612938
38613388
38614870
38615034
38615167
38615383
38615384
38616761
38616895
38616896
38617153
38617245
38617333
38617348
38619641
38619734
38619743
38621302
38621458
38622132
38623248
38625573
38625588
38626338
38627421
38628517
38628602
38628755
38629735
38630257
38630385
38631135
38632238
38633072
38633084
38633388
38633778
38633919
38634484
38634572
38635637
38635885
38636546
38636895
38637419
38637831
38638156
38638676
38639278
38639614
38639854
38639919
38640786
38640858
38640876
38640932
38640981
38643837
38644430
38644551
38645003
38645018
38645087
38645117
38645331
38645511
38646145
38646501
38646805
38646982
38647018
38647690
38649630
38650010
38650477
38650560
38650741
38651004
38651109
38651254
38651817
38652401
38652658
38653089
38653236
38653957
38654028
38654040
38654280
38654579
38655094
38655096
38655339
38655699
38656254
38656970
38657366
38658527
38659966
38660136
38660475
38661181
38662150
38662286
38663930
38664268
38664311
38664436
38664630
38664996
38665009
38665312
38665430
38665799
38665919
38666025
38666818
38666920
38667338
38668045
38668068
38668707
38669755
38670305
38671961
38671983
38672069
38672110
38672146
38672254
38672261
38672281
38672477
38672496
38672566
38672598
38672625
38672636
38672655
38672661
38672673
38672676
38672985
38673808
38673835
38673919
38673949
38674026
38674418
38674436
38675144
38675193
38675224
38675227
38675368
38675381
38675489
38675528
38675903
38676720
38676797
38677355
38677733
38679408
38680316
38680987
38680991
38681202
38681267
38681778
38681801
38682116
38682343
38683153
38683350
38684246
38684319
38684320
38684578
38684700
38685028
38685386
38685521
38685671
38685674
38685786
38686045
38686058
38686189
38686271
38686295
38686637
38686653
38686917
38686946
38687046
38687369
38687607
38687925
38688579
38689623
38689678
38690261
38691473
38692109
38693845
38694030
38695342
38695580
38695671
38696072
38696710
38697107
38697449
38697460
38697575
38697585
38698421
38698847
38698940
38698968
38699302
38700610
38701414
38701938
38701957
38702509
38702569
38702818
38702989
38703297
38703433
38703775
38705073
38705393
38705944
38706801
38706905
38706957
38707088
38708527
38708806
38709874
38710154
38710703
38711090
38711411
38711642
38711731
38712133
38712200
38712234
38712663
38712813
38713025
38713298
38713310
38713519
38714355
38715021
38715108
38715344
38715787
38715858
38716541
38716809
38717123
38717250
38717316
38718647
38718847
38718868
38719174
38719785
38719806
38720342
38720457
38720772
38720782
38721406
38721826
38721992
38722528
38723526
38724464
38724522
38724609
38724684
38724814
38724832
38725030
38725571
38725860
38726003
38727262
38727288
38727302
38730481
38730589
38730596
38730651
38730666
38730673
38730694
38730705
38732030
38732135
38732140
38732165
38732378
38732975
38733169
38733466
38733690
38733825
38734160
38734194
38734343
38735083
38735642
38737451
38737610
38737611
38737612
38737673
38739112
38739282
38740092
38740168
38740554
38741139
38741436
38741545
38741777
38741783
38742049
38742150
38742261
38742944
38743206
38743766
38744809
38744979
38746089
38746337
38746349
38747048
38747088
38747353
38749058
38750318
38750472
38750720
38751398
38751635
38751785
38752341
38752635
38753093
38753169
38754752
38756075
38756585
38758649
38758727
38758780
38758975
38759277
38759703
38759897
38760427
38760585
38760771
38761153
38761580
38762464
38762500
38762534
38762828
38762829
38762830
38763090
38763954
38763993
38764296
38764643
38765057
38765074
38765202
38765247
38766060
38766170
38766212
38766252
38768767
38769480
38770056
38770108
38770179
38770220
38770568
38770948
38773075
38773224
38773447
38773742
38773970
38774283
38774410
38774470
38774932
38775127
38775886
38776489
38776737
38777680
38778925
38780071
38782497
38782593
38783212
38783389
38783575
38784036
38784239
38784470
38784900
38786032
38786045
38786097
38786726
38787766
38788009
38788719
38789970
38790260
38790388
38790894
38790896
38791033
38791053
38791110
38791312
38791400
38791428
38791432
38791520
38791610
38791906
38791921
38791952
38791984
38792022
38792024
38792257
38792844
38793120
38793132
38794148
38794149
38794272
38795276
38795505
38795641
38796971
38797368
38797699
38797928
38798094
38798137
38798512
38798583
38798600
38798647
38800696
38800698
38802334
38802444
38802734
38803001
38803161
38803199
38803536
38803685
38804289
38804887
38805346
38806071
38806469
38806504
38806658
38807414
38807663
38808535
38808630
38809352
38809514
38809654
38809929
38811170
38811596
38812286
38812542
38812592
38812741
38813112
38813113
38813229
38813245
38813827
38814900
38815166
38815637
38816839
38817005
38817336
38817361
38817436
38818122
38818124
38818305
38818371
38820126
38820611
38821164
38821335
38821638
38821722
38822538
38823209
38825061
38826151
38826227
38826229
38826470
38827324
38827949
38829550
38829906
38830560
38830977
38831692
38831756
38832259
38833199
38833796
38834748
38834877
38835196
38835368
38835479
38836759
38836953
38837060
38837109
38837899
38838551
38838784
38839702
38840404
38840717
38841004
38841116
38841168
38841373
38841811
38842276
38842394
38842602
38842611
38843966
38844770
38844902
38844925
38844944
38846405
38848042
38848215
38848306
38848360
38848430
38848823
38849632
38849943
38850538
38850741
38851411
38851695
38852095
38852314
38853689
38854085
38855425
38855914
38856710
38856747
38857306
38857425
38857465
38857832
38857836
38857866
38857868
38858130
38858238
38858389
38858501
38858535
38859683
38859843
38859917
38860145
38860406
38861151
38861272
38861296
38861512
38861539
38861929
38862832
38863628
38863709
38864175
38864445
38864705
38864820
38866002
38866807
38867357
38867932
38868315
38869884
38870993
38871097
38871731
38871858
38872263
38874227
38874333
38874628
38875078
38876048
38876188
38876751
38877400
38877783
38878927
38879014
38879476
38879494
38879767
38880414
38880540
38881713
38881923
38881934
38882229
38883194
38883343
38884005
38884089
38884586
38884661
38884673
38885356
38885531
38886495
38887185
38888628
38889068
38890642
38890658
38891029
38891070
38891074
38891882
38891890
38891962
38892084
38892179
38892185
38892305
38892392
38892402
38892466
38893093
38893116
38893130
38893149
38893152
38893165
38893173
38893192
38893207
38893240
38893250
38893336
38893345
38893592
38894702
38894892
38894960
38895268
38895399
38895402
38895459
38895489
38895635
38896238
38896326
38896791
38897003
38897294
38897498
38898023
38898077
38898218
38898533
38898945
38899374
38899811
38900237
38900643
38901497
38902325
38902561
38903945
38904073
38904264
38905749
38906477
38906885
38906916
38907038
38907776
38907858
38907902
38907949
38908376
38908756
38909035
38909166
38911163
38911374
38911393
38911587
38912661
38912791
38912869
38913230
38913424
38914217
38914542
38914751
38915364
38915399
38916140
38916264
38918274
38919518
38919539
38919587
38919654
38920629
38920718
38921432
38922889
38923275
38923419
38923575
38924338
38924492
38925084
38925223
38925834
38925836
38925840
38926596
38926909
38927266
38927341
38927417
38927437
38927583
38927654
38927713
38927995
38928021
38928292
38928376
38928445
38928515
38929657
38929990
38930064
38930435
38931850
38931902
38931935
38931949
38932383
38933439
38933521
38933650
38934568
38935636
38935935
38936514
38936935
38937115
38937431
38938062
38938754
38938851
38939049
38939621
38940449
38940573
38940575
38941028
38941297
38941641
38941861
38941953
38942129
38942534
38942749
38943253
38943513
38943821
38944146
38944395
38945276
38945955
38946234
38946776
38946879
38947002
38947019
38947383
38947514
38948026
38949692
38949756
38950334
38951146
38951170
38951281
38952208
38952379
38953982
38954031
38954698
38955178
38955315
38955530
38955537
38956384
38956588
38956913
38957223
38959052
38959533
38959941
38959943
38960279
38960367
38960477
38960714
38960965
38961896
38962052
38962093
38962535
38962639
38963598
38964117
38965580
38966629
38966838
38967113
38968207
38968484
38968568
38968597
38968626
38970818
38971907
38973633
38973727
38974428
38975094
38975278
38975725
38976047
38976915
38976918
38977545
38977616
38977680
38978755
38978961
38978962
38979226
38979247
38979296
38981212
38981348
38981438
38982561
38982916
38983675
38984451
38985083
38986051
38986056
38986934
38986945
38986953
38987630
38988442
38988550
38988606
38989284
38989705
38989745
38989990
38990444
38990445
38990913
38991490
38992201
38992489
38992848
38993162
38994023
38994114
38994360
38994761
38994929
38994940
38994986
38994999
38995006
38996177
38996403
38996666
38997069
38997283
38997808
38999049
39000148
39000281
39000485
39001264
39001361
39001381
39001407
39001459
39001500
39001511
39001719
39001830
39002022
39002028
39002523
39003252
39004066
39004176
39005286
39005768
39006067
39006069
39006090
39006516
39006522
39006523
39006524
39006708
39006906
39006948
39007088
39007144
39007927
39007929
39008219
39008916
39009914
39009933
39011139
39011386
39011394
39011735
39012048
39012509
39012566
39012578
39012782
39013195
39013502
39013724
39014185
39014476
39014982
39015316
39015773
39015784
39016669
39016679
39016685
39018008
39018875
39019073
39019900
39020091
39021040
39021199
39021629
39021740
39022225
39022283
39022642
39022643
39022646
39022728
39022732
39023183
39023794
39024966
39025939
39026284
39026692
39027436
39028201
39028616
39029116
39029318
39029375
39029475
39030304
39030308
39030879
39032243
39032650
39032682
39033204
39034648
39035200
39035202
39036436
39037687
39037688
39038392
39038644
39039193
39039535
39040050
39041976
39042445
39042828
39042829
39042996
39043304
39043634
39043866
39045029
39045789
39046599
39047538
39047904
39048699
39048853
39048947
39048961
39049995
39050709
39051219
39051633
39052000
39052006
39053460
39053731
39054282
39054369
39055532
39055895
39056814
39057054
39057168
39057192
39057782
39057891
39059422
39059599
39059983
39060078
39060768
39061000
39061140
39061176
39061219
39061427
39061688
39061796
39061815
39061957
39061990
39062770
39062807
39063109
39063215
39063221
39063226
39063232
39063239
39063635
39063802
39065567
39065639
39065651
39065724
39065752
39066464
39068393
39068621
39068727
39069522
39071633
39071701
39072119
39072291
39073345
39073416
39073688
39074966
39075517
39075933
39076095
39076248
39078543
39079287
39079407
39079409
39079422
39081094
39081966
39082832
39083299
39084028
39084569
39084628
39084854
39085346
39085419
39085480
39085511
39085713
39085878
39086131
39086858
39087020
39087286
39087293
39087397
39088157
39088549
39088832
39089107
39089504
39090107
39090786
39090849
39091260
39091601
39091833
39091877
39092253
39092676
39092730
39093499
39093532
39093693
39094075
39094210
39094866
39094917
39095594
39097247
39097525
39097807
39098111
39098687
39098847
39099033
39099691
39100684
39101329
39102117
39102118
39102993
39103055
39103206
39103871
39105196
39105501
39105794
39105956
39107839
39108703
39109617
39109619
39110807
39111282
39111285
39111632
39111656
39111832
39111833
39112464
39112531
39113807
39113875
39114182
39114330
39115195
39115241
39115615
39117611
39117725
39117866
39118800
39118968
39119276
39119927
39120640
39120826
39121170
39123083
39123359
39123366
39123468
39123498
39124540
39125187
39125270
39125761
39125763
39125841
39125966
39126040
39126064
39126240
39127694
39127727
39127809
39128073
39128427
39128581
39128799
39128802
39129344
39131371
39133389
39134023
39134088
39134806
39135106
39135528
39135794
39136219
39136241
39136841
39137310
39137725
39137729
39137777
39138166
39138760
39139341
39139809
39141257
39142446
39142498
39143438
39143719
39144150
39144267
39144445
39145097
39145481
39145837
39146187
39146579
39147758
39148129
39148319
39148521
39148542
39149514
39149790
39149873
39150066
39150454
39150564
39151426
39152526
39153088
39153092
39153669
39153914
39154028
39154046
39154600
39154656
39154793
39155294
39155364
39155374
39155859
39156126
39156618
39156619
39156707
39156868
39156969
39157967
39159216
39159556
39160236
39160324
39160329
39160736
39161577
39161732
39161772
39162363
39162874
39162901
39163091
39163492
39163733
39164197
39164213
39164312
39164434
39164753
39164793
39165459
39165564
39165603
39165999
39166256
39166970
39167224
39167243
39168100
39168144
39168403
39168850
39169126
39169886
39170313
39170503
39171683
39172269
39172519
39174498
39174603
39174739
39174921
39175102
39175478
39176815
39177498
39178137
39178706
39179069
39179298
39179711
39180089
39180315
39180500
39180545
39180605
39180640
39180641
39181067
39181940
39183343
39184078
39184354
39184824
39184943
39184998
39185154
39185427
39185700
39186332
39186687
39187114
39187342
39187509
39188712
39188787
39188994
39190205
39190234
39190500
39190880
39191260
39191500
39191501
39191628
39191985
39192032
39192069
39192506
39192507
39192971
39192978
39193280
39193894
39194170
39194524
39194679
39195222
39195509
39195544
39196480
39196960
39197031
39197812
39197897
39197927
39198249
39198433
39198451
39198514
39199544
39199553
39199623
39199641
39199644
39199662
39199683
39199697
39200114
39200286
39200342
39200356
39201386
39201811
39202515
39202668
39202716
39202849
39202863
39203027
39203988
39204078
39204194
39204355
39204379
39204381
39204409
39205511
39206155
39206859
39206901
39206911
39207402
39207625
39207710
39207859
39208202
39208963
39209016
39209136
39209994
39210157
39211284
39211378
39211518
39211520
39211521
39211865
39211916
39212635
39213053
39213054
39213662
39213666
39213667
39213700
39214103
39214286
39214291
39214651
39215105
39215399
39215803
39215912
39216020
39216042
39216044
39217081
39217585
39217635
39217852
39218361
39218810
39218819
39219154
39220048
39220114
39220243
39220249
39220711
39220872
39221589
39221926
39222188
39223316
39223317
39223700
39225815
39227460
39227705
39227950
39228184
39229003
39229036
39229167
39230703
39231832
39232046
39232721
39233309
39233332
39233830
39233831
39233922
39234439
39234740
39235579
39235838
39235938
39236147
39236416
39236459
39236712
39236808
39236835
39237693
39237744
39238078
39238277
39238708
39239018
39239269
39239650
39240078
39240627
39240877
39241784
39242197
39242402
39243301
39243423
39243502
39244010
39244898
39245487
39246052
39246787
39247004
39247025
39247813
39248068
39248224
39248287
39249499
39250527
39251047
39251545
39251578
39251963
39251990
39252160
39252971
39253064
39253204
39253453
39253454
39253475
39254002
39254749
39254878
39254902
39255678
39255775
39255776
39256378
39256686
39256774
39256894
39256928
39258259
39258745
39259212
39259492
39260131
39260431
39260848
39262462
39263942
39264011
39264337
39264576
39264873
39265321
39265619
39265622
39265936
39267002
39267113
39267413
39267533
39267674
39267734
39267853
39268353
39269041
39269445
39269469
39269554
39269900
39270027
39270056
39270762
39270836
39270948
39271535
39271763
39271985
39272576
39272834
39272866
39272871
39272879
39272914
39272976
39273014
39273083
39273414
39273661
39277153
39277626
39278630
39278921
39279122
39279700
39279765
39279775
39279777
39279780
39280398
39280423
39280441
39280996
39281835
39283532
39284526
39284626
39285246
39285857
39285908
39285933
39286013
39286023
39286083
39286116
39286126
39286510
39286881
39287499
39288077
39288695
39289038
39290466
39291062
39292165
39292186
39292297
39292810
39293549
39293861
39294405
39295944
39296230
39296273
39296333
39296357
39296442
39296804
39296975
39297872
39299575
39299968
39300240
39302097
39302532
39303384
39303387
39304717
39304761
39304781
39305006
39305740
39306823
39307213
39307260
39307298
39307302
39307417
39307884
39308674
39308687
39308833
39309926
39310105
39310881
39311492
39313755
39314291
39315202
39315270
39315277
39316248
39316313
39316315
39317335
39317739
39318042
39318210
39319054
39319137
39319626
39322129
39322160
39322177
39322356
39323013
39323763
39324003
39324445
39324713
39325664
39326139
39326151
39326365
39326421
39326554
39327186
39327198
39327199
39327380
39327682
39328617
39329707
39329751
39329757
39329781
39329782
39329940
39330000
39330272
39330751
39330856
39331302
39331341
39332189
39332586
39333557
39333603
39333688
39333871
39334005
39334165
39334370
39334694
39334754
39334905
39334963
39335417
39335555
39335591
39335648
39336077
39337267
39337531
39337552
39337661
39337713
39338183
39338247
39338377
39338563
39339149
39339163
39339193
39339241
39339270
39340558
39340649
39340816
39340993
39341126
39341503
39341660
39341708
39342418
39342741
39343106
39343572
39343770
39344523
39344926
39345138
39345374
39345514
39345648
39345755
39345795
39346536
39346795
39346903
39346924
39347716
39348350
39348644
39348653
39348995
39349152
39350123
39350223
39350835
39351820
39352450
39352533
39352574
39352749
39352777
39352918
39353220
39353298
39353594
39353894
39353936
39354220
39354825
39355017
39355021
39355049
39356744
39356747
39357173
39357789
39358089
39358870
39360642
39361075
39361292
39362586
39362596
39363839
39364266
39364321
39364401
39364731
39364736
39365252
39365462
39366089
39366109
39366948
39367019
39367110
39367282
39367395
39367418
39367624
39367952
39368002
39368608
39368706
39368721
39368999
39369243
39369443
39369843
39370091
39371035
39371095
39371261
39371551
39371788
39372216
39372798
39373000
39373211
39373549
39375229
39375445
39375741
39375777
39375809
39375818
39375977
39376633
39377261
39377349
39377544
39377985
39377994
39381427
39382087
39382681
39382734
39383310
39383786
39385009
39385753
39386028
39386580
39386586
39386597
39386927
39387476
39387496
39387957
39388047
39389776
39390195
39390467
39390804
39390840
39390978
39391957
39392522
39392921
39393070
39393469
39393880
39394087
39394177
39394529
39395298
39395673
39396171
39396175
39397212
39397801
39398744
39399167
39399677
39399681
39399731
39400152
39400678
39400836
39401002
39401143
39401457
39401767
39402706
39403326
39404535
39406278
39406392
39406966
39407644
39408228
39408617
39408743
39408757
39408858
39408897
39408901
39409069
39409094
39409893
39409905
39409919
39409970
39411129
39411397
39411882
39411947
39412346
39412555
39412733
39412953
39413431
39413821
39413902
39416185
39417186
39417309
39417842
39419169
39419170
39419172
39419847
39420038
39420062
39420135
39421317
39421649
39421709
39421718
39422741
39422764
39423821
39423824
39423857
39424705
39424717
39424846
39425154
39425931
39426467
39426568
39427044
39427326
39428180
39428930
39429582
39429673
39430242
39430343
39430842
39430953
39431005
39431006
39431993
39432011
39432026
39432028
39432918
39433280
39433480
39433869
39434428
39434433
39434864
39435104
39435418
39436961
39437552
39437851
39437968
39438499
39438642
39439623
39439947
39439956
39440248
39440433
39440710
39440773
39440923
39442362
39442410
39442494
39443086
39443151
39443331
39443392
39443981
39444180
39444320
39444362
39444513
39444608
39445338
39445563
39446287
39446525
39447031
39447568
39447824
39448549
39448763
39449228
39449966
39450422
39450860
39451383
39452556
39453209
39453521
39453528
39453684
39453824
39454092
39454213
39454304
39454581
39455562
39455622
39456052
39456433
39456455
39456552
39456559
39456605
39456748
39456799
39456874
39457007
39457021
39457050
39457052
39457529
39457549
39457550
39457553
39457569
39457639
39458678
39458959
39459454
39459474
39459502
39459612
39460647
39460871
39461382
39461680
39461751
39461881
39461989
39462882
39462997
39464150
39464448
39465217
39465481
39465756
39465792
39466969
39469010
39469854
39469896
39470381
39470407
39470579
39470962
39471026
39471712
39472601
39472942
39472972
39472976
39473129
39473365
39473408
39473421
39473666
39474554
39474960
39475033
39475570
39475905
39476147
39476245
39476302
39476599
39476945
39477295
39477314
39477379
39477835
39477845
39479007
39479357
39479466
39480453
39480526
39481387
39482219
39482401
39483281
39484048
39484416
39484434
39484465
39485272
39486051
39486059
39486062
39486063
39487141
39487262
39487455
39487468
39488267
39489121
39489380
39489560
39490061
39491322
39491615
39491742
39492110
39492762
39492786
39492938
39493414
39493435
39493751
39494331
39494339
39494374
39494862
39495040
39495984
39497174
39497355
39498357
39498376
39498581
39499086
39499201
39499486
39500345
39500397
39500785
39501082
39501373
39501957
39502176
39502247
39502470
39502635
39503973
39504579
39505178
39505960
39506334
39506810
39506843
39507892
39508297
39508842
39508866
39509592
39510072
39510171
39510172
39510432
39510901
39511561
39512605
39513108
39513361
39513613
39513619
39513861
39513882
39513909
39513953
39515086
39515408
39516198
39516282
39516455
39516471
39516530
39516641
39516674
39516685
39518054
39518060
39518074
39518091
39518104
39518107
39518137
39518322
39518390
39518957
39519068
39519145
39519336
39519339
39520874
39521041
39521308
39521782
39522625
39523113
39523433
39523497
39523551
39523775
39524593
39524642
39524752
39525666
39525789
39526779
39527165
39527383
39527541
39528207
39528347
39528571
39528608
39528802
39528836
39529217
39529389
39529768
39529822
39530733
39531176
39531784
39531875
39531927
39532103
39532233
39532825
39533105
39533399
39534094
39534304
39534539
39534809
39535058
39535237
39535369
39535474
39536568
39537100
39537592
39538037
39538038
39538085
39538257
39538973
39539547
39539750
39539752
39539970
39540606
39540980
39541654
39542501
39542552
39542725
39542911
39543084
39543155
39543257
39543872
39544713
39545081
39545092
39545093
39545414
39545622
39548074
39549128
39549156
39549280
39549507
39550888
39550895
39551451
39552019
39552450
39552555
39552931
39553223
39553226
39553354
39553554
39553861
39554782
39554791
39554793
39554794
39554867
39555102
39556101
39556529
39556820
39558550
39558779
39560080
39560182
39560310
39560360
39560695
39561012
39561103
39561536
39561764
39561885
39562005
39562395
39563028
39563470
39563602
39563793
39563863
39564562
39565278
39565523
39566335
39567017
39567689
39567942
39568000
39568404
39568486
39568843
39569335
39569567
39569612
39570018
39570467
39570470
39570554
39571173
39571461
39571596
39572244
39572979
39574033
39574474
39575154
39575553
39575977
39576855
39577464
39577621
39577630
39577635
39578332
39578808
39579735
39579870
39580454
39581355
39581395
39581405
39581553
39581977
39582130
39582810
39583439
39583630
39583928
39584065
39585062
39585441
39585455
39585593
39585688
39586078
39586842
39586850
39587016
39587278
39587319
39587462
39587516
39588508
39588728
39589107
39589598
39589998
39590116
39590169
39590335
39590759
39591021
39592188
39592459
39594133
39594582
39594617
39594630
39594692
39594703
39594778
39594811
39594814
39594997
39595047
39595195
39595821
39596246
39596296
39596476
39597073
39598513
39598813
39599878
39599889
39600281
39600540
39602392
39603455
39604503
39604586
39605004
39605095
39605317
39605416
39605521
39605524
39607450
39607572
39607670
39608584
39608659
39609428
39609728
39609830
39610810
39610828
39611928
39612126
39612412
39614708
39614999
39615164
39615280
39615657
39616644
39616731
39617010
39617291
39618248
39618405
39619356
39620407
39620421
39620590
39621211
39621695
39621724
39622049
39622583
39622938
39623929
39624012
39624281
39624326
39625694
39625943
39626317
39626657
39627265
39627753
39628429
39628893
39629005
39629136
39629230
39629919
39630160
39630582
39630872
39631468
39632791
39633084
39633087
39634168
39634265
39634677
39636301
39636552
39637462
39637774
39637858
39637954
39638786
39639257
39639311
39640055
39640309
39640319
39640361
39640533
39640583
39641080
39642565
39643066
39644898
39644924
39645139
39647652
39648937
39649886
39650055
39650064
39651281
39651594
39652427
39652629
39653090
39653426
39653818
39656422
39656591
39656916
39657679
39657829
39658092
39659236
39659830
39659831
39659832
39659837
39660053
39660646
39661716
39662136
39662270
39662608
39662857
39663377
39663543
39664380
39664611
39664679
39664680
39665226
39665363
39665509
39666195
39666263
39666995
39667305
39668322
39668701
39668815
39668831
39670323
39670486
39670856
39671046
39671515
39672164
39672168
39672457
39673809
39673973
39674238
39674444
39674575
39675447
39675575
39676476
39676654
39677483
39677742
39678169
39678512
39679250
39679632
39680504
39681210
39682088
39682111
39682113
39682123
39682125
39682162
39682171
39682237
39682297
39682716
39682742
39683752
39684236
39684289
39684447
39684484
39684497
39684661
39684695
39684714
39684754
39685907
39686561
39686700
39687126
39687791
39687792
39688257
39688535
39689179
39689679
39690071
39690994
39691110
39691192
39691836
39692003
39692449
39692457
39692595
39692770
39693688
39693922
39694038
39694224
39695004
39695017
39695426
39696038
39696435
39696957
39697243
39697257
39697634
39697698
39697704
39697739
39698411
39698515
39698937
39699762
39700655
39700844
39700959
39701039
39701498
39701951
39702579
39702721
39703841
39703970
39704270
39705426
39706409
39706568
39706696
39707034
39707368
39707474
39707501
39709036
39709472
39709480
39710705
39711185
39711357
39711419
39712208
39712216
39712672
39713041
39713243
39714742
39714754
39715221
39715722
39715824
39716276
39716317
39716595
39718077
39718352
39718433
39718635
39718730
39719222
39719635
39720087
39720100
39720461
39720911
39720993
39721005
39721487
39722404
39722408
39723240
39723246
39724015
39724474
39724688
39724753
39724755
39724784
39724910
39724944
39724950
39724987
39725145
39726350
39726593
39726703
39726706
39727012
39727987
39730176
39730581
39730631
39731064
39731102
39731209
39731836
39731842
39732171
39732358
39733347
39733410
39733415
39733422
39733437
39733718
39734008
39734023
39734809
39734810
39734827
39735314
39735354
39735671
39735729
39735833
39736218
39736337
39737343
39737895
39738017
39739534
39740382
39740503
39740645
39740747
39740798
39740841
39741108
39741746
39742343
39742692
39742798
39743595
39743840
39744115
39744481
39744501
39744542
39744562
39744577
39744592
39744679
39744815
39746097
39747004
39747715
39747716
39747932
39748727
39749509
39749539
39749925
39750021
39751910
39752006
39752252
39752884
39752891
39753137
39753140
39753685
39753906
39753993
39754188
39754309
39754980
39755030
39756156
39756423
39756549
39756615
39756713
39757442
39758413
39758651
39759261
39759262
39759328
39759522
39759563
39759633
39760063
39760795
39760796
39760929
39761437
39761866
39762261
39762287
39762334
39763506
39763643
39763710
39763755
39763756
39763897
39763930
39764088
39764672
39765675
39766048
39766134
39766155
39766236
39766363
39766391
39766485
39767571
39767656
39767700
39767713
39767739
39768226
39768232
39768400
39768430
39769066
39769099
39769144
39770065
39770132
39770449
39770465
39770484
39770529
39771050
39772250
39773043
39773231
39773984
39775160
39775919
39776018
39776801
39777174
39777725
39778723
39779553
39779846
39779941
39781344
39781345
39781627
39783768
39787663
39787997
39788365
39788485
39788628
39788641
39789307
39789839
39789933
39790893
39791017
39791545
39791754
39792378
39792535
39792560
39792760
39792964
39793313
39793675
39793731
39794018
39794701
39794971
39795182
39795214
39796053
39796096
39796278
39796646
39796675
39796693
39796709
39796751
39796773
39797442
39797776
39798050
39798085
39798130
39798267
39798454
39798705
39799218
39799339
39800099
39800515
39800710
39801750
39802118
39802317
39802351
39802957
39803103
39803131
39803280
39803451
39803470
39803534
39803558
39804195
39804431
39805525
39805813
39805854
39806481
39806562
39807099
39808222
39808230
39809835
39810130
39810728
39812468
39812584
39812802
39813352
39813990
39814025
39815367
39815616
39815665
39816516
39816535
39817382
39817951
39818731
39818911
39818986
39819126
39819316
39820086
39820282
39820362
39820650
39821165
39821672
39821858
39821893
39823067
39823071
39823328
39823581
39823950
39824465
39825382
39825637
39826028
39826291
39828178
39828184
39829063
39829491
39829538
39829747
39829781
39830282
39831306
39831463
39832391
39833311
39833546
39833606
39833890
39834835
39834980
39835015
39835141
39835556
39835639
39836457
39836549
39838234
39838429
39838550
39838671
39839007
39839033
39839210
39839493
39839796
39840266
39840562
39841088
39841290
39841303
39842037
39842212
39842449
39842498
39842935
39843621
39843784
39844377
39845013
39845286
39846632
39847238
39848227
39848779
39849594
39849652
39849680
39850550
39851232
39851286
39851403
39851494
39851932
39852021
39852155
39854126
39855082
39855577
39855939
39857347
39857352
39857625
39857717
39857798
39857983
39858063
39859159
39859189
39859209
39859216
39859375
39859381
39859388
39859408
39859568
39860082
39860615
39861164
39861167
39861656
39861774
39861907
39862000
39862069
39862990
39863300
39863390
39863603
39863759
39864140
39864522
39864538
39864885
39865029
39865088
39865295
39866010
39866236
39866246
39866492
39866779
39866856
39867057
39868624
39868688
39868921
39871343
39871351
39871948
39872059
39872501
39872723
39874011
39874307
39875028
39875456
39876523
39877061
39877353
39877360
39877636
39877641
39877749
39878044
39879386
39879581
39879864
39880036
39880174
39880388
39880661
39881389
39881409
39881741
39882240
39882966
39882997
39883079
39883865
39884130
39884144
39884522
39884958
39884988
39885008
39885128
39885289
39886971
39887183
39887264
39888280
39888865
39889447
39889712
39889913
39890169
39890198
39890789
39891313
39891579
39891870
39892374
39892615
39892861
39893170
39893177
39893330
39894336
39895311
39895794
39896073
39896074
39896278
39896563
39896608
39897816
39898330
39899179
39899184
39900326
39900965
39900970
39901019
39901195
39901247
39901324
39901479
39901654
39901683
39902328
39903402
39903772
39904429
39904430
39904854
39904876
39905470
39905713
39905831
39905843
39905844
39906459
39906614
39906820
39907157
39907852
39907975
39908850
39909726
39910141
39911086
39911270
39911397
39911630
39912618
39912753
39913047
39913607
39914147
39915814
39916389
39916448
39916523
39917141
39917760
39917762
39917766
39918009
39919036
39919065
39920453
39920704
39920725
39921260
39921277
39921785
39921868
39922136
39922398
39923034
39924629
39924847
39925210
39925804
39926603
39927502
39927666
39928563
39928965
39929095
39929378
39931357
39931474
39931535
39931861
39932302
39932605
39932808
39933186
39933531
39933837
39933982
39934022
39935607
39936571
39936963
39936970
39937575
39938133
39938169
39938447
39938519
39938577
39938692
39938810
39939664
39940440
39940647
39940686
39940763
39940838
39941164
39941181
39941744
39941791
39941811
39941829
39941839
39941880
39944324
39944803
39945240
39945608
39945969
39946350
39946540
39946771
39947682
39948153
39948537
39949162
39949658
39949745
39949753
39949776
39949960
39950580
39951709
39951833
39951894
39952598
39952933
39952993
39953597
39953938
39954037
39954199
39955265
39955270
39955603
39955698
39956249
39956859
39957239
39957375
39958377
39959291
39959303
39959305
39959478
39959549
39959716
39960447
39960529
39960547
39960788
39961403
39961919
39962070
39963031
39963396
39963421
39963438
39963684
39963753
39965398
39966177
39967571
39968069
39968089
39968526
39968701
39969219
39969500
39969596
39969662
39969953
39970222
39970230
39970825
39970841
39971799
39972068
39972132
39973556
39973814
39974382
39974641
39974663
39974992
39975150
39975249
39975357
39975552
39975914
39975970
39976102
39976234
39977830
39978109
39978637
39978817
39979825
39979966
39980037
39980163
39980507
39982021
39982107
39982223
39982246
39983804
39983991
39984771
39985022
39985348
39985555
39985914
39986404
39986441
39987144
39987562
39987704
39987972
39988497
39988672
39989968
39990231
39990235
39990275
39990473
39990490
39990680
39991181
39991761
39992425
39992471
39992571
39992704
39992790
39993537
39993609
39994084
39994412
39994800
39995104
39995757
39996489
39996727
39996732
39996764
39996852
39996898
39997039
39997634
39997701
39998382
39998572
39999647
39999966
40000422
40000711
40002166
40002176
40002198
40002294
40002329
40002465
40002469
40002479
40002543
40002588
40002669
40002729
40002787
40002821
40004468
40005281
40005959
40006046
40006088
40006509
40006556
40006558
40006606
40007067
40007480
40007556
40008451
40008750
40008938
40009641
40009687
40009909
40011001
40011350
40011495
40011944
40013192
40014265
40014921
40014923
40015559
40015640
40015963
40016450
40017136
40017591
40018519
40019229
40019712
40020233
40020714
40021548
40021783
40022217
40022576
40022869
40023003
40023134
40023279
40023516
40024452
40024490
40024830
40025245
40025673
40025927
40027145
40027294
40027797
40027945
40028084
40028100
40028224
40028606
40029823
40030156
40031576
40032774
40033307
40033380
40034649
40034891
40035348
40035513
40035743
40035915
40035950
40037210
40037357
40037502
40037513
40038251
40038364
40038493
40038742
40039442
40040281
40041069
40041279
40041591
40041752
40042315
40042713
40043140
40043359
40044413
40045008
40045105
40045273
40047299
40047938
40048040
40048216
40048926
40049489
40050358
40050778
40050802
40050992
40051660
40051661
40052066
40052125
40052329
40052499
40052556
40053076
40053455
40054646
40055259
40055350
40055528
40055813
40056235
40056292
40056466
40057495
40057744
40057825
40058218
40058449
40058457
40058500
40058709
40059195
40059829
40060625
40060667
40060757
40061015
40061139
40062779
40062839
40063153
40063186
40063995
40064002
40064365
40064710
40066359
40067460
40067514
40068088
40068246
40069686
40070092
40070120
40070326
40071070
40071076
40071079
40071723
40072065
40072074
40072333
40072663
40072681
40073147
40073403
40073406
40073942
40074685
40075208
40075574
40075583
40075591
40075663
40075681
40075702
40075723
40075780
40076291
40076445
40076502
40076656
40076706
40076738
40076810
40076844
40077614
40078116
40078366
40078521
40078705
40079196
40079417
40079778
40080248
40080657
40080942
40080993
40081015
40081500
40081725
40082966
40083039
40083938
40083939
40084168
40084707
40084746
40085263
40085934
40086436
40086539
40086760
40088740
40088962
40090128
40091203
40091268
40091830
40092489
40092495
40093343
40093511
40093543
40093743
40093871
40093889
40093910
40094001
40094018
40094414
40094816
40095115
40095218
40097417
40097541
40099486
40100070
40100247
40100446
40100478
40100675
40102596
40102981
40103614
40104462
40104463
40104644
40104956
40106404
40107274
40107631
40108111
40108725
40108913
40109161
40109505
40109807
40110038
40110054
40110057
40110062
40110070
40110305
40112194
40113719
40113745
40113969
40114265
40114922
40116532
40116940
40116961
40117901
40117975
40118044
40118423
40119461
40119786
40120123
40121844
40122814
40123038
40123277
40123311
40123434
40123591
40123902
40124014
40124114
40124178
40124371
40124645
40126672
40127739
40127797
40127813
40128557
40128633
40128761
40129089
40129207
40130554
40131028
40131864
40132052
40132583
40133216
40133569
40133683
40134003
40134106
40134291
40134851
40135284
40136356
40136434
40136656
40136660
40136662
40136688
40137412
40138113
40138182
40138363
40138603
40139197
40139622
40140017
40140181
40140182
40140646
40140670
40140848
40141020
40141375
40141405
40141406
40141408
40141747
40141993
40142004
40142161
40142187
40143008
40143152
40143160
40143161
40143197
40143204
40143207
40143547
40143801
40144222
40144939
40145253
40145387
40145650
40146410
40147440
40147584
40148119
40148155
40148314
40148380
40148452
40148504
40149329
40149515
40149552
40149733
40149830
40149846
40149957
40149966
40151081
40151286
40151817
40152396
40153110
40154848
40155506
40156554
40157620
40157890
40159622
40159747
40159762
40160245
40160247
40161370
40161601
40161666
40161747
40161763
40161803
40162509
40162736
40163244
40163248
40163716
40163909
40164043
40164352
40164371
40164665
40166173
40166298
40166471
40166928
40167528
40167966
40168112
40168606
40168694
40168776
40168900
40169552
40171042
40171253
40171544
40172754
40173305
40174703
40174811
40175974
40176031
40176062
40176315
40177067
40177238
40177536
40177677
40177711
40178259
40179881
40180024
40180114
40180191
40180564
40180695
40180890
40181033
40181162
40181415
40182047
40182136
40182607
40182916
40182986
40183579
40183640
40183671
40183747
40183896
40184162
40184918
40185350
40185710
40185715
40185997
40187572
40187646
40188324
40188635
40188875
40188927
40189027
40189724
40189955
40190226
40190312
40190333
40190388
40190553
40190555
40191211
40191237
40191402
40191670
40191672
40191718
40191733
40192175
40192954
40193021
40193323
40195296
40195468
40196420
40196519
40196735
40197808
40198204
40198746
40201311
40201415
40202681
40203505
40203511
40204132
40205155
40205255
40205341
40206140
40206361
40206754
40207177
40207776
40207977
40208240
40209540
40210146
40210624
40211130
40211684
40211735
40211994
40212230
40212541
40213483
40213677
40214214
40214448
40214600
40214727
40214852
40214926
40215269
40216308
40216876
40217098
40217422
40217970
40219580
40221102
40221458
40222480
40222970
40223032
40223281
40223378
40223940
40224189
40224547
40225293
40226887
40226936
40227382
40227386
40227413
40227534
40227555
40227773
40227788
40227812
40228364
40229458
40229949
40230019
40230030
40230168
40231225
40231261
40231507
40231533
40231611
40232352
40233178
40233448
40233712
40233739
40233863
40233917
40234099
40234400
40234567
40234611
40234687
40234880
40234897
40235981
40236001
40236056
40236100
40236125
40236210
40237798
40237873
40238212
40238542
40239334
40239336
40239838
40240723
40241016
40242413
40242972
40243088
40243478
40243570
40244148
40244239
40244246
40244269
40244270
40244521
40244705
40245098
40246063
40246613
40246630
40246915
40247452
40247456
40247678
40248278
40248529
40248613
40248812
40249282
40249391
40249416
40249536
40249782
40249802
40250048
40250082
40250112
40250264
40250626
40251290
40251770
40252818
40252866
40252893
40253386
40253484
40253669
40253695
40253838
40253841
40254893
40255192
40255400
40255705
40255977
40257266
40257668
40258141
40258222
40258838
40259161
40259195
40259204
40259400
40259469
40259480
40260066
40260100
40260554
40260649
40261208
40261557
40261631
40262377
40262403
40262451
40263417
40263483
40264142
40264324
40264576
40264578
40264943
40265014
40265144
40265458
40265961
40266499
40266517
40266518
40266519
40268208
40268793
40269262
40269393
40269603
40269908
40270074
40270217
40270600
40270609
40272711
40272746
40273287
40274776
40274858
40274950
40274951
40275021
40275354
40275610
40276266
40276375
40277152
40277699
40277742
40277754
40277764
40277798
40277888
40277903
40277917
40278222
40278295
40278822
40279008
40279117
40279543
40279656
40279818
40280128
40280718
40280830
40281508
40282434
40282523
40282990
40283007
40283046
40283074
40283197
40283908
40284027
40284428
40284502
40284504
40284507
40284519
40285353
40285641
40285944
40286187
40286386
40286844
40287404
40287444
40287540
40287802
40288646
40288905
40289138
40289180
40289326
40289458
40290443
40290735
40290803
40291335
40291839
40292124
40293574
40293789
40293953
40294493
40294721
40295032
40295049
40295065
40295144
40295505
40295548
40295632
40295665
40295887
40295888
40296900
40296909
40297808
40298644
40298811
40299174
40299204
40299247
40299411
40300658
40300936
40301239
40301302
40302809
40303323
40303349
40304179
40305049
40305992
40306098
40306163
40307326
40307579
40309350
40310452
40310485
40311316
40312370
40312770
40312969
40312983
40313055
40313243
40313264
40313314
40313434
40313763
40313865
40314867
40314973
40315960
40316746
40317362
40318008
40318797
40319068
40319462
40319984
40321214
40321217
40321617
40321618
40321619
40321723
40321803
40321805
40322545
40322547
40322721
40323360
40324379
40325182
40325336
40325855
40325882
40326623
40326876
40327456
40328081
40328141
40329812
40330563
40330833
40331046
40331985
40332008
40332328
40332381
40333714
40333895
40334503
40334510
40334815
40335506
40336841
40337276
40337874
40338274
40338381
40339287
40339490
40339498
40339578
40340965
40341184
40341226
40341932
40342448
40342640
40342826
40343352
40343558
40343958
40345007
40345262
40345475
40345526
40345646
40346033
40346039
40346283
40346361
40346362
40346572
40347032
40347051
40348030
40348093
40348204
40349619
40349739
40350610
40351039
40351829
40351831
40351832
40351834
40351835
40351836
40351837
40353177
40353316
40353374
40353463
40353925
40353946
40354908
40355207
40355275
40355925
40357748
40357776
40358199
40358200
40358745
40358805
40359223
40359342
40360533
40361321
40361384
40361461
40361521
40362194
40362216
40362343
40362575
40362634
40365286
40365337
40366390
40366422
40366817
40368035
40368974
40369318
40370453
40370575
40371021
40371151
40372412
40372477
40372980
40373963
40373989
40374596
40374599
40374673
40375039
40375334
40375702
40376435
40376679
40376683
40377008
40377260
40377745
40377747
40377974
40378061
40378099
40378113
40378478
40378957
40379097
40379630
40380049
40380391
40381621
40382400
40382536
40382795
40383117
40383262
40383349
40384646
40384650
40385986
40386422
40386781
40386896
40386998
40387952
40388014
40388366
40388884
40388909
40389124
40389195
40389618
40389678
40389778
40389875
40391080
40391963
40391996
40392361
40392422
40392454
40392563
40393097
40393126
40393375
40393461
40394049
40394233
40394797
40395101
40395266
40395761
40396025
40396464
40397319
40397474
40398060
40398706
40399259
40399430
40399681
40399861
40399992
40400263
40401344
40401712
40402198
40402199
40403475
40403724
40404625
40404658
40404745
40404756
40404987
40405165
40405188
40405247
40406256
40406272
40406550
40406701
40407859
40408405
40408475
40408499
40408544
40408581
40408876
40409370
40410530
40410639
40411552
40412223
40413344
40413506
40413748
40414994
40415095
40415330
40416175
40416199
40416520
40417224
40417244
40417325
40417366
40418284
40418514
40419087
40419107
40419180
40419791
40419818
40420762
40421391
40421499
40422204
40422215
40422249
40422257
40422825
40422872
40423938
40424361
40424600
40425623
40425833
40426254
40426599
40426634
40426873
40427005
40427130
40427146
40427189
40427210
40427525
40427551
40427760
40428285
40428295
40428395
40429634
40429688
40429698
40429753
40429865
40429889
40429897
40430107
40430146
40430278
40430429
40430491
40430557
40430842
40430927
40430928
40432273
40432761
40434050
40434478
40434520
40434539
40435375
40436261
40436711
40436761
40436899
40436928
40436961
40438576
40438577
40438725
40438875
40439120
40439254
40439869
40440961
40440993
40441185
40441227
40441232
40441238
40441593
40442367
40442785
40442950
40443040
40443227
40443668
40444037
40444102
40445190
40445445
40446461
40446499
40446591
40447192
40447856
40449036
40450089
40450300
40450974
40451443
40451950
40452838
40452916
40453368
40453753
40455099
40455242
40456830
40457483
40457844
40458457
40458828
40459502
40459512
40459950
40460258
40460537
40460949
40461634
40461940
40462066
40462164
40462892
40462910
40463140
40463280
40463649
40463651
40466642
40466841
40466899
40467542
40467571
40468682
40469110
40469416
40470218
40470222
40470784
40471367
40471422
40472740
40473100
40473546
40473591
40473799
40474210
40475019
40475235
40475422
40475555
40475562
40475625
40476323
40478478
40478497
40478501
40480023
40480252
40480322
40480545
40480720
40480985
40481735
40482021
40482909
40482922
40483536
40484043
40484048
40484999
40485794
40486495
40487555
40487574
40487575
40487576
40487863
40488690
40489066
40489094
40489242
40489664
40489718
40490040
40490203
40490234
40490349
40490655
40491677
40492418
40493991
40494626
40495024
40495036
40495160
40495423
40495467
40495489
40495887
40496605
40496929
40497020
40497637
40497800
40497947
40497976
40498028
40498413
40499303
40499543
40500284
40500344
40500345
40501987
40502133
40502360
40502852
40502960
40503055
40504311
40504312
40504854
40504869
40505659
40505929
40507237
40507280
40507320
40507329
40507360
40507361
40507568
40507925
40508087
40508119
40509165
40509812
40510836
40512178
40512339
40512569
40512746
40514071
40514380
40514601
40514716
40514723
40514725
40516177
40516598
40516870
40516904
40517137
40517297
40517318
40517595
40518441
40518621
40518661
40518693
40519301
40520013
40520576
40521626
40522350
40522528
40522539
40522559
40523460
40524591
40524972
40525422
40526245
40527011
40527221
40527452
40527506
40527512
40527733
40527773
40527884
40527978
40528055
40528226
40528440
40528798
40529064
40529988
40530155
40530702
40531247
40531702
40531966
40532285
40532489
40532633
40532659
40533370
40533501
40533749
40534638
40535103
40535121
40535548
40535571
40536340
40536766
40537770
40538620
40538764
40539386
40539476
40539986
40540001
40540702
40541120
40541171
40541548
40542584
40542873
40542937
40542948
40543285
40544161
40544265
40544306
40544320
40544321
40544748
40544936
40544973
40545428
40546082
40546517
40546878
40548384
40548474
40549119
40550385
40550563
40552115
40552902
40553277
40553278
40553281
40553287
40553289
40553290
40553292
40553392
40553401
40553979
40554196
40555086
40556034
40556129
40557537
40558513
40559213
40560010
40560330
40560367
40562937
40563038
40563410
40563548
40563622
40563634
40563685
40563728
40563748
40563757
40563796
40563807
40564017
40564022
40564171
40564198
40564997
40565018
40565099
40565152
40565174
40565303
40565328
40565338
40566845
40566980
40568682
40568841
40569145
40569369
40569470
40570655
40570675
40571204
40571889
40571900
40572374
40572449
40573166
40573192
40573304
40573327
40573993
40574001
40574017
40574022
40574045
40574083
40574406
40575409
40575412
40575417
40575419
40576809
40576825
40577031
40577371
40577505
40578231
40578285
40578367
40578479
40578938
40578941
40578949
40578958
40579859
40579995
40580109
40580238
40580577
40581214
40581605
40581639
40581663
40581884
40582600
40582634
40583763
40583858
40584421
40584432
40584778
40585761
40585979
40585996
40586873
40587590
40590381
40591208
40591209
40591434
40591997
40592112
40592114
40592389
40592540
40592763
40593136
40593490
40594722
40595024
40595067
40595248
40595269
40595852
40596133
40596200
40596220
40596223
40596920
40596990
40597008
40597255
40597613
40597639
40597861
40597933
40598282
40598496
40598620
40598730
40598857
40601779
40601862
40601901
40602218
40602224
40603567
40604039
40604149
40604768
40604820
40605162
40605506
40605989
40606841
40607424
40607714
40608104
40610391
40610434
40610529
40610845
40611286
40611337
40611519
40611877
40612291
40612823
40612888
40612954
40613992
40614264
40614277
40614878
40615713
40616096
40617061
40617179
40617515
40617889
40617935
40618309
40619390
40619654
40619660
40619781
40620486
40620883
40621283
40621473
40621795
40622301
40622395
40623087
40623326
40623330
40623432
40623963
40624304
40625198
40626039
40626360
40626539
40626906
40627192
40627673
40628152
40628361
40628732
40629197
40629415
40629688
40630533
40630670
40630708
40630800
40630954
40631213
40632445
40632498
40632514
40632976
40633304
40633772
40634830
40635001
40635159
40635263
40635668
40635706
40635867
40635989
40637827
40637941
40638267
40638988
40639044
40639082
40640144
40640872
40640878
40641106
40641926
40642066
40642071
40642292
40644579
40644717
40644725
40646361
40646591
40647306
40647449
40647477
40649257
40649712
40649791
40649831
40649899
40649908
40649929
40649933
40649978
40649997
40650170
40650242
40650289
40650675
40651003
40651122
40651458
40651601
40651614
40651674
40651751
40651752
40653109
40653575
40653819
40654157
40654179
40654777
40654782
40654798
40654841
40654923
40655611
40656497
40656499
40656950
40657395
40657483
40658067
40658079
40658448
40658861
40658996
40659167
40659725
40659958
40660102
40660875
40661039
40661076
40661379
40661420
40661457
40662247
40662603
40662636
40663309
40663973
40664933
40665223
40665659
40666357
40667033
40667050
40667295
40667743
40668315
40668464
40668694
40669750
40670812
40671030
40671039
40672156
40672190
40672268
40672684
40672757
40673245
40673645
40674254
40675056
40675300
40675430
40675685
40675686
40675687
40675856
40675930
40676060
40676315
40676327
40676394
40676955
40677008
40678087
40678204
40678238
40678580
40678806
40678831
40679044
40679944
40680306
40680556
40681427
40681970
40682424
40682742
40682750
40682846
40683881
40684232
40684395
40684454
40684834
40684966
40685270
40685656
40685688
40686387
40686478
40686741
40687016
40687418
40687874
40688500
40688657
40689017
40690143
40690183
40690185
40690188
40690402
40690793
40691398
40691884
40692150
40692865
40693506
40694015
40694237
40694540
40695147
40696259
40696267
40696545
40697447
40698019
40698061
40698127
40698543
40698688
40699178
40699374
40699477
40699793
40700096
40700452
40701313
40701521
40701845
40702569
40703427
40703750
40703800
40703803
40703804
40703809
40704017
40704301
40704405
40704606
40705144
40705198
40705602
40705827
40706785
40706933
40707448
40707855
40708059
40709015
40709844
40710253
40710366
40710493
40711371
40711862
40712058
40712164
40712413
40712765
40713501
40713567
40713657
40714318
40715522
40716251
40716634
40716652
40716735
40717568
40717587
40717958
40719015
40719684
40719865
40720076
40720084
40720443
40720688
40721370
40721410
40721593
40722155
40722305
40722531
40722659
40722784
40722849
40723205
40723232
40723296
40724598
40724825
40724848
40725021
40725030
40725039
40725122
40725140
40725230
40725231
40725410
40726154
40726159
40726429
40726476
40727443
40728696
40728999
40729189
40729828
40729867
40730061
40730593
40730890
40732256
40732275
40732344
40733024
40733145
40733174
40733244
40733274
40735070
40735274
40735748
40737447
40738305
40738400
40739132
40739136
40739201
40739313
40739397
40740619
40740778
40740857
40741283
40742500
40743902
40744020
40744179
40745143
40745508
40746158
40746549
40746558
40746950
40749228
40749232
40749242
40749669
40750765
40751868
40751888
40752706
40753518
40753907
40754522
40754564
40754827
40755153
40755335
40756273
40756352
40756669
40757003
40759029
40759475
40759869
40760154
40760641
40760734
40760744
40760788
40761791
40761875
40763423
40763665
40764945
40765028
40765986
40766339
40766388
40766425
40766453
40766683
40767982
40768078
40768092
40768212
40768543
40770117
40770193
40770332
40770790
40771723
40772310
40772404
40772980
40773050
40773107
40773116
40773129
40773517
40773766
40773909
40774998
40774999
40775041
40775467
40775789
40777122
40777251
40777395
40778296
40778355
40778987
40779068
40779097
40779131
40779623
40779733
40779907
40780540
40781177
40781221
40781854
40781861
40782352
40782435
40783532
40784021
40784815
40785950
40786312
40786912
40787345
40787444
40787449
40787566
40788294
40788347
40788564
40788565
40789259
40789864
40789893
40791509
40791775
40792288
40793958
40794131
40794247
40794377
40794464
40795620
40795887
40796015
40796061
40796110
40796737
40799299
40799612
40799619
40800123
40800581
40800943
40801642
40802280
40802352
40802746
40802965
40804012
40804284
40804410
40804738
40804775
40804801
40805247
40805274
40806477
40806492
40806540
40806554
40806752
40806780
40807266
40807411
40807481
40808295
40808304
40808496
40808603
40809025
40809457
40809516
40810169
40810678
40813335
40813374
40813603
40813655
40813676
40813896
40813983
40813987
40814001
40814422
40814424
40814434
40815328
40816104
40817138
40817418
40818317
40818458
40818721
40818831
40819143
40819176
40819264
40819712
40821118
40821395
40821779
40821809
40822033
40822088
40826003
40826173
40826424
40826752
40827022
40827907
40829425
40829591
40830733
40830757
40832225
40832718
40833458
40833465
40834586
40834855
40834945
40835542
40835572
40835683
40835840
40835914
40836081
40836187
40837320
40837322
40838055
40838609
40838979
40839241
40839955
40840813
40841161
40841907
40841988
40842154
40842361
40842640
40842642
40842643
40842692
40842748
40842996
40843352
40843381
40843669
40844085
40844759
40845807
40846147
40846148
40846676
40847080
40847231
40847460
40848317
40848446
40848858
40850359
40850444
40850592
40850977
40851283
40852129
40852293
40852475
40852729
40853153
40854380
40854390
40854419
40854506
40854824
40855015
40855052
40855299
40855403
40855487
40856631
40857034
40857405
40858062
40858066
40858533
40858716
40859405
40859957
40860133
40860521
40860814
40861539
40861724
40862481
40862494
40862737
40862792
40862818
40863150
40864821
40865153
40865370
40865736
40866645
40866807
40867165
40867175
40867215
40867240
40867242
40867289
40867299
40867316
40867324
40867329
40867331
40867621
40867623
40868049
40868137
40868217
40868292
40869124
40869207
40869269
40869298
40869909
40870507
40870991
40871047
40871052
40871091
40871098
40872566
40873341
40873391
40874450
40874730
40874786
40875295
40875628
40876787
40877007
40877306
40877486
40878339
40878442
40878610
40879594
40881872
40881875
40881882
40881968
40881990
40882636
40882876
40883024
40883857
40884007
40885170
40885452
40885689
40885881
40886022
40886561
40887057
40887297
40887493
40887547
40888418
40888617
40889189
40889210
40889397
40889460
40890233
40890604
40891350
40892158
40892541
40892912
40893155
40893371
40893995
40894022
40894044
40894137
40894718
40895574
40895575
40896358
40896363
40896578
40896979
40898061
40898284
40898306
40898342
40898767
40899167
40899408
40899415
40899754
40900233
40901145
40901320
40901714
40902543
40903374
40903538
40903569
40903775
40904172
40904226
40905579
40905845
40906610
40906986
40907471
40907925
40909039
40909671
40909807
40909883
40910234
40910700
40911414
40912371
40912739
40912899
40913172
40913484
40913548
40913572
40913573
40914037
40914078
40914135
40914167
40914463
40914636
40915474
40915515
40915661
40915919
40916123
40916590
40916832
40917066
40917679
40917884
40918504
40919708
40919729
40920091
40920279
40921096
40921291
40921301
40922752
40923320
40924322
40924324
40924326
40924328
40924542
40925125
40925600
40926175
40926316
40927034
40927315
40927524
40927671
40927676
40930029
40930065
40931220
40932005
40932200
40932639
40933031
40933032
40933033
40933034
40933036
40933038
40933608
40933894
40935208
40936365
40937376
40938017
40938054
40938189
40938661
40939498
40939916
40940790
40940871
40940872
40940913
40940995
40941735
40942013
40943224
40943278
40943285
40943631
40943648
40943664
40943762
40944840
40944860
40945116
40945534
40945729
40946163
40946315
40946999
40947631
40947700
40947713
40948290
40948474
40948771
40949273
40949715
40950262
40951694
40951702
40953263
40954539
40955371
40955425
40956428
40956552
40956832
40957091
40957303
40958704
40958871
40958887
40959833
40960500
40960516
40960709
40960773
40961824
40962204
40962504
40963055
40963691
40963713
40963732
40964361
40965154
40965813
40966317
40966452
40967382
40967435
40968014
40968499
40968891
40969276
40970355
40970696
40971079
40971171
40971175
40971724
40971821
40971867
40972572
40972861
40973061
40973065
40973166
40973484
40974418
40974571
40974912
40976575
40976930
40977288
40977556
40978027
40978294
40978486
40978866
40980441
40980444
40980447
40980448
40980449
40980450
40981380
40982061
40982109
40982134
40982167
40983311
40983628
40983859
40985638
40985879
40985888
40986208
40986554
40987273
40987376
40990506
40990975
40991008
40991020
40991197
40991528
40991701
40991850
40993281
40993804
40993831
40993928
40994189
40994426
40994524
40995359
40995605
40995784
40996007
40996682
40996683
40996961
40997819
40998516
40998915
40999453
40999469
40999491
40999616
40999982
41000272
41000723
41000782
41000845
41000852
41000911
41000938
41001028
41001759
41002392
41002413
41002423
41003104
41003641
41003719
41003809
41003828
41003874
41003913
41003947
41004340
41004517
41005235
41005250
41006021
41006500
41007224
41007296
41007396
41007699
41007735
41007824
41007844
41008508
41008764
41008823
41008843
41008904
41009025
41009329
41009470
41009560
41009654
41010757
41011214
41012454
41012469
41012498
41012508
41012512
41012707
41013339
41013700
41014558
41014766
41014798
41014957
41015934
41016009
41016335
41017284
41018072
41018092
41019589
41019666
41019994
41020022
41020346
41020875
41020942
41021151
41022761
41022881
41023045
41023048
41023051
41023116
41023983
41024622
41024832
41025501
41026211
41026238
41026376
41026417
41026810
41027069
41027453
41028248
41028266
41028656
41028719
41028837
41028953
41029387
41029737
41030184
41030289
41030406
41030524
41031006
41031155
41031372
41032069
41032747
41033055
41033612
41033664
41034696
41034744
41034994
41035187
41035663
41037141
41037206
41037862
41037942
41038024
41038302
41038386
41038495
41039275
41039818
41040345
41040398
41040426
41040517
41040678
41040724
41041071
41041265
41041559
41041581
41042278
41042283
41042696
41042815
41043542
41043589
41043616
41044136
41044194
41044343
41044469
41044660
41045405
41045971
41045986
41046262
41047040
41047480
41047764
41048348
41049001
41049393
41049425
41049440
41049728
41049838
41050773
41050932
41051453
41051649
41051890
41052474
41052565
41052584
41053069
41053176
41053731
41053906
41054218
41054223
41054532
41054926
41055967
41056688
41056902
41057143
41057317
41057350
41057875
41057998
41058440
41058459
41059293
41059755
41061046
41061048
41061165
41061166
41061957
41062177
41062734
41062811
41063230
41063443
41063993
41064034
41064076
41064526
41065276
41066007
41066027
41066028
41066183
41067356
41067390
41068089
41068978
41069278
41070610
41070788
41070828
41070924
41071052
41071178
41071456
41072330
41073811
41074567
41074600
41074869
41074968
41075142
41075167
41077509
41078258
41078361
41078402
41078573
41078868
41078912
41078957
41078974
41079104
41079359
41080190
41080191
41080200
41080208
41080536
41080679
41080735
41081453
41081517
41082580
41083040
41083063
41084153
41085043
41085137
41085542
41085781
41085838
41085866
41086050
41086113
41086187
41087491
41088158
41088217
41088964
41089049
41089342
41089515
41089524
41089725
41090342
41090756
41090768
41090780
41091233
41091880
41092086
41092490
41092939
41094028
41094188
41094227
41094345
41095858
41096603
41096621
41096631
41096677
41096686
41096903
41096957
41097037
41097707
41097725
41097797
41097804
41098563
41098573
41098862
41099355
41099361
41099442
41099461
41099749
41099968
41099970
41100064
41101043
41101204
41101241
41102004
41102253
41102268
41102330
41102523
41103582
41104039
41104057
41104969
41106592
41106759
41107785
41108277
41108325
41108330
41108331
41108953
41109068
41109657
41110599
41111476
41112399
41113033
41113968
41114241
41114777
41114862
41114868
41115829
41116065
41116650
41116792
41116956
41117892
41118034
41118116
41120287
41120507
41121066
41121148
41121224
41121898
41122320
41122486
41122594
41122673
41122674
41123669
41123743
41123796
41123804
41123927
41124053
41125076
41125082
41125665
41125791
41125869
41126110
41127008
41127740
41128328
41128517
41128604
41128750
41128901
41128938
41130168
41130212
41131434
41132110
41132728
41132818
41132857
41132899
41133067
41133408
41133515
41134378
41134417
41134453
41134498
41135637
41135867
41136327
41136557
41136649
41136682
41137658
41137668
41137875
41138047
41138784
41139142
41139700
41139792
41139813
41140076
41140169
41140994
41141394
41141395
41143561
41144061
41144062
41144065
41144088
41144130
41145013
41145040
41145413
41145548
41145734
41146055
41146060
41146171
41146428
41147019
41147231
41148828
41148834
41149459
41149461
41149650
41150755
41151835
41151883
41151912
41153666
41153758
41153830
41154124
41154521
41154699
41154707
41154863
41155192
41155216
41155273
41155285
41155331
41155526
41155648
41155666
41155690
41155847
41155912
41155935
41155988
41157717
41157899
41158141
41158756
41159031
41159923
41160270
41160498
41160998
41161089
41161093
41161436
41161534
41162525
41163198
41163652
41163729
41163986
41164132
41164269
41165277
41165398
41166756
41167336
41167520
41168197
41168559
41168858
41169667
41169947
41170123
41170309
41172346
41173946
41174109
41174475
41174767
41174836
41175739
41176315
41176669
41176740
41176799
41176824
41177064
41177074
41177122
41177142
41179166
41179304
41179677
41179686
41179878
41180641
41180763
41181137
41181383
41181988
41182498
41183206
41184309
41185057
41185538
41186030
41186073
41186719
41186720
41186824
41187481
41187575
41187830
41187836
41188009
41188258
41188760
41189809
41190345
41190352
41191157
41191192
41191203
41191383
41191415
41191786
41192685
41193181
41193423
41193742
41194660
41195555
41195773
41195893
41196063
41196089
41196398
41196676
41196722
41197268
41197437
41198076
41198544
41198624
41198755
41198778
41199254
41200151
41201287
41201564
41201638
41201675
41201961
41202302
41202895
41205001
41205008
41205730
41205732
41206560
41206587
41206763
41207064
41208268
41208963
41208987
41209258
41209342
41209565
41209573
41210079
41210309
41210942
41211508
41212159
41212279
41212301
41212363
41212389
41212520
41213464
41213466
41213799
41214713
41215508
41216330
41216335
41217060
41217736
41217933
41218126
41218423
41218468
41218700
41218813
41218814
41218815
41219266
41219476
41219608
41220803
41221443
41221503
41221633
41222641
41222834
41225557
41226232
41226485
41226697
41226720
41226744
41226760
41226912
41227348
41228211
41228217
41228258
41228279
41228338
41228352
41229310
41229419
41230163
41231102
41231245
41231323
41232446
41232838
41233403
41233797
41233880
41233931
41233976
41234540
41234853
41235227
41235529
41236848
41237367
41238472
41238775
41239115
41239669
41240070
41240429
41240680
41241013
41241039
41241695
41241854
41241939
41242564
41242852
41243726
41244095
41244413
41244757
41245487
41247419
41247425
41247617
41248058
41248393
41248561
41248831
41249152
41249587
41250145
41251098
41252403
41252671
41253172
41253512
41254290
41254426
41254843
41255414
41255806
41255833
41256339
41257003
41257022
41257492
41257815
41258619
41259185
41259969
41261239
41261811
41262583
41263039
41263675
41264048
41264120
41264121
41264127
41265251
41265784
41266088
41266376
41266712
41266763
41267067
41267124
41267343
41267386
41267793
41267988
41268269
41268334
41268596
41270054
41270238
41270754
41270975
41271093
41271669
41273009
41273656
41273888
41274253
41274606
41274646
41275140
41275291
41275336
41275376
41275662
41275921
41276162
41276810
41277009
41277375
41277808
41278069
41278636
41278671
41278673
41278684
41278944
41279023
41279270
41279453
41279756
41279885
41279918
41279922
41280688
41280742
41280875
41280918
41281168
41281763
41281928
41282050
41282088
41282203
41282244
41283077
41283685
41283930
41284174
41284210
41284502
41284504
41284554
41284925
41285884
41286675
41288119
41288512
41288593
41288884
41288972
41289012
41289911
41290395
41291211
41291342
41292185
41292630
41292792
41293133
41293678
41294531
41294661
41294712
41294817
41295120
41295554
41296143
41296151
41297426
41297453
41297921
41298608
41298968
41299707
41300282
41300529
41300960
41300971
41301079
41301542
41301687
41301694
41301734
41301809
41301904
41304439
41304812
41304872
41304951
41304968
41305016
41306575
41307343
41307600
41307720
41307742
41307758
41308410
41308439
41308484
41308546
41308679
41308767
41308924
41308994
41310046
41310177
41310241
41310468
41310646
41310846
41310975
41311438
41311939
41313155
41313404
41313494
41313526
41313571
41313583
41314172
41314582
41315396
41315434
41315505
41315804
41316075
41316197
41316429
41316439
41316543
41316810
41316829
41317174
41317193
41317203
41317711
41317918
41318105
41318472
41319581
41319703
41319961
41320124
41320159
41320273
41320862
41321709
41322196
41322297
41322715
41323781
41323785
41324079
41324558
41324588
41324595
41324890
41324905
41325557
41325560
41325798
41325865
41326230
41326876
41326907
41328764
41330373
41330449
41331048
41331117
41331401
41331425
41331558
41331572
41331644
41331688
41332567
41332854
41334733
41334811
41335801
41335936
41337398
41337837
41338458
41338673
41338872
41339296
41339333
41339360
41339945
41340010
41340188
41341177
41341468
41341594
41342084
41342138
41343123
41343608
41343804
41343972
41344399
41344596
41344852
41345097
41345585
41345607
41345806
41345954
41346280
41346323
41346390
41346768
41347088
41347155
41347826
41348984
41349199
41350241
41350483
41351338
41351369
41351403
41352218
41352482
41352788
41353343
41353504
41354641
41354801
41354838
41355159
41355614
41356860
41357674
41360227
41360286
41360502
41360770
41361218
41361440
41361767
41362698
41362770
41364525
41365085
41365472
41365865
41365876
41366031
41366148
41366964
41367751
41368710
41368899
41369195
41370882
41370995
41371318
41371337
41372668
41372729
41372982
41373435
41373452
41373575
41373591
41373835
41374950
41374965
41374974
41374979
41375052
41376385
41377366
41377462
41378027
41378084
41378253
41378293
41378763
41379138
41379161
41379280
41379296
41379317
41379520
41380386
41380901
41380902
41381783
41381890
41381983
41383152
41383279
41384027
41384066
41384388
41384860
41385178
41385182
41386106
41386224
41386501
41386671
41387379
41387642
41387767
41387951
41388541
41388686
41388939
41389249
41389411
41389577
41390433
41390476
41390674
41390755
41390851
41391030
41391363
41391380
41391527
41391715
41392228
41392531
41394271
41394801
41395274
41395278
41395575
41395593
41395596
41396160
41396538
41397909
41397959
41397978
41399410
41399659
41399696
41400018
41400763
41401062
41401699
41402297
41402363
41402400
41403658
41403699
41403931
41404060
41406800
41406909
41406941
41407399
41407922
41407973
41407985
41408025
41409847
41409869
41411189
41411810
41412517
41412743
41413041
41414954
41415653
41416380
41416735
41419455
41419861
41420091
41420680
41420790
41420918
41421082
41421208
41421760
41422096
41422211
41422387
41423020
41423517
41423530
41423669
41424581
41424865
41425247
41425707
41425708
41426972
41427359
41429128
41429715
41429717
41429737
41429738
41429922
41430029
41430173
41430602
41430617
41432822
41432958
41433099
41436123
41436436
41436600
41436803
41437644
41438424
41438586
41438689
41438814
41439468
41439963
41441201
41441949
41443347
41443351
41443437
41443573
41444392
41444829
41445746
41445790
41446113
41446201
41446567
41447003
41448554
41449405
41449467
41450869
41450919
41451392
41451885
41452357
41452825
41453255
41454130
41454694
41455134
41455591
41456362
41456377
41456753
41457830
41458749
41458919
41458923
41458926
41458927
41458936
41460368
41460384
41460424
41462989
41463052
41463095
41463154
41463156
41463192
41463198
41463231
41463341
41465256
41465295
41465586
41465587
41466163
41467122
41468107
41468121
41468686
41469155
41469350
41469374
41469702
41470234
41471054
41471109
41471126
41471245
41471318
41471326
41471380
41471777
41472359
41473376
41473403
41473440
41473634
41473740
41473744
41473750
41473752
41473753
41474008
41474058
41474743
41475071
41475072
41475075
41475298
41475668
41476110
41476170
41476211
41476462
41476593
41476598
41476950
41478499
41478769
41478995
41479088
41479886
41480640
41480765
41481451
41482238
41483059
41483088
41483269
41483361
41483635
41483811
41483837
41484169
41484472
41484559
41484630
41485080
41485099
41485288
41485715
41486508
41486539
41487255
41487434
41487511
41487565
41489129
41489232
41489302
41489348
41489695
41490915
41490939
41491047
41491254
41491296
41491449
41491845
41492105
41492344
41492781
41493149
41495049
41495087
41495200
41495348
41495434
41495437
41496272
41496341
41496551
41496849
41496905
41496916
41497140
41497188
41497305
41497448
41497449
41497450
41497452
41497453
41497799
41498024
41498042
41498242
41499453
41499494
41501023
41501087
41501880
41502293
41502392
41502518
41502522
41502953
41503214
41503554
41504001
41504090
41504931
41505038
41505256
41505979
41506381
41506415
41506800
41507133
41507172
41507178
41507535
41507561
41508055
41508940
41509117
41510091
41510149
41510159
41510246
41510293
41510300
41510612
41510858
41511337
41511341
41511573
41513607
41513621
41513764
41513853
41514523
41514549
41514565
41514575
41514653
41514685
41514850
41515435
41515463
41515468
41515632
41515934
41515958
41515979
41516199
41516249
41516252
41516291
41516317
41516347
41517303
41517810
41518046
41518947
41519428
41520070
41520142
41520155
41521070
41521630
41521647
41521668
41522045
41522383
41522393
41522606
41523251
41523255
41523357
41523441
41523502
41524083
41524915
41525237
41525854
41526249
41527280
41529664
41529716
41530365
41530870
41531107
41531794
41532826
41533017
41533044
41533230
41533333
41534569
41534816
41534827
41535509
41535701
41536064
41536151
41536455
41537177
41539389
41539863
41540229
41540320
41540445
41541699
41541893
41542034
41542035
41542454
41542466
41542471
41542495
41542636
41542939
41543195
41543452
41543596
41543687
41543935
41544256
41545301
41546027
41546074
41547377
41547413
41547417
41547829
41548362
41548537
41548874
41550484
41550507
41550632
41551154
41551720
41551865
41552322
41552549
41553012
41553075
41553435
41553494
41553596
41553742
41554613
41556041
41556071
41557750
41558617
41558658
41559043
41559982
41560805
41560814
41561466
41561527
41561543
41561740
41561758
41562250
41562930
41563605
41564507
41564514
41564694
41565770
41566037
41566316
41566763
41567708
41567927
41568175
41568176
41568471
41568500
41569525
41569683
41569684
41569728
41569770
41570265
41570320
41570727
41570802
41570970
41571209
41572439
41572794
41573377
41573631
41573648
41573658
41573875
41573886
41573902
41574218
41574754
41574825
41575548
41575610
41576132
41576167
41576667
41577209
41577723
41577992
41577996
41578499
41579171
41580174
41580503
41580610
41581144
41581738
41581866
41582354
41582518
41583467
41583922
41584077
41584353
41584614
41584996
41585487
41585910
41586831
41588590
41588969
41589214
41589276
41589302
41589891
41590297
41590302
41590328
41590339
41590784
41591460
41591468
41591525
41591628
41591765
41591814
41592739
41594019
41594316
41594643
41594781
41594844
41595132
41595133
41595252
41595667
41595960
41596099
41596318
41596406
41596413
41596524
41596575
41596752
41597092
41597221
41597239
41597253
41597259
41597274
41597284
41598285
41599135
41599159
41599232
41599243
41599622
41599746
41599806
41601077
41601421
41602428
41604000
41604009
41604465
41604711
41604813
41605133
41605215
41605664
41605804
41606146
41607658
41607857
41608250
41608559
41608571
41608577
41608578
41608585
41609019
41609083
41609209
41609523
41609890
41610383
41611050
41612348
41612813
41612972
41613042
41613141
41613252
41613542
41613546
41613801
41613945
41614420
41614587
41614933
41615212
41616062
41616307
41617019
41617419
41617745
41617888
41618502
41619048
41619073
41619094
41619215
41619511
41619575
41619772
41619782
41620162
41620199
41620401
41620461
41620535
41621165
41621914
41622339
41622891
41623061
41624070
41624423
41624424
41624425
41624475
41624510
41625108
41626179
41626626
41626790
41628726
41628741
41629161
41629569
41631033
41631230
41631587
41632084
41632336
41632383
41632538
41632838
41632924
41632941
41634612
41636021
41636565
41636924
41637002
41638275
41638282
41638868
41639280
41639541
41640436
41640443
41640648
41641713
41642460
41642473
41642509
41643293
41643407
41643578
41643677
41643968
41644378
41644835
41644929
41645031
41645763
41646370
41646387
41646435
41646791
41647237
41648585
41648631
41649507
41649584
41649856
41650973
41650981
41651156
41651251
41651314
41651408
41651669
41652630
41652635
41653332
41653375
41654063
41654173
41654508
41654625
41654805
41655257
41655754
41655755
41655818
41655941
41656536
41656620
41657614
41657804
41657947
41658397
41659012
41659205
41659453
41659574
41660917
41660951
41661365
41661370
41661421
41661446
41661456
41663008
41663205
41663838
41664181
41664819
41664821
41664822
41664823
41664824
41665364
41665406
41665525
41665829
41666631
41667650
41669196
41669313
41670244
41671302
41671591
41673170
41673770
41674408
41674836
41674962
41675045
41676645
41676903
41677586
41677591
41677623
41677672
41677673
41677746
41677808
41677939
41677997
41678117
41679284
41679299
41679437
41679522
41679657
41680847
41681845
41681884
41681892
41681960
41681970
41682013
41682986
41683542
41683621
41683688
41683948
41683953
41683962
41684039
41684714
41685597
41686054
41686123
41686515
41686893
41687103
41687310
41687919
41688273
41688413
41688667
41688828
41689313
41689429
41689667
41689670
41689733
41689740
41691201
41691219
41691474
41691709
41691877
41692001
41692036
41692149
41692232
41692256
41692314
41692908
41693184
41693302
41693397
41693444
41694346
41694548
41694603
41695311
41695365
41695470
41695483
41695493
41696491
41696493
41697437
41697534
41697735
41697909
41698807
41699710
41699959
41701384
41702890
41703362
41703645
41703756
41704375
41704376
41704603
41705702
41705725
41706241
41707293
41707379
41707597
41707757
41707910
41708812
41709681
41709752
41710303
41710545
41710656
41712107
41712115
41712235
41713080
41713199
41713232
41713797
41714223
41714633
41716391
41716467
41716471
41716879
41716996
41717185
41718120
41718834
41719131
41720042
41720169
41721414
41721783
41721914
41721916
41722183
41722641
41722893
41723185
41723485
41723505
41724425
41726712
41726964
41727087
41727106
41727337
41727339
41727340
41727650
41727668
41729324
41729934
41729947
41730184
41730655
41731278
41731302
41732157
41732237
41732409
41733819
41733867
41734534
41735389
41735537
41735816
41736026
41736030
41736673
41737136
41737231
41737848
41738493
41738561
41739313
41740825
41740830
41741374
41741381
41741710
41742683
41743721
41744611
41744806
41745438
41745697
41745715
41746092
41747254
41747848
41747856
41747967
41747987
41748045
41749505
41749719
41749804
41749875
41749877
41749891
41749898
41749921
41749956
41750122
41750131
41750189
41750662
41751390
41751817
41751913
41752102
41752103
41752104
41752145
41752375
41752461
41752653
41752735
41752783
41752929
41752953
41753119
41754592
41754770
41754930
41754971
41754976
41756144
41756179
41756290
41756757
41756759
41756760
41756832
41756849
41757043
41758210
41758318
41758918
41759706
41759882
41760058
41760275
41760279
41760315
41760592
41762316
41762323
41762656
41762797
41763452
41764166
41764740
41764951
41765112
41765310
41765945
41766661
41766892
41767392
41767867
41768124
41769685
41769703
41770421
41770432
41770457
41770955
41771447
41771457
41772145
41772197
41772940
41773856
41774264
41776051
41776093
41777510
41777607
41778155
41778300
41778901
41780306
41780809
41781177
41781594
41781696
41781993
41782063
41782888
41782932
41783089
41783489
41783879
41783996
41784189
41784819
41784866
41786850
41786908
41787092
41787227
41787658
41787995
41788737
41788738
41788985
41789350
41789540
41789657
41789814
41790161
41790275
41791182
41791532
41792312
41792999
41793303
41793529
41793672
41794040
41794238
41794332
41794965
41795092
41795343
41795614
41796144
41796391
41796401
41796649
41797885
41798116
41798135
41799139
41799294
41800095
41801153
41801478
41801563
41801670
41802222
41802535
41803045
41803138
41803972
41804838
41805027
41806077
41806517
41807741
41807981
41807988
41808971
41809040
41809120
41809375
41809411
41810076
41810324
41810932
41810935
41810992
41811084
41811431
41811610
41811640
41811650
41811660
41812182
41812931
41813476
41813802
41814644
41815811
41817063
41817826
41817895
41818193
41818931
41820138
41820485
41820632
41820710
41820999
41821183
41821581
41821761
41821890
41823559
41824398
41825076
41825138
41825848
41826987
41827001
41827020
41827729
41827793
41827844
41827847
41827859
41828067
41828372
41828436
41828493
41828518
41828532
41828575
41828675
41828847
41828892
41830662
41831100
41831170
41831532
41831591
41831790
41832345
41832564
41832583
41833230
41835953
41836243
41836314
41836519
41836727
41837281
41837459
41837753
41838210
41838263
41838326
41838327
41838417
41838632
41838760
41839256
41839309
41839397
41839399
41839519
41840642
41840692
41841014
41841144
41842610
41842961
41843056
41843329
41843360
41843543
41843671
41843684
41844158
41844218
41844572
41844611
41844900
41846012
41846982
41847039
41847167
41847699
41849819
41850092
41850152
41850328
41850880
41851134
41851195
41851421
41853810
41854173
41854274
41854391
41855664
41856669
41856673
41857096
41857527
41857760
41859356
41861524
41861659
41861660
41861662
41861922
41861940
41862139
41863061
41863113
41863267
41863499
41863500
41863900
41864766
41866484
41866488
41866561
41867485
41867498
41868094
41868199
41869180
41869455
41869756
41870821
41871254
41871416
41871616
41871722
41872153
41872157
41872167
41872171
41872692
41873355
41874002
41874742
41874881
41876135
41876207
41876621
41876842
41877063
41877804
41878536
41878673
41878795
41880149
41880493
41880523
41880597
41880802
41881336
41881949
41881974
41882102
41882177
41882760
41883318
41883433
41883454
41883712
41883713
41884566
41885462
41886097
41886163
41886621
41886832
41887114
41887385
41887733
41888940
41889192
41889470
41889512
41889993
41890360
41890362
41890363
41890862
41892193
41892299
41892302
41892329
41892350
41892672
41892834
41892951
41893042
41893336
41893819
41895040
41895337
41896223
41896311
41896344
41896503
41897285
41898285
41898301
41898348
41898421
41898438
41898489
41898543
41898619
41898626
41898710
41899419
41899458
41899511
41899613
41900164
41900784
41900893
41900989
41901237
41901300
41902234
41903077
41903119
41903203
41903206
41903212
41903279
41903687
41904020
41904099
41904358
41904770
41905466
41906024
41908146
41908148
41908149
41908375
41908436
41909736
41910014
41910655
41910839
41911006
41912068
41912267
41912359
41912588
41913047
41913181
41913661
41913670
41913673
41914299
41914739
41915150
41915273
41915274
41915788
41915925
41916439
41916447
41916731
41916961
41917320
41918143
41918160
41918192
41918443
41918449
41918714
41919314
41919365
41919662
41919753
41920287
41920333
41921289
41921727
41922085
41922512
41922786
41923217
41923645
41924311
41924544
41924780
41924841
41925594
41925978
41926335
41926694
41926870
41926909
41927038
41927498
41927509
41928904
41928979
41929111
41929125
41929511
41929516
41929521
41930177
41930329
41930350
41930759
41931126
41931623
41932066
41932648
41933148
41933442
41933830
41934263
41934504
41934566
41936598
41936919
41936941
41937695
41938175
41939355
41939475
41939887
41941145
41941839
41941993
41942054
41942273
41942899
41942944
41943043
41943081
41943439
41943572
41943643
41944111
41944114
41944586
41944590
41944918
41945218
41945366
41945801
41946147
41946301
41946516
41947894
41948274
41948345
41950268
41950303
41951078
41951573
41951744
41951859
41951950
41952254
41952308
41952678
41952690
41952712
41952719
41953006
41953752
41954081
41954087
41955189
41955811
41955837
41955864
41955968
41956129
41956989
41957020
41957222
41957358
41957483
41957561
41957941
41958080
41958918
41959130
41959339
41959666
41959823
41960423
41961113
41961312
41962162
41962311
41962357
41963569
41963773
41964934
41965058
41965349
41966493
41966662
41966687
41967385
41967427
41967549
41968240
41968482
41968545
41968548
41968611
41968695
41968873
41969376
41969428
41969429
41969430
41969433
41969454
41969489
41969515
41969610
41970281
41970566
41970573
41970954
41971164
41971421
41972480
41972666
41972682
41972703
41972763
41973041
41973277
41973310
41973350
41973607
41974019
41974212
41974668
41975220
41975768
41975805
41976146
41976276
41976348
41976383
41976404
41977007
41977441
41978102
41978286
41978543
41978797
41979168
41979920
41980234
41980681
41980725
41981102
41981351
41981366
41981510
41981754
41982148
41982811
41983238
41983502
41983511
41984136
41984189
41984929
41985166
41985449
41986303
41986321
41986797
41987196
41987482
41988123
41988189
41988673
41991797
41992007
41992123
41992409
41992448
41992815
41992982
41993313
41993461
41993583
41993610
41993630
41993637
41993780
41994101
41994142
41994645
41994657
41994945
41995718
41996576
41996937
41997284
41997291
41998834
41999246
41999525
41999751
41999901
42000067
42000417
42000767
42001191
42001422
42002087
42002542
42002825
42002922
42003061
42003190
42003504
42003977
42004375
42004686
42004970
42005556
42005833
42006727
42007117
42007489
42008052
42008565
42009312
42009314
42009673
42009969
42010065
42010121
42010935
42010946
42011109
42011289
42011292
42011371
42011505
42011846
42012534
42012794
42013723
42013925
42014603
42014887
42015369
42015454
42015465
42015796
42016323
42016861
42017312
42017406
42017986
42018124
42019175
42020378
42020844
42020859
42021306
42021829
42021873
42023082
42023635
42024922
42025018
42025656
42025812
42025901
42026049
42026142
42026323
42026354
42028236
42029934
42030279
42030290
42030475
42030559
42030938
42031225
42031254
42031691
42031779
42031914
42031981
42032037
42032180
42032215
42032362
42032381
42032681
42032979
42033056
42033514
42033515
42033519
42034143
42035162
42035170
42035252
42035369
42035563
42035940
42036470
42037836
42038404
42038933
42039141
42039201
42039205
42040257
42040926
42041528
42041701
42041707
42041713
42041755
42041758
42041891
42042612
42042927
42043360
42043503
42043583
42043781
42043964
42045324
42045591
42046195
42046521
42046737
42046770
42046772
42047723
42047952
42047997
42048772
42049397
42050238
42050553
42050865
42051074
42052852
42053063
42053415
42053926
42054424
42054874
42055150
42056361
42056558
42056612
42057694
42058124
42058212
42058763
42058764
42058998
42059202
42059232
42060886
42061113
42061115
42061147
42061408
42062601
42062652
42063073
42063272
42063475
42065047
42065628
42065636
42065912
42066836
42068033
42068336
42069201
42069325
42069577
42070058
42070479
42071826
42072147
42072357
42073544
42073546
42073563
42073593
42073603
42073616
42073621
42074135
42074309
42074335
42075792
42075887
42076072
42076087
42076090
42076121
42076135
42076150
42076879
42077101
42078261
42079022
42079023
42079380
42079621
42079631
42079760
42080071
42080225
42080969
42081255
42081264
42081981
42082313
42083511
42083533
42083734
42083788
42083954
42083998
42084057
42084423
42084822
42084925
42086864
42087207
42087567
42087893
42088211
42088219
42088429
42088537
42088619
42088775
42089023
42089041
42089469
42089528
42089903
42089920
42090721
42090780
42090874
42091177
42091446
42092136
42092360
42092681
42092963
42093737
42093838
42093921
42094336
42095623
42095635
42095926
42096629
42096730
42096787
42097225
42097495
42097848
42098251
42098409
42098527
42099548
42100151
42100168
42100389
42100415
42100428
42101535
42101546
42101774
42102401
42102587
42103033
42103131
42103227
42104024
42104151
42104273
42104546
42104587
42105040
42105122
42105355
42105722
42105813
42106410
42107557
42108589
42109220
42109224
42109665
42109835
42110474
42110475
42110542
42111020
42111027
42111034
42111041
42111479
42112375
42112495
42113227
42114017
42114299
42114378
42115563
42115670
42116089
42116568
42116763
42116877
42118523
42118601
42119240
42119261
42119662
42120300
42120351
42120472
42120910
42120978
42121145
42121269
42121271
42121884
42121885
42121941
42121946
42121988
42122105
42122149
42122180
42122197
42122241
42122275
42122289
42122682
42123428
42123540
42123596
42123682
42124065
42124676
42124710
42124719
42126237
42126452
42126736
42127174
42127223
42127565
42129213
42129945
42130458
42130630
42130715
42130808
42131752
42131760
42131763
42131790
42132378
42132406
42133001
42133791
42133861
42134380
42134431
42134576
42136312
42136492
42137821
42137822
42138075
42138196
42139305
42139343
42139809
42139940
42141297
42141486
42141821
42141926
42141961
42142536
42142763
42143442
42143483
42143537
42143960
42144589
42144879
42145053
42145873
42145876
42146149
42146874
42147199
42147808
42148077
42148112
42148707
42148930
42149212
42149294
42149316
42150143
42151414
42151639
42151683
42151869
42151892
42152107
42152226
42152379
42152515
42152635
42153722
42153725
42154095
42154346
42155176
42156577
42156627
42156731
42157238
42157432
42157833
42157950
42158170
42158566
42158772
42158818
42158823
42158926
42158939
42158948
42159488
42159893
42159911
42160039
42161226
42161467
42162412
42162598
42162651
42163664
42163668
42163672
42164464
42164498
42164521
42164992
42165835
42166078
42166475
42167228
42167397
42167648
42168209
42168394
42168436
42168437
42168657
42169093
42170360
42170564
42170814
42172567
42172796
42172901
42174019
42174134
42174189
42174236
42174376
42174621
42174777
42176304
42176363
42176913
42177147
42177207
42177594
42178126
42178345
42180087
42180101
42180129
42180331
42180346
42180528
42180674
42180742
42180858
42180909
42181228
42181255
42182350
42182373
42182450
42182459
42182468
42183222
42183985
42184031
42184448
42184887
42184920
42185528
42187555
42187600
42188004
42188316
42189411
42189415
42189896
42190315
42190431
42191676
42191816
42191897
42192326
42192376
42192771
42192798
42192843
42192912
42192935
42192936
42192946
42193012
42193017
42193104
42193173
42193264
42193330
42193341
42193434
42193441
42193877
42193885
42193910
42194968
42194997
42195211
42195328
42195335
42196284
42196398
42196473
42196631
42198443
42199419
42199657
42199889
42200036
42200191
42200192
42200193
42200352
42200661
42200830
42200915
42201601
42201613
42202050
42203219
42203314
42203322
42203893
42204265
42204417
42204570
42204619
42204625
42205701
42206447
42207247
42208140
42208269
42208279
42208641
42209665
42209729
42209815
42210179
42211392
42211393
42211395
42211396
42211462
42211491
42211494
42211518
42211592
42212314
42214146
42214731
42214785
42214941
42215822
42216563
42216859
42217049
42217076
42217519
42217708
42218164
42218291
42218293
42218313
42218339
42218471
42218807
42218829
42219321
42220009
42220157
42220436
42220491
42220611
42220901
42221980
42222273
42222374
42222403
42222434
42222436
42222437
42222882
42224230
42224736
42225018
42225519
42225668
42225991
42226306
42227364
42227487
42227511
42227838
42228429
42228575
42229231
42229821
42229825
42230518
42230717
42230926
42231963
42232340
42232344
42232420
42232440
42232447
42232603
42233233
42234559
42235066
42235302
42236120
42236872
42236943
42237038
42237082
42237784
42238186
42238233
42238672
42238831
42239081
42239082
42239501
42239655
42239656
42240773
42240779
42241974
42242868
42242944
42244697
42244707
42244777
42246119
42247073
42247092
42247190
42247692
42247812
42247949
42247953
42248236
42248642
42248649
42248696
42248737
42249233
42250251
42250342
42250656
42250949
42251046
42251229
42251613
42251874
42252006
42252325
42252341
42253931
42253953
42253972
42254589
42255216
42256082
42256555
42257777
42257792
42258702
42258967
42259004
42259355
42259773
42260484
42261079
42261252
42261359
42262588
42262679
42263464
42263837
42263962
42264131
42264388
42264401
42265333
42265433
42268288
42268347
42268434
42268435
42268666
42269283
42269611
42270414
42270868
42271032
42271271
42271454
42272125
42272313
42272958
42273096
42273826
42274584
42274613
42274693
42275218
42275231
42275821
42276053
42276218
42276258
42276409
42276782
42277245
42277880
42278221
42278342
42278448
42278490
42278549
42278615
42279301
42279324
42279391
42279407
42279432
42281574
42281807
42281979
42282555
42282576
42282778
42282910
42283176
42283227
42283422
42283810
42284289
42284765
42285304
42286002
42286227
42286740
42287329
42287578
42287891
42288065
42288706
42288839
42289203
42289224
42289266
42289318
42289542
42289764
42290287
42290671
42291135
42291749
42291750
42291798
42292683
42292701
42293117
42293764
42294267
42294315
42294421
42295376
42295620
42295990
42296128
42296327
42296961
42297114
42297231
42297713
42297863
42298055
42298219
42298554
42298586
42299101
42299458
42299805
42300319
42301422
42301527
42301814
42302064
42302201
42302450
42302750
42303104
42303761
42304500
42305219
42305279
42305288
42305353
42305480
42305501
42305505
42305519
42306402
42306550
42306651
42307140
42307424
42308765
42308923
42309254
42309321
42309591
42310297
42310335
42311797
42312194
42313202
42313930
42314466
42314852
42315000
42315580
42316258
42316281
42316494
42318604
42319605
42319645
42320046
42321303
42321379
42322094
42322259
42322827
42323525
42323802
42324288
42324391
42324551
42325209
42325249
42325606
42325608
42325742
42325766
42325836
42326614
42326849
42327021
42327299
42327581
42327915
42328155
42328759
42329889
42330349
42331202
42331627
42331898
42332133
42332229
42332740
42333305
42333331
42333554
42334248
42334679
42334687
42336026
42336197
42336206
42336286
42336529
42336875
42337052
42337173
42337877
42339128
42339996
42341486
42341589
42341618
42341896
42341989
42343346
42343442
42343548
42344806
42344842
42345355
42346100
42346106
42346107
42346114
42346115
42346126
42346137
42346204
42346205
42346627
42347034
42347035
42348019
42348294
42349576
42350396
42350552
42350583
42351126
42351156
42351183
42351667
42351742
42351913
42352055
42352372
42352400
42352407
42352417
42352423
42352433
42352457
42352481
42352518
42352550
42352587
42352644
42352948
42353175
42353632
42353769
42356181
42356545
42357271
42357358
42357386
42357446
42358219
42358823
42358854
42358950
42359694
42360045
42361107
42361919
42362096
42362508
42363243
42363490
42363998
42364223
42364650
42364742
42366284
42367998
42368220
42368382
42368454
42369563
42370153
42371743
42371791
42372112
42372374
42372585
42372590
42372746
42373228
42374253
42374432
42374477
42374654
42374745
42375374
42377714
42377764
42378058
42378823
42379164
42379438
42379463
42379506
42380101
42380110
42380177
42380942
42380984
42381326
42381416
42381706
42381737
42382743
42382820
42383157
42383442
42383528
42383800
42383853
42384255
42385117
42385392
42385468
42385639
42385796
42386098
42386144
42386964
42387117
42388098
42388327
42388505
42389535
42389573
42389808
42390647
42390764
42391447
42392324
42392327
42392345
42392408
42393728
42394646
42394691
42395421
42395515
42395866
42396006
42396282
42396385
42396457
42396601
42396649
42396877
42396901
42397615
42397736
42397741
42397830
42398006
42398118
42398851
42399223
42399440
42399482
42399631
42399654
42399813
42399932
42400785
42400909
42401075
42401334
42401550
42402493
42402595
42402902
42403175
42403540
42404231
42404449
42404464
42405025
42406074
42406140
42406201
42407228
42409124
42409256
42409725
42410166
42411410
42411488
42411553
42411583
42412124
42412234
42412261
42413331
42413543
42413643
42413926
42414742
42415096
42415204
42415640
42416515
42418010
42418435
42418561
42418678
42418736
42420257
42420626
42421155
42421178
42421689
42421802
42422123
42422367
42422637
42423808
42423823
42424325
42425072
42425190
42425316
42427649
42428515
42428516
42429148
42430385
42430444
42430806
42430870
42431136
42431280
42431333
42431516
42432293
42433345
42434741
42434808
42434963
42435074
42435601
42435767
42436508
42436841
42437405
42437767
42438267
42438288
42438720
42439036
42439066
42439337
42439431
42439626
42439657
42439684
42440190
42440296
42440602
42440815
42440827
42440848
42441280
42442585
42443154
42443495
42443596
42443662
42444806
42445241
42445632
42445651
42445897
42446117
42446136
42446209
42446904
42447444
42447568
42447794
42448650
42448885
42448956
42449033
42449127
42449447
42449613
42449630
42449693
42449710
42450048
42450275
42450323
42450334
42450356
42451649
42452534
42453173
42453174
42453177
42453179
42453304
42453580
42453629
42453670
42454783
42455481
42458724
42459260
42459835
42460031
42460646
42461375
42461409
42462712
42463073
42463443
42464188
42464264
42464675
42464945
42465010
42465236
42465312
42465419
42465541
42465775
42465896
42466093
42466117
42466213
42466899
42467361
42467626
42468794
42469210
42469412
42471533
42471757
42472853
42472879
42473332
42474078
42474148
42474259
42474859
42474944
42476328
42477209
42477425
42477719
42478111
42478398
42478506
42478551
42478584
42478633
42479151
42481885
42482062
42482350
42482373
42482667
42483741
42486263
42486280
42486970
42487136
42487678
42487901
42488132
42489791
42489814
42489833
42490816
42490945
42491004
42491242
42491797
42492027
42492522
42492866
42493295
42493681
42493686
42494422
42494994
42494997
42495464
42495963
42496313
42496705
42497658
42497947
42498227
42498833
42499529
42500392
42500623
42501092
42501205
42501589
42502247
42502369
42502435
42503046
42503352
42503372
42503464
42505349
42505361
42505992
42506076
42506372
42506560
42507234
42508056
42508669
42508773
42509750
42509771
42509790
42510507
42510725
42510862
42510900
42510929
42511496
42511570
42511857
42511875
42511941
42512100
42512292
42512343
42512354
42512483
42513426
42514162
42514858
42514980
42516129
42517225
42517495
42519316
42519336
42519392
42519864
42519880
42520347
42520553
42521139
42521280
42521807
42522261
42522301
42523098
42523298
42523362
42523492
42523542
42523549
42523610
42523669
42523684
42524337
42524459
42524498
42525786
42525789
42526700
42526822
42527900
42528109
42528818
42530074
42530690
42530702
42530725
42530745
42533788
42534262
42534387
42537831
42538484
42538542
42538571
42539028
42539254
42540549
42540689
42541776
42541869
42541929
42542110
42542166
42542230
42542667
42543482
42543814
42545507
42546852
42546950
42547659
42547688
42548479
42548581
42548670
42549384
42549406
42549589
42550005
42550422
42550675
42551190
42551192
42551615
42553012
42553060
42553390
42553467
42553785
42553881
42554513
42554584
42554799
42554859
42555055
42555202
42555753
42556067
42556340
42556653
42556671
42556751
42557676
42558850
42559070
42559305
42559402
42559477
42560436
42560602
42560948
42561124
42561559
42561643
42561868
42562066
42562067
42562888
42562965
42563203
42563400
42563947
42563959
42564003
42564319
42565151
42565415
42565844
42565942
42566373
42566443
42566596
42566787
42567034
42567523
42567711
42567974
42568006
42568372
42569309
42569466
42569793
42569830
42570242
42570368
42570632
42570798
42571018
42572170
42572279
42573205
42573440
42573587
42574227
42574765
42574781
42574874
42574909
42574937
42574962
42575313
42576414
42576525
42576556
42577251
42577360
42578428
42579188
42579797
42581062
42581203
42581490
42582211
42582317
42582421
42582699
42583501
42583540
42583583
42583742
42584541
42584675
42584754
42584947
42584956
42585180
42585241
42587220
42587294
42587732
42587762
42587825
42587836
42588121
42588491
42588621
42588632
42588679
42588736
42588748
42589248
42589344
42589431
42589514
42589545
42589629
42589697
42590030
42591085
42591434
42591534
42592170
42592302
42592647
42593427
42594813
42594945
42595109
42595830
42595853
42597267
42597355
42597823
42597862
42598429
42599218
42599648
42600071
42600432
42600493
42600926
42601389
42601776
42602331
42603108
42603295
42603608
42603623
42603632
42603639
42604142
42605072
42605409
42605490
42605539
42606053
42606069
42606070
42606146
42607280
42607342
42607618
42607817
42607912
42608284
42609318
42609548
42611562
42612261
42613493
42613601
42613643
42613891
42614515
42614980
42614981
42615477
42616000
42616369
42616478
42616964
42617028
42617573
42618642
42618998
42619051
42619539
42619679
42620083
42620219
42620371
42620550
42620561
42620629
42622712
42622898
42622966
42624300
42624453
42625588
42626705
42626999
42627504
42627589
42627825
42627894
42627929
42628131
42628399
42628610
42628660
42628769
42628855
42629349
42629723
42629741
42630077
42630425
42630581
42630691
42630718
42630738
42630800
42630823
42631590
42631825
42632452
42633158
42633170
42633447
42634324
42634542
42634750
42635581
42635629
42635853
42636771
42638114
42639298
42639360
42639384
42639510
42639665
42641364
42641423
42641730
42641793
42641883
42641911
42642387
42642633
42642648
42643261
42643577
42643603
42643907
42644927
42645232
42645633
42645638
42646367
42646386
42646567
42648276
42648577
42649182
42649357
42649548
42649887
42649909
42649915
42649932
42649933
42649969
42649974
42649976
42649980
42649995
42650039
42650248
42650269
42650745
42650759
42650824
42651676
42652085
42652122
42652138
42652153
42652167
42652251
42652596
42653114
42653244
42653393
42653450
42653658
42653743
42654080
42654274
42655648
42656144
42656145
42656225
